<?xml version="1.0" encoding="utf-8"?>
<COLLADA xmlns="http://www.collada.org/2005/11/COLLADASchema" version="1.4.1" xmlns:xsi="http://www.w3.org/2001/XMLSchema-instance">
  <asset>
    <contributor>
      <author>Blender User</author>
      <authoring_tool>Blender 4.2.18 LTS commit date:2026-02-16, commit time:13:37, hash:d71e3422e438</authoring_tool>
    </contributor>
    <created>2026-04-03T18:41:27</created>
    <modified>2026-04-03T18:41:27</modified>
    <unit name="meter" meter="1"/>
    <up_axis>Z_UP</up_axis>
  </asset>
  <library_effects>
    <effect id="Llanta_mat_001-effect">
      <profile_COMMON>
        <technique sid="common">
          <lambert>
            <emission>
              <color sid="emission">0 0 0 1</color>
            </emission>
            <diffuse>
              <color sid="diffuse">0.09190308 0.09190308 0.09190308 1</color>
            </diffuse>
            <index_of_refraction>
              <float sid="ior">1.5</float>
            </index_of_refraction>
          </lambert>
        </technique>
      </profile_COMMON>
    </effect>
    <effect id="Rueda_mat-effect">
      <profile_COMMON>
        <technique sid="common">
          <lambert>
            <emission>
              <color sid="emission">0 0 0 1</color>
            </emission>
            <diffuse>
              <color sid="diffuse">0.00303525 0.003035272 0.003035271 1</color>
            </diffuse>
            <index_of_refraction>
              <float sid="ior">1.5</float>
            </index_of_refraction>
          </lambert>
        </technique>
      </profile_COMMON>
    </effect>
    <effect id="Llanta_Mat-effect">
      <profile_COMMON>
        <technique sid="common">
          <lambert>
            <emission>
              <color sid="emission">0 0 0 1</color>
            </emission>
            <diffuse>
              <color sid="diffuse">0.09190308 0.09190308 0.09190308 1</color>
            </diffuse>
            <index_of_refraction>
              <float sid="ior">1.5</float>
            </index_of_refraction>
          </lambert>
        </technique>
      </profile_COMMON>
    </effect>
  </library_effects>
  <library_images/>
  <library_materials>
    <material id="Llanta_mat_001-material" name="Llanta_mat.001">
      <instance_effect url="#Llanta_mat_001-effect"/>
    </material>
    <material id="Rueda_mat-material" name="Rueda_mat">
      <instance_effect url="#Rueda_mat-effect"/>
    </material>
    <material id="Llanta_Mat-material" name="Llanta_Mat">
      <instance_effect url="#Llanta_Mat-effect"/>
    </material>
  </library_materials>
  <library_geometries>
    <geometry id="Circle_002-mesh" name="Circle.002">
      <mesh>
        <source id="Circle_002-mesh-positions">
          <float_array id="Circle_002-mesh-positions-array" count="3228">0.1304261 0.2873789 -2.9824e-5 0.1304261 0.2818409 -0.05625671 0.1304261 0.2654402 -0.1103228 0.1304261 0.2388067 -0.1601505 0.1304261 0.2029641 -0.2038248 0.1304261 0.1592898 -0.2396674 0.1304261 0.1094622 -0.2663008 0.1304261 0.05539608 -0.2827016 0.1304261 -8.30801e-4 -0.2882395 0.1304261 -0.05705767 -0.2827016 0.1304261 -0.1111239 -0.2663008 0.1304261 -0.1609515 -0.2396674 0.1304261 -0.2046258 -0.2038248 0.1304261 -0.2404683 -0.1601505 0.1304261 -0.2671018 -0.1103228 0.1304261 -0.2835026 -0.05625671 0.1304261 -0.2890405 -2.9824e-5 0.1304261 -0.2835026 0.05619704 0.1304261 -0.2671018 0.1102632 0.1304261 -0.2404683 0.1600909 0.1304261 -0.2046258 0.2037652 0.1304261 -0.1609515 0.2396077 0.1304261 -0.1111239 0.2662412 0.1304261 -0.05705767 0.282642 0.1304261 -8.30801e-4 0.2881798 0.1304261 0.05539608 0.282642 0.1304261 0.1094622 0.2662412 0.1304261 0.1592898 0.2396077 0.1304261 0.2029641 0.2037652 0.1304261 0.2388067 0.1600909 0.1304261 0.2654402 0.1102632 0.1304261 0.2818409 0.05619704 0.1068199 0.2328205 0.04644626 0.1068199 0.2192639 0.09113639 0.1068199 0.1972491 0.132323 0.1068199 0.1676223 0.1684234 0.1068199 0.131522 0.1980502 0.1068199 0.09033536 0.2200648 0.1068199 0.04564529 0.2336214 0.1068199 -8.30801e-4 0.2381989 0.1068199 -0.04730689 0.2336214 0.1068199 -0.09199702 0.2200648 0.1068199 -0.1331836 0.1980502 0.1068199 -0.1692839 0.1684234 0.1068199 -0.1989108 0.132323 0.1068199 -0.2209255 0.09113639 0.1068199 -0.2344821 0.04644626 0.1068199 -0.2390596 -2.98222e-5 0.1068199 -0.2344821 -0.04650592 0.1068199 -0.2209255 -0.091196 0.1068199 -0.1989108 -0.1323826 0.1068199 -0.1692839 -0.168483 0.1068199 -0.1331836 -0.1981098 0.1068199 -0.09199702 -0.2201245 0.1068199 -0.04730689 -0.2336811 0.1068199 -8.30801e-4 -0.2382586 0.1068199 0.04564529 -0.2336811 0.1068199 0.09033536 -0.2201245 0.1068199 0.131522 -0.1981098 0.1068199 0.1676223 -0.168483 0.1068199 0.1972491 -0.1323826 0.1068199 0.2192639 -0.091196 0.1068199 0.237398 -2.98222e-5 0.1068199 0.2328205 -0.04650592 0.1024381 0.2328205 -0.04650592 0.1024381 0.237398 -2.98219e-5 0.1024381 0.2192639 -0.091196 0.1024381 0.1972491 -0.1323826 0.1024381 0.1676223 -0.168483 0.1024381 0.131522 -0.1981098 0.1024381 0.09033536 -0.2201245 0.1024381 0.04564529 -0.2336811 0.1024381 -8.30801e-4 -0.2382586 0.1024381 -0.04730689 -0.2336811 0.1024381 -0.09199702 -0.2201245 0.1024381 -0.1331836 -0.1981098 0.1024381 -0.1692839 -0.168483 0.1024381 -0.1989108 -0.1323826 0.1024381 -0.2209255 -0.091196 0.1024381 -0.2344821 -0.04650592 0.1024381 -0.2390596 -2.98219e-5 0.1024381 -0.2344821 0.04644626 0.1024381 -0.2209255 0.09113639 0.1024381 -0.1989108 0.132323 0.1024381 -0.1692839 0.1684234 0.1024381 -0.1331836 0.1980502 0.1024381 -0.09199702 0.2200648 0.1024381 -0.04730689 0.2336214 0.1024381 -8.30801e-4 0.2381989 0.1024381 0.04564529 0.2336214 0.1024381 0.09033536 0.2200648 0.1024381 0.131522 0.1980502 0.1024381 0.1676223 0.1684234 0.1024381 0.1972491 0.132323 0.1024381 0.2192639 0.09113639 0.1024381 0.2328205 0.04644626 0.1304261 0.2565044 -0.05121695 0.1054332 0.2328205 -0.04650592 0.1054332 0.237398 -2.98221e-5 0.1304261 0.2615458 -2.9824e-5 0.1304261 0.2415736 -0.100437 0.1054332 0.2192639 -0.091196 0.1304261 0.2173274 -0.1457985 0.1054332 0.1972491 -0.1323826 0.1304261 0.1846975 -0.1855581 0.1054332 0.1676223 -0.168483 0.1304261 0.1449378 -0.218188 0.1054332 0.131522 -0.1981098 0.1304261 0.09957641 -0.2424342 0.1054332 0.09033536 -0.2201245 0.1304261 0.05035632 -0.257365 0.1054332 0.04564529 -0.2336811 0.1304261 -8.30801e-4 -0.2624065 0.1054332 -8.30801e-4 -0.2382586 0.1304261 -0.05201792 -0.257365 0.1054332 -0.04730689 -0.2336811 0.1304261 -0.101238 -0.2424342 0.1054332 -0.09199702 -0.2201245 0.1304261 -0.1465995 -0.218188 0.1054332 -0.1331836 -0.1981098 0.1304261 -0.1863591 -0.1855581 0.1054332 -0.1692839 -0.168483 0.1304261 -0.218989 -0.1457985 0.1054332 -0.1989108 -0.1323826 0.1304261 -0.2432352 -0.100437 0.1054332 -0.2209255 -0.091196 0.1304261 -0.258166 -0.05121695 0.1054332 -0.2344821 -0.04650592 0.1304261 -0.2632075 -2.9824e-5 0.1054332 -0.2390596 -2.98221e-5 0.1304261 -0.258166 0.05115729 0.1054332 -0.2344821 0.04644626 0.1304261 -0.2432352 0.1003774 0.1054332 -0.2209255 0.09113639 0.1304261 -0.218989 0.1457388 0.1054332 -0.1989108 0.132323 0.1304261 -0.1863591 0.1854985 0.1054332 -0.1692839 0.1684234 0.1304261 -0.1465995 0.2181284 0.1054332 -0.1331836 0.1980502 0.1304261 -0.101238 0.2423746 0.1054332 -0.09199702 0.2200648 0.1304261 -0.05201792 0.2573054 0.1054332 -0.04730689 0.2336214 0.1304261 -8.30801e-4 0.2623469 0.1054332 -8.30801e-4 0.2381989 0.1304261 0.05035632 0.2573054 0.1054332 0.04564529 0.2336214 0.1304261 0.09957641 0.2423746 0.1054332 0.09033536 0.2200648 0.1304261 0.1449378 0.2181284 0.1054332 0.131522 0.1980502 0.1304261 0.1846975 0.1854985 0.1054332 0.1676223 0.1684234 0.1304261 0.2173274 0.1457388 0.1054332 0.1972491 0.132323 0.1304261 0.2415736 0.1003774 0.1054332 0.2192639 0.09113639 0.1304261 0.2565044 0.05115729 0.1054332 0.2328205 0.04644626 0.1304261 -0.06651461 0.2320178 0.1304261 -0.084342 0.2262253 0.1304261 -0.01306134 0.06750559 0.1304261 -0.03088873 0.06171309 0.08902496 0.01462781 0.005850315 0.08902496 -0.08035361 0.2981733 0.08902496 -0.1120312 0.2878806 0.08902496 -0.01704972 -0.004442334 0.1304261 0.01462781 0.005850315 0.1304261 -0.08035361 0.2981733 0.1304261 -0.1120312 0.2878806 0.1304261 -0.01704972 -0.004442334 0.1229668 -0.01306134 0.06750559 0.1229668 -0.06651461 0.2320178 0.1229668 -0.084342 0.2262253 0.1229668 -0.03088873 0.06171309 0.1304261 0.1986553 0.1333512 0.1304261 0.1876373 0.1485161 0.1304261 0.05871278 0.03167706 0.1304261 0.04769486 0.04684197 0.08902496 0.008631587 -0.01370942 0.08902496 0.2572963 0.166956 0.08902496 0.2377185 0.1939026 0.08902496 -0.01094621 0.01323711 0.1304261 0.008631587 -0.01370942 0.1304261 0.2572963 0.166956 0.1304261 0.2377185 0.1939026 0.1304261 -0.01094621 0.01323711 0.1229668 0.05871278 0.03167706 0.1229668 0.1986553 0.1333512 0.1229668 0.1876373 0.1485161 0.1229668 0.04769486 0.04684197 0.1304261 0.186222 -0.1506003 0.1304261 0.1972399 -0.1354355 0.1304261 0.04627966 -0.04892617 0.1304261 0.05729758 -0.03376132 0.08902496 -0.01236134 -0.01532131 0.08902496 0.2363032 -0.1959869 0.08902496 0.2558811 -0.1690403 0.08902496 0.007216453 0.01162523 0.1304261 -0.01236134 -0.01532131 0.1304261 0.2363032 -0.1959869 0.1304261 0.2558811 -0.1690403 0.1304261 0.007216453 0.01162523 0.1229668 0.04627966 -0.04892617 0.1229668 0.186222 -0.1506003 0.1229668 0.1972399 -0.1354355 0.1229668 0.05729758 -0.03376132 0.1304261 -0.08423531 -0.2257254 0.1304261 -0.06640791 -0.2315179 0.1304261 -0.03078192 -0.06121325 0.1304261 -0.01295453 -0.06700569 0.08902496 -0.01694291 0.004942178 0.08902496 -0.1119245 -0.2873806 0.08902496 -0.08024692 -0.2976734 0.08902496 0.01473468 -0.00535047 0.1304261 -0.01694291 0.004942178 0.1304261 -0.1119245 -0.2873806 0.1304261 -0.08024692 -0.2976734 0.1304261 0.01473468 -0.00535047 0.1229668 -0.03078192 -0.06121325 0.1229668 -0.08423531 -0.2257254 0.1229668 -0.06640791 -0.2315179 0.1229668 -0.01295453 -0.06700569 0.1304261 -0.2417479 0.009342551 0.1304261 -0.2417479 -0.009402215 0.1304261 -0.06876957 0.009342551 0.1304261 -0.06876957 -0.009402215 0.08902496 -0.001575469 0.01662409 0.08902496 -0.308942 0.01662409 0.08902496 -0.308942 -0.01668369 0.08902496 -0.001575469 -0.01668369 0.1304261 -0.001575469 0.01662409 0.1304261 -0.308942 0.01662409 0.1304261 -0.308942 -0.01668369 0.1304261 -0.001575469 -0.01668369 0.1229668 -0.06876957 0.009342551 0.1229668 -0.2417479 0.009342551 0.1229668 -0.2417479 -0.009402215 0.1229668 -0.06876957 -0.009402215 0.1304118 -0.04732668 -2.98089e-5 0.0911628 -0.04732668 -2.98059e-5 0.1304118 -0.01519882 -0.04425001 0.0911628 -0.01519882 -0.04425001 0.1304118 0.03678512 -0.02735942 0.0911628 0.03678512 -0.02735942 0.1304118 0.03678512 0.02729976 0.0911628 0.03678512 0.02729976 0.1304118 -0.01519876 0.0441904 0.0911628 -0.01519876 0.0441904 5.38009e-4 -1.84389e-4 -0.3750298 0.07553797 -1.84389e-4 -0.3649817 0.1304417 -1.84389e-4 -0.3375298 0.1505379 -1.84389e-4 -0.3000298 0.1304417 -1.84389e-4 -0.2625298 0.07553797 -1.84389e-4 -0.2350779 5.37994e-4 -1.84389e-4 -0.2250298 -0.07446193 -1.84389e-4 -0.2350779 -0.1293658 -1.84389e-4 -0.2625298 -0.1494619 -1.84389e-4 -0.3000298 -0.1293658 -1.84389e-4 -0.3375298 -0.07446193 -1.84389e-4 -0.3649817 5.38009e-4 0.04876291 -0.3718217 0.07553797 0.04745137 -0.3618595 0.1304417 0.04386818 -0.3346424 0.1505379 0.03897345 -0.2974632 0.1304417 0.03407871 -0.2602841 0.07553797 0.03049552 -0.233067 5.37994e-4 0.02918398 -0.2231049 -0.07446193 0.03049552 -0.233067 -0.1293658 0.03407871 -0.2602841 -0.1494619 0.03897345 -0.2974633 -0.1293658 0.04386818 -0.3346425 -0.07446193 0.04745137 -0.3618595 5.38001e-4 0.09687268 -0.362252 0.07553797 0.09427207 -0.3525463 0.1304417 0.08716702 -0.3260297 0.1505379 0.0774613 -0.2898075 0.1304417 0.06775557 -0.2535853 0.07553797 0.06065046 -0.2270688 5.37994e-4 0.05804985 -0.2173631 -0.07446193 0.06065046 -0.2270688 -0.1293658 0.06775557 -0.2535853 -0.1494619 0.0774613 -0.2898076 -0.1293658 0.08716702 -0.3260298 -0.07446193 0.09427207 -0.3525463 5.38002e-4 0.1433218 -0.3464847 0.07553797 0.1394766 -0.3372014 0.1304417 0.1289712 -0.3118391 0.1505379 0.1146206 -0.2771937 0.1304417 0.10027 -0.2425482 0.07553797 0.08976459 -0.2171859 5.37995e-4 0.08591932 -0.2079027 -0.07446193 0.08976459 -0.2171859 -0.1293658 0.10027 -0.2425482 -0.1494619 0.1146206 -0.2771937 -0.1293658 0.1289712 -0.3118392 -0.07446193 0.1394766 -0.3372014 5.38004e-4 0.1873156 -0.3247893 0.07553797 0.1822916 -0.3160874 0.1304417 0.1685656 -0.2923133 0.1505379 0.1498156 -0.2598374 0.1304417 0.1310656 -0.2273614 0.07553797 0.1173397 -0.2035874 5.37987e-4 0.1123156 -0.1948855 -0.07446193 0.1173397 -0.2035874 -0.1293658 0.1310656 -0.2273615 -0.1494619 0.1498156 -0.2598374 -0.1293658 0.1685656 -0.2923134 -0.07446193 0.1822916 -0.3160874 5.37997e-4 0.2281011 -0.2975373 0.07553797 0.2219842 -0.2895656 0.1304417 0.2052725 -0.2677866 0.1505379 0.182444 -0.2380358 0.1304417 0.1596154 -0.208285 0.07553791 0.1429038 -0.186506 5.37988e-4 0.1367869 -0.1785343 -0.07446199 0.1429038 -0.186506 -0.1293658 0.1596154 -0.208285 -0.1494619 0.182444 -0.2380358 -0.1293658 0.2052725 -0.2677866 -0.07446193 0.2219842 -0.2895656 5.37999e-4 0.2649807 -0.2651948 0.07553797 0.2578756 -0.2580897 0.1304417 0.2384641 -0.2386783 0.1505379 0.2119476 -0.2121618 0.1304417 0.1854311 -0.1856453 0.07553791 0.1660197 -0.1662338 5.3799e-4 0.1589146 -0.1591288 -0.07446199 0.1660197 -0.1662339 -0.1293658 0.1854311 -0.1856453 -0.1494619 0.2119476 -0.2121618 -0.1293658 0.2384641 -0.2386783 -0.07446193 0.2578756 -0.2580897 5.37993e-4 0.2973231 -0.2283154 0.07553797 0.2893514 -0.2221984 0.1304417 0.2675723 -0.2054868 0.1505379 0.2378215 -0.1826582 0.1304417 0.2080708 -0.1598297 0.07553797 0.1862917 -0.143118 5.37982e-4 0.1783201 -0.1370011 -0.07446199 0.1862917 -0.143118 -0.1293658 0.2080708 -0.1598297 -0.1494619 0.2378215 -0.1826583 -0.1293658 0.2675723 -0.2054868 -0.07446193 0.2893514 -0.2221985 5.37987e-4 0.3245751 -0.1875298 0.07553791 0.3158732 -0.1825057 0.1304417 0.2920992 -0.1687797 0.1505379 0.2596232 -0.1500297 0.1304417 0.2271472 -0.1312798 0.07553791 0.2033732 -0.1175538 5.37984e-4 0.1946713 -0.1125298 -0.07446199 0.2033732 -0.1175538 -0.1293658 0.2271472 -0.1312798 -0.1494619 0.2596232 -0.1500298 -0.1293658 0.2920992 -0.1687797 -0.07446199 0.3158732 -0.1825057 5.37991e-4 0.3462704 -0.1435362 0.07553791 0.3369871 -0.1396909 0.1304417 0.3116249 -0.1291855 0.1505379 0.2769795 -0.1148349 0.1304417 0.2423339 -0.1004843 0.07553791 0.2169716 -0.08997887 5.37986e-4 0.2076885 -0.08613359 -0.07446199 0.2169716 -0.08997887 -0.1293658 0.2423339 -0.1004843 -0.1494619 0.2769795 -0.1148349 -0.1293658 0.3116249 -0.1291855 -0.07446199 0.3369871 -0.1396909 5.37985e-4 0.3620378 -0.09708696 0.07553791 0.3523321 -0.09448629 0.1304417 0.3258156 -0.08738124 0.1505379 0.2895933 -0.07767552 0.1304417 0.2533711 -0.06796979 0.07553791 0.2268546 -0.06086468 5.37979e-4 0.2171489 -0.05826407 -0.07446199 0.2268546 -0.06086474 -0.1293658 0.2533711 -0.06796979 -0.1494619 0.2895933 -0.07767552 -0.1293658 0.3258156 -0.08738124 -0.07446199 0.3523321 -0.09448629 5.3798e-4 0.3716074 -0.04897701 0.07553791 0.3616453 -0.04766547 0.1304417 0.3344283 -0.04408228 0.1505379 0.2972491 -0.03918761 0.1304417 0.2600699 -0.03429287 0.07553791 0.2328528 -0.03070968 5.37982e-4 0.2228907 -0.02939814 -0.07446199 0.2328528 -0.03070968 -0.1293658 0.2600699 -0.03429287 -0.1494619 0.2972491 -0.03918761 -0.1293658 0.3344283 -0.04408234 -0.07446199 0.3616453 -0.04766553 5.37975e-4 0.3748156 -2.98425e-5 0.07553791 0.3647675 -2.98365e-5 0.1304417 0.3373156 -2.98306e-5 0.1505379 0.2998156 -2.98264e-5 0.1304417 0.2623156 -2.9825e-5 0.07553791 0.2348636 -2.98267e-5 5.37975e-4 0.2248156 -2.98312e-5 -0.07446199 0.2348636 -2.98372e-5 -0.1293658 0.2623156 -2.98431e-5 -0.1494619 0.2998156 -2.98473e-5 -0.1293658 0.3373156 -2.98487e-5 -0.07446199 0.3647675 -2.9847e-5 5.3797e-4 0.3716074 0.04891753 0.07553791 0.3616453 0.04760599 0.1304417 0.3344282 0.04402279 0.1505379 0.297249 0.03912806 0.1304417 0.2600699 0.03423333 0.07553791 0.2328528 0.03065013 5.37968e-4 0.2228907 0.02933859 -0.07446199 0.2328528 0.03065013 -0.1293658 0.2600699 0.03423333 -0.1494619 0.297249 0.03912806 -0.1293658 0.3344282 0.04402279 -0.07446199 0.3616453 0.04760599 5.37964e-4 0.3620378 0.09702724 0.07553791 0.3523321 0.09442663 0.1304417 0.3258156 0.08732157 0.1505379 0.2895933 0.07761585 0.1304417 0.2533711 0.06791013 0.07553791 0.2268546 0.06080508 5.3797e-4 0.2171489 0.05820441 -0.07446199 0.2268546 0.06080502 -0.1293658 0.2533711 0.06791013 -0.149462 0.2895933 0.07761585 -0.1293658 0.3258156 0.08732151 -0.07446199 0.3523321 0.09442663 5.37959e-4 0.3462705 0.1434765 0.07553791 0.3369871 0.1396312 0.1304417 0.311625 0.1291258 0.1505379 0.2769795 0.1147753 0.1304417 0.242334 0.1004246 0.07553791 0.2169717 0.0899192 5.37964e-4 0.2076885 0.08607393 -0.07446199 0.2169717 0.0899192 -0.1293658 0.242334 0.1004246 -0.1494619 0.2769795 0.1147752 -0.1293658 0.311625 0.1291258 -0.07446199 0.3369871 0.1396312 5.37962e-4 0.3245751 0.1874701 0.07553791 0.3158733 0.1824461 0.1304417 0.2920992 0.1687201 0.1505379 0.2596232 0.1499701 0.1304417 0.2271473 0.1312201 0.07553791 0.2033732 0.1174942 5.37965e-4 0.1946713 0.1124701 -0.07446199 0.2033732 0.1174942 -0.1293658 0.2271473 0.1312201 -0.1494619 0.2596232 0.1499701 -0.1293658 0.2920992 0.1687201 -0.07446199 0.3158733 0.1824461 5.37956e-4 0.2973231 0.2282557 0.07553791 0.2893514 0.2221388 0.1304417 0.2675724 0.2054271 0.1505379 0.2378216 0.1825986 0.1304417 0.2080708 0.15977 0.07553791 0.1862918 0.1430584 5.37967e-4 0.1783201 0.1369415 -0.07446199 0.1862918 0.1430584 -0.1293658 0.2080708 0.15977 -0.149462 0.2378216 0.1825986 -0.1293658 0.2675724 0.2054271 -0.07446199 0.2893514 0.2221388 5.3795e-4 0.2649806 0.2651353 0.07553791 0.2578755 0.2580302 0.1304417 0.2384641 0.2386188 0.1505379 0.2119476 0.2121022 0.1304417 0.1854311 0.1855857 0.07553791 0.1660196 0.1661743 5.3796e-4 0.1589146 0.1590692 -0.07446199 0.1660196 0.1661743 -0.1293658 0.1854311 0.1855857 -0.149462 0.2119476 0.2121022 -0.1293658 0.2384641 0.2386187 -0.07446199 0.2578755 0.2580302 5.37953e-4 0.2281011 0.2974777 0.07553791 0.2219842 0.289506 0.1304417 0.2052726 0.267727 0.1505379 0.182444 0.2379761 0.1304417 0.1596155 0.2082254 0.07553791 0.1429038 0.1864464 5.37961e-4 0.1367869 0.1784747 -0.07446199 0.1429038 0.1864463 -0.1293658 0.1596155 0.2082254 -0.149462 0.182444 0.2379761 -0.1293658 0.2052726 0.2677269 -0.07446199 0.2219842 0.289506 5.37946e-4 0.1873157 0.3247296 0.07553791 0.1822916 0.3160277 0.1304417 0.1685656 0.2922537 0.1505379 0.1498156 0.2597778 0.1304417 0.1310656 0.2273018 0.07553791 0.1173397 0.2035278 5.37963e-4 0.1123157 0.1948258 -0.07446199 0.1173397 0.2035278 -0.1293658 0.1310656 0.2273018 -0.149462 0.1498156 0.2597777 -0.1293658 0.1685656 0.2922537 -0.07446199 0.1822916 0.3160277 5.37947e-4 0.1433219 0.346425 0.07553791 0.1394767 0.3371418 0.1304417 0.1289713 0.3117796 0.1505379 0.1146206 0.2771341 0.1304417 0.10027 0.2424885 0.07553791 0.08976459 0.2171263 5.37955e-4 0.08591938 0.207843 -0.07446199 0.08976459 0.2171263 -0.1293658 0.10027 0.2424885 -0.149462 0.1146206 0.277134 -0.1293658 0.1289713 0.3117795 -0.07446199 0.1394767 0.3371418 5.37949e-4 0.09687268 0.3621924 0.07553791 0.09427207 0.3524867 0.1304417 0.08716696 0.3259702 0.1505379 0.0774613 0.289748 0.1304417 0.06775557 0.2535257 0.07553791 0.06065046 0.2270092 5.37956e-4 0.05804985 0.2173035 -0.07446199 0.06065046 0.2270092 -0.1293658 0.06775557 0.2535257 -0.149462 0.0774613 0.2897479 -0.1293658 0.08716696 0.3259701 -0.07446199 0.09427207 0.3524867 5.3794e-4 0.04876297 0.3717619 0.07553791 0.04745143 0.3617998 0.1304417 0.04386824 0.3345828 0.1505379 0.03897351 0.2974036 0.1304417 0.03407877 0.2602245 0.07553791 0.03049552 0.2330074 5.37956e-4 0.02918398 0.2230452 -0.07446199 0.03049552 0.2330074 -0.1293658 0.03407877 0.2602245 -0.149462 0.03897351 0.2974036 -0.1293658 0.04386824 0.3345828 -0.07446199 0.04745143 0.3617998 5.37941e-4 -1.84356e-4 0.3749701 0.07553791 -1.84357e-4 0.3649221 0.1304417 -1.84359e-4 0.3374702 0.1505379 -1.84362e-4 0.2999702 0.1304417 -1.84366e-4 0.2624702 0.07553791 -1.84368e-4 0.2350183 5.37956e-4 -1.84369e-4 0.2249702 -0.07446199 -1.84368e-4 0.2350182 -0.1293658 -1.84366e-4 0.2624702 -0.149462 -1.84362e-4 0.2999702 -0.1293658 -1.84359e-4 0.3374701 -0.07446199 -1.84357e-4 0.3649221 5.3794e-4 -0.04913175 0.3717619 0.07553791 -0.04782021 0.3617998 0.1304417 -0.04423701 0.3345828 0.1505379 -0.03934228 0.2974036 0.1304417 -0.03444755 0.2602245 0.07553791 -0.03086429 0.2330074 5.37956e-4 -0.02955275 0.2230452 -0.07446199 -0.03086429 0.2330074 -0.1293658 -0.03444755 0.2602245 -0.149462 -0.03934228 0.2974036 -0.1293658 -0.04423701 0.3345828 -0.07446199 -0.04782021 0.3617998 5.37949e-4 -0.09724146 0.3621924 0.07553791 -0.09464085 0.3524867 0.1304417 -0.08753573 0.3259702 0.1505379 -0.07783007 0.289748 0.1304417 -0.06812435 0.2535257 0.07553791 -0.06101924 0.2270092 5.37956e-4 -0.05841863 0.2173035 -0.07446199 -0.06101924 0.2270092 -0.1293658 -0.06812435 0.2535257 -0.149462 -0.07783007 0.2897479 -0.1293658 -0.08753573 0.3259701 -0.07446199 -0.09464085 0.3524867 5.37947e-4 -0.1436905 0.3464251 0.07553791 -0.1398453 0.3371418 0.1304417 -0.1293399 0.3117796 0.1505379 -0.1149893 0.2771341 0.1304417 -0.1006386 0.2424886 0.07553791 -0.0901333 0.2171263 5.37955e-4 -0.08628803 0.2078431 -0.07446199 -0.0901333 0.2171263 -0.1293658 -0.1006386 0.2424886 -0.149462 -0.1149893 0.2771341 -0.1293658 -0.1293399 0.3117796 -0.07446199 -0.1398453 0.3371418 5.37946e-4 -0.1876843 0.3247298 0.07553791 -0.1826602 0.3160278 0.1304417 -0.1689343 0.2922538 0.1505379 -0.1501843 0.2597779 0.1304417 -0.1314343 0.2273018 0.07553791 -0.1177083 0.2035278 5.37963e-4 -0.1126843 0.1948259 -0.07446199 -0.1177083 0.2035278 -0.1293658 -0.1314343 0.2273018 -0.149462 -0.1501843 0.2597778 -0.1293658 -0.1689343 0.2922537 -0.07446199 -0.1826602 0.3160278 5.37953e-4 -0.2284699 0.2974777 0.07553791 -0.222353 0.289506 0.1304417 -0.2056413 0.267727 0.1505379 -0.1828128 0.2379761 0.1304417 -0.1599842 0.2082254 0.07553791 -0.1432726 0.1864464 5.37961e-4 -0.1371557 0.1784747 -0.07446199 -0.1432726 0.1864463 -0.1293658 -0.1599842 0.2082254 -0.149462 -0.1828128 0.2379761 -0.1293658 -0.2056413 0.2677269 -0.07446199 -0.222353 0.289506 5.3795e-4 -0.2653493 0.2651353 0.07553791 -0.2582443 0.2580302 0.1304417 -0.2388328 0.2386188 0.1505379 -0.2123163 0.2121022 0.1304417 -0.1857998 0.1855857 0.07553791 -0.1663884 0.1661743 5.3796e-4 -0.1592833 0.1590692 -0.07446199 -0.1663884 0.1661743 -0.1293658 -0.1857998 0.1855857 -0.149462 -0.2123163 0.2121022 -0.1293658 -0.2388328 0.2386187 -0.07446199 -0.2582443 0.2580302 5.37956e-4 -0.2976918 0.2282558 0.07553791 -0.2897201 0.222139 0.1304417 -0.267941 0.2054273 0.1505379 -0.2381902 0.1825987 0.1304417 -0.2084395 0.1597701 0.07553791 -0.1866605 0.1430585 5.37967e-4 -0.1786888 0.1369416 -0.07446199 -0.1866605 0.1430585 -0.1293658 -0.2084395 0.1597701 -0.149462 -0.2381902 0.1825987 -0.1293658 -0.267941 0.2054273 -0.07446199 -0.2897201 0.222139 5.37962e-4 -0.324944 0.1874701 0.07553791 -0.316242 0.1824461 0.1304417 -0.292468 0.1687201 0.1505379 -0.259992 0.1499701 0.1304417 -0.2275161 0.1312201 0.07553791 -0.203742 0.1174942 5.37965e-4 -0.1950401 0.1124701 -0.07446199 -0.203742 0.1174942 -0.1293658 -0.2275161 0.1312201 -0.1494619 -0.259992 0.1499701 -0.1293658 -0.292468 0.1687201 -0.07446199 -0.316242 0.1824461 5.37959e-4 -0.3466392 0.1434765 0.07553791 -0.337356 0.1396312 0.1304417 -0.3119937 0.1291258 0.1505379 -0.2773482 0.1147753 0.1304417 -0.2427027 0.1004246 0.07553791 -0.2173405 0.0899192 5.37964e-4 -0.2080572 0.08607393 -0.07446199 -0.2173405 0.0899192 -0.1293658 -0.2427027 0.1004246 -0.1494619 -0.2773482 0.1147752 -0.1293658 -0.3119937 0.1291258 -0.07446199 -0.337356 0.1396312 5.37964e-4 -0.3624066 0.09702742 0.07553791 -0.3527008 0.09442681 0.1304417 -0.3261843 0.08732169 0.1505379 -0.2899621 0.07761597 0.1304417 -0.2537399 0.06791025 0.07553791 -0.2272233 0.06080514 5.3797e-4 -0.2175177 0.05820453 -0.07446199 -0.2272233 0.06080514 -0.1293658 -0.2537399 0.06791025 -0.149462 -0.2899621 0.07761597 -0.1293658 -0.3261843 0.08732169 -0.07446199 -0.3527008 0.09442681 5.3797e-4 -0.3719761 0.04891771 0.07553791 -0.3620141 0.04760617 0.1304417 -0.334797 0.04402297 0.1505379 -0.2976178 0.03912818 0.1304417 -0.2604386 0.03423345 0.07553791 -0.2332215 0.03065025 5.37968e-4 -0.2232595 0.02933871 -0.07446199 -0.2332215 0.03065025 -0.1293658 -0.2604386 0.03423345 -0.1494619 -0.2976178 0.03912818 -0.1293658 -0.334797 0.04402297 -0.07446199 -0.3620141 0.04760617 5.37975e-4 -0.3751844 -2.98425e-5 0.07553791 -0.3651363 -2.98365e-5 0.1304417 -0.3376844 -2.98306e-5 0.1505379 -0.3001844 -2.98264e-5 0.1304417 -0.2626844 -2.9825e-5 0.07553791 -0.2352324 -2.98267e-5 5.37975e-4 -0.2251844 -2.98312e-5 -0.07446199 -0.2352324 -2.98372e-5 -0.1293658 -0.2626844 -2.98431e-5 -0.1494619 -0.3001844 -2.98473e-5 -0.1293658 -0.3376844 -2.98487e-5 -0.07446199 -0.3651363 -2.9847e-5 5.3798e-4 -0.3719762 -0.04897701 0.07553791 -0.3620141 -0.04766547 0.1304417 -0.334797 -0.04408228 0.1505379 -0.2976179 -0.03918761 0.1304417 -0.2604387 -0.03429287 0.07553791 -0.2332216 -0.03070968 5.37982e-4 -0.2232595 -0.02939814 -0.07446199 -0.2332216 -0.03070968 -0.1293658 -0.2604387 -0.03429287 -0.1494619 -0.2976179 -0.03918761 -0.1293658 -0.334797 -0.04408234 -0.07446199 -0.3620141 -0.04766553 5.37985e-4 -0.3624066 -0.09708678 0.07553791 -0.3527009 -0.09448611 0.1304417 -0.3261844 -0.08738106 0.1505379 -0.2899622 -0.07767534 0.1304417 -0.25374 -0.06796967 0.07553791 -0.2272234 -0.06086462 5.37979e-4 -0.2175177 -0.05826395 -0.07446199 -0.2272234 -0.06086462 -0.1293658 -0.25374 -0.06796967 -0.1494619 -0.2899622 -0.0776754 -0.1293658 -0.3261844 -0.08738106 -0.07446199 -0.3527009 -0.09448611 5.37991e-4 -0.3466392 -0.1435362 0.07553791 -0.3373559 -0.1396909 0.1304417 -0.3119937 -0.1291855 0.1505379 -0.2773482 -0.1148349 0.1304417 -0.2427027 -0.1004843 0.07553791 -0.2173405 -0.08997887 5.37986e-4 -0.2080572 -0.08613359 -0.07446199 -0.2173405 -0.08997887 -0.1293658 -0.2427027 -0.1004843 -0.1494619 -0.2773482 -0.1148349 -0.1293658 -0.3119937 -0.1291855 -0.07446199 -0.3373559 -0.1396909 5.37987e-4 -0.3249439 -0.1875298 0.07553791 -0.316242 -0.1825057 0.1304417 -0.292468 -0.1687797 0.1505379 -0.259992 -0.1500297 0.1304417 -0.2275161 -0.1312798 0.07553791 -0.203742 -0.1175538 5.37984e-4 -0.1950401 -0.1125298 -0.07446199 -0.203742 -0.1175538 -0.1293658 -0.2275161 -0.1312798 -0.1494619 -0.259992 -0.1500298 -0.1293658 -0.292468 -0.1687797 -0.07446199 -0.316242 -0.1825057 5.37993e-4 -0.297692 -0.2283152 0.07553797 -0.2897202 -0.2221983 0.1304417 -0.2679412 -0.2054867 0.1505379 -0.2381904 -0.1826581 0.1304417 -0.2084397 -0.1598296 0.07553797 -0.1866606 -0.1431179 5.37982e-4 -0.1786889 -0.137001 -0.07446199 -0.1866606 -0.1431179 -0.1293658 -0.2084397 -0.1598296 -0.1494619 -0.2381904 -0.1826581 -0.1293658 -0.2679412 -0.2054867 -0.07446193 -0.2897202 -0.2221984 5.37999e-4 -0.2653496 -0.2651947 0.07553797 -0.2582445 -0.2580896 0.1304417 -0.238833 -0.2386782 0.1505379 -0.2123165 -0.2121617 0.1304417 -0.1858 -0.1856452 0.07553791 -0.1663886 -0.1662338 5.3799e-4 -0.1592835 -0.1591287 -0.07446199 -0.1663886 -0.1662338 -0.1293658 -0.1858 -0.1856452 -0.1494619 -0.2123165 -0.2121617 -0.1293658 -0.238833 -0.2386782 -0.07446193 -0.2582445 -0.2580897 5.37997e-4 -0.2284699 -0.2975373 0.07553797 -0.222353 -0.2895656 0.1304417 -0.2056413 -0.2677866 0.1505379 -0.1828128 -0.2380358 0.1304417 -0.1599842 -0.208285 0.07553791 -0.1432725 -0.186506 5.37988e-4 -0.1371557 -0.1785343 -0.07446199 -0.1432725 -0.186506 -0.1293658 -0.1599842 -0.208285 -0.1494619 -0.1828128 -0.2380358 -0.1293658 -0.2056413 -0.2677866 -0.07446193 -0.222353 -0.2895656 5.38004e-4 -0.1876844 -0.3247893 0.07553797 -0.1826604 -0.3160874 0.1304417 -0.1689344 -0.2923133 0.1505379 -0.1501844 -0.2598374 0.1304417 -0.1314344 -0.2273614 0.07553797 -0.1177085 -0.2035874 5.37987e-4 -0.1126844 -0.1948855 -0.07446193 -0.1177085 -0.2035874 -0.1293658 -0.1314344 -0.2273615 -0.1494619 -0.1501844 -0.2598374 -0.1293658 -0.1689344 -0.2923134 -0.07446193 -0.1826604 -0.3160874 5.38002e-4 -0.1436908 -0.3464846 0.07553797 -0.1398456 -0.3372014 0.1304417 -0.1293401 -0.3118391 0.1505379 -0.1149895 -0.2771936 0.1304417 -0.1006389 -0.2425481 0.07553797 -0.09013348 -0.2171859 5.37995e-4 -0.08628821 -0.2079026 -0.07446193 -0.09013348 -0.2171859 -0.1293658 -0.1006389 -0.2425481 -0.1494619 -0.1149895 -0.2771936 -0.1293658 -0.1293401 -0.3118392 -0.07446193 -0.1398456 -0.3372014 5.38001e-4 -0.0972414 -0.362252 0.07553797 -0.09464079 -0.3525463 0.1304417 -0.08753573 -0.3260297 0.1505379 -0.07783001 -0.2898075 0.1304417 -0.06812429 -0.2535853 0.07553797 -0.06101924 -0.2270688 5.37994e-4 -0.05841857 -0.2173631 -0.07446193 -0.06101924 -0.2270688 -0.1293658 -0.06812429 -0.2535853 -0.1494619 -0.07783001 -0.2898076 -0.1293658 -0.08753573 -0.3260298 -0.07446193 -0.09464079 -0.3525463 5.38009e-4 -0.04913169 -0.3718217 0.07553797 -0.04782015 -0.3618595 0.1304417 -0.04423695 -0.3346424 0.1505379 -0.03934222 -0.2974632 0.1304417 -0.03444749 -0.2602841 0.07553797 -0.03086429 -0.233067 5.37994e-4 -0.02955275 -0.2231049 -0.07446193 -0.03086429 -0.233067 -0.1293658 -0.03444749 -0.2602841 -0.1494619 -0.03934222 -0.2974633 -0.1293658 -0.04423695 -0.3346425 -0.07446193 -0.04782015 -0.3618595 -0.1271533 -0.2890405 -2.98046e-5 -0.1271533 -0.2835026 -0.05625671 -0.1271533 -0.2671018 -0.1103228 -0.1271533 -0.2404683 -0.1601505 -0.1271533 -0.2046257 -0.2038247 -0.1271533 -0.1609514 -0.2396673 -0.1271533 -0.1111238 -0.2663007 -0.1271533 -0.05705767 -0.2827016 -0.1271534 -8.30801e-4 -0.2882395 -0.1271534 0.05539608 -0.2827016 -0.1271534 0.1094622 -0.2663007 -0.1271535 0.1592898 -0.2396673 -0.1271535 0.2029641 -0.2038247 -0.1271535 0.2388067 -0.1601505 -0.1271535 0.2654402 -0.1103228 -0.1271535 0.2818409 -0.05625671 -0.1271535 0.2873788 -2.98046e-5 -0.1271535 0.2818409 0.0561971 -0.1271535 0.2654402 0.1102632 -0.1271535 0.2388067 0.1600909 -0.1271534 0.2029641 0.2037652 -0.1271534 0.1592898 0.2396077 -0.1271534 0.1094622 0.2662411 -0.1271534 0.05539608 0.282642 -0.1271533 -8.30801e-4 0.2881798 -0.1271533 -0.05705767 0.282642 -0.1271533 -0.1111238 0.2662411 -0.1271533 -0.1609514 0.2396077 -0.1271533 -0.2046257 0.2037652 -0.1271533 -0.2404683 0.1600909 -0.1271533 -0.2671018 0.1102632 -0.1271533 -0.2835026 0.0561971 -0.1035471 -0.2344821 0.04644632 -0.1035471 -0.2209255 0.09113639 -0.1035471 -0.1989108 0.132323 -0.1035471 -0.1692839 0.1684234 -0.1035471 -0.1331836 0.1980502 -0.1035471 -0.09199696 0.2200649 -0.1035472 -0.04730689 0.2336214 -0.1035472 -8.30794e-4 0.2381989 -0.1035472 0.04564529 0.2336214 -0.1035472 0.09033536 0.2200649 -0.1035472 0.131522 0.1980502 -0.1035472 0.1676223 0.1684234 -0.1035472 0.1972491 0.132323 -0.1035472 0.2192639 0.09113639 -0.1035472 0.2328204 0.04644632 -0.1035472 0.2373979 -2.98063e-5 -0.1035472 0.2328204 -0.04650592 -0.1035472 0.2192639 -0.091196 -0.1035472 0.1972491 -0.1323826 -0.1035472 0.1676223 -0.1684829 -0.1035472 0.131522 -0.1981098 -0.1035472 0.09033536 -0.2201244 -0.1035472 0.04564529 -0.233681 -0.1035472 -8.30794e-4 -0.2382586 -0.1035472 -0.04730689 -0.233681 -0.1035472 -0.09199696 -0.2201244 -0.1035471 -0.1331836 -0.1981098 -0.1035471 -0.1692839 -0.1684829 -0.1035471 -0.1989108 -0.1323826 -0.1035471 -0.2209255 -0.091196 -0.1035471 -0.2390596 -2.98063e-5 -0.1035471 -0.2344821 -0.04650592 -0.09916532 -0.2344821 -0.04650592 -0.09916532 -0.2390595 -2.98067e-5 -0.09916532 -0.2209255 -0.091196 -0.09916532 -0.1989107 -0.1323826 -0.09916532 -0.1692839 -0.1684829 -0.09916532 -0.1331836 -0.1981098 -0.09916538 -0.09199696 -0.2201244 -0.09916538 -0.04730689 -0.233681 -0.09916538 -8.30792e-4 -0.2382586 -0.09916543 0.04564529 -0.233681 -0.09916543 0.09033536 -0.2201244 -0.09916543 0.131522 -0.1981098 -0.09916543 0.1676223 -0.1684829 -0.09916543 0.1972491 -0.1323826 -0.09916543 0.2192639 -0.091196 -0.09916543 0.2328205 -0.04650592 -0.09916543 0.237398 -2.98067e-5 -0.09916543 0.2328205 0.04644632 -0.09916543 0.2192639 0.09113639 -0.09916543 0.1972491 0.132323 -0.09916543 0.1676223 0.1684234 -0.09916538 0.131522 0.1980502 -0.09916538 0.09033536 0.2200649 -0.09916538 0.04564529 0.2336214 -0.09916538 -8.30792e-4 0.2381989 -0.09916532 -0.04730689 0.2336214 -0.09916532 -0.09199696 0.2200649 -0.09916532 -0.1331836 0.1980502 -0.09916532 -0.1692839 0.1684234 -0.09916532 -0.1989107 0.132323 -0.09916526 -0.2209255 0.09113639 -0.09916532 -0.2344821 0.04644632 -0.1271533 -0.258166 -0.0512169 -0.1021605 -0.2344821 -0.04650592 -0.1021605 -0.2390596 -2.98065e-5 -0.1271533 -0.2632074 -2.98046e-5 -0.1271533 -0.2432352 -0.100437 -0.1021605 -0.2209255 -0.091196 -0.1271533 -0.218989 -0.1457984 -0.1021605 -0.1989108 -0.1323826 -0.1271533 -0.1863591 -0.1855581 -0.1021605 -0.1692839 -0.1684829 -0.1271533 -0.1465994 -0.2181879 -0.1021605 -0.1331836 -0.1981098 -0.1271533 -0.101238 -0.2424342 -0.1021605 -0.09199696 -0.2201244 -0.1271533 -0.05201792 -0.2573649 -0.1021605 -0.04730689 -0.233681 -0.1271534 -8.30801e-4 -0.2624065 -0.1021605 -8.30793e-4 -0.2382586 -0.1271534 0.05035632 -0.2573649 -0.1021606 0.04564529 -0.233681 -0.1271534 0.09957641 -0.2424342 -0.1021606 0.09033536 -0.2201244 -0.1271535 0.1449378 -0.2181879 -0.1021606 0.131522 -0.1981098 -0.1271535 0.1846975 -0.1855581 -0.1021606 0.1676223 -0.1684829 -0.1271535 0.2173274 -0.1457984 -0.1021606 0.1972491 -0.1323826 -0.1271535 0.2415736 -0.100437 -0.1021606 0.2192639 -0.091196 -0.1271535 0.2565044 -0.0512169 -0.1021606 0.2328204 -0.04650592 -0.1271535 0.2615458 -2.98046e-5 -0.1021606 0.2373979 -2.98065e-5 -0.1271535 0.2565044 0.05115729 -0.1021606 0.2328204 0.04644632 -0.1271535 0.2415736 0.1003774 -0.1021606 0.2192639 0.09113639 -0.1271534 0.2173274 0.1457388 -0.1021606 0.1972491 0.132323 -0.1271534 0.1846975 0.1854985 -0.1021606 0.1676223 0.1684234 -0.1271534 0.1449378 0.2181284 -0.1021606 0.131522 0.1980502 -0.1271534 0.09957641 0.2423746 -0.1021605 0.09033536 0.2200649 -0.1271534 0.05035632 0.2573053 -0.1021605 0.04564529 0.2336214 -0.1271533 -8.30801e-4 0.2623469 -0.1021605 -8.30793e-4 0.2381989 -0.1271533 -0.05201792 0.2573053 -0.1021605 -0.04730689 0.2336214 -0.1271533 -0.101238 0.2423746 -0.1021605 -0.09199696 0.2200649 -0.1271533 -0.1465994 0.2181284 -0.1021605 -0.1331836 0.1980502 -0.1271533 -0.1863591 0.1854985 -0.1021605 -0.1692839 0.1684234 -0.1271533 -0.218989 0.1457388 -0.1021605 -0.1989108 0.132323 -0.1271533 -0.2432352 0.1003774 -0.1021605 -0.2209255 0.09113639 -0.1271533 -0.258166 0.05115729 -0.1021605 -0.2344821 0.04644632 -0.1271534 0.06485301 0.2320178 -0.1271534 0.0826804 0.2262253 -0.1271533 0.01139974 0.06750559 -0.1271534 0.02922713 0.06171315 -0.08575224 -0.01628941 0.005850315 -0.08575224 0.07869201 0.2981733 -0.08575224 0.1103696 0.2878806 -0.08575224 0.01538813 -0.004442274 -0.1271533 -0.01628947 0.005850315 -0.1271534 0.07869195 0.2981733 -0.1271534 0.1103696 0.2878806 -0.1271533 0.01538813 -0.004442274 -0.1196941 0.01139974 0.06750559 -0.1196941 0.06485301 0.2320178 -0.1196941 0.0826804 0.2262253 -0.1196941 0.02922713 0.06171315 -0.1271533 -0.2003169 0.1333512 -0.1271533 -0.1892989 0.1485161 -0.1271533 -0.06037437 0.03167706 -0.1271533 -0.04935646 0.04684197 -0.08575224 -0.01029318 -0.01370942 -0.08575212 -0.2589579 0.166956 -0.08575212 -0.2393801 0.1939026 -0.08575224 0.009284615 0.01323711 -0.1271533 -0.01029318 -0.01370942 -0.1271533 -0.2589579 0.166956 -0.1271533 -0.2393801 0.1939026 -0.1271533 0.009284615 0.01323717 -0.1196941 -0.06037437 0.03167706 -0.1196941 -0.2003169 0.1333512 -0.1196941 -0.1892989 0.1485161 -0.1196941 -0.04935646 0.04684197 -0.1271533 -0.1878836 -0.1506003 -0.1271533 -0.1989015 -0.1354355 -0.1271533 -0.04794126 -0.04892617 -0.1271533 -0.05895918 -0.03376132 -0.08575224 0.0106998 -0.01532131 -0.08575218 -0.2379648 -0.1959869 -0.08575218 -0.2575427 -0.1690403 -0.08575224 -0.008877992 0.01162523 -0.1271533 0.01069974 -0.01532131 -0.1271533 -0.2379648 -0.1959869 -0.1271533 -0.2575427 -0.1690403 -0.1271533 -0.008878052 0.01162523 -0.1196941 -0.04794126 -0.04892617 -0.1196941 -0.1878836 -0.1506003 -0.1196941 -0.1989015 -0.1354355 -0.1196941 -0.05895918 -0.03376132 -0.1271534 0.08257365 -0.2257253 -0.1271534 0.06474632 -0.2315178 -0.1271534 0.02912032 -0.06121319 -0.1271533 0.01129293 -0.06700569 -0.08575224 0.01528131 0.004942178 -0.0857523 0.1102629 -0.2873806 -0.0857523 0.07858532 -0.2976733 -0.08575224 -0.01639628 -0.00535047 -0.1271533 0.01528131 0.004942178 -0.1271534 0.1102629 -0.2873806 -0.1271535 0.07858532 -0.2976733 -0.1271533 -0.01639628 -0.00535047 -0.1196941 0.02912032 -0.06121319 -0.1196942 0.08257365 -0.2257253 -0.1196942 0.06474632 -0.2315178 -0.1196941 0.01129293 -0.06700569 -0.1271535 0.2400863 0.00934261 -0.1271535 0.2400863 -0.009402155 -0.1271534 0.06710797 0.00934261 -0.1271534 0.06710797 -0.009402155 -0.08575224 -8.60987e-5 0.01662409 -0.0857523 0.3072803 0.01662409 -0.0857523 0.3072803 -0.01668369 -0.08575224 -8.60901e-5 -0.01668369 -0.1271533 -8.61117e-5 0.01662409 -0.1271535 0.3072803 0.01662409 -0.1271535 0.3072803 -0.01668369 -0.1271533 -8.61031e-5 -0.01668369 -0.1196941 0.06710797 0.00934261 -0.1196942 0.2400863 0.00934261 -0.1196942 0.2400863 -0.009402155 -0.1196941 0.06710797 -0.009402155 -0.127139 0.04566508 -2.97894e-5 -0.08789008 0.04566508 -2.97924e-5 -0.127139 0.01353722 -0.04425001 -0.08789008 0.01353722 -0.04425001 -0.127139 -0.03844672 -0.02735936 -0.08789008 -0.03844672 -0.02735942 -0.127139 -0.03844672 0.02729976 -0.08789008 -0.03844672 0.02729976 -0.127139 0.01353716 0.0441904 -0.08789008 0.01353716 0.0441904</float_array>
          <technique_common>
            <accessor source="#Circle_002-mesh-positions-array" count="1076" stride="3">
              <param name="X" type="float"/>
              <param name="Y" type="float"/>
              <param name="Z" type="float"/>
            </accessor>
          </technique_common>
        </source>
        <source id="Circle_002-mesh-normals">
          <float_array id="Circle_002-mesh-normals-array" count="3210">-0.3831011 -0.3534864 -0.8533937 0 -0.9321745 -0.3620095 -0.3831009 -0.1802052 -0.9059579 -0.3831011 0.8533932 -0.3534877 0 0.6824374 -0.730944 -0.383101 0.9059577 -0.1802063 -0.3831043 0.9237052 5.98014e-7 0 0.8799891 -0.4749941 -0.3830975 0.905959 0.1802071 -0.3830978 0.6531603 -0.6531599 0 -0.9692384 0.2461243 -0.3831014 0.768033 -0.5131849 -0.3831042 0.5131838 -0.7680323 0 0.6844359 -0.7290731 -0.383101 0.3534868 -0.8533937 0 -0.06603199 -0.9978175 -0.3831009 0.1802058 -0.9059578 0 -0.2455756 -0.9693775 -0.3830974 3.6183e-7 -0.923708 0 -0.5574342 -0.8302211 -0.9292078 0 -0.3695577 -1 0 0 -0.9292091 -0.07209658 -0.3624536 0 -0.7101008 -0.7041 -0.3831011 -0.5131826 -0.7680346 0 -0.7111822 -0.7030078 -0.3830993 -0.6531588 -0.6531604 0 -0.7549338 -0.6558011 0 -0.7990771 -0.6012287 0 0.6463251 0.7630622 -0.3830964 -0.8533952 -0.3534883 -0.3831061 -0.7680318 -0.5131834 0 -0.9984257 -0.0560913 0 0.8658651 0.5002776 -0.3831045 -0.9237051 -5.92989e-7 -0.3831027 -0.9059571 -0.1802061 -0.3830963 -0.9059597 0.1802065 0 -0.9039634 0.4276101 0 -0.7685226 0.6398227 0 0.997983 -0.06348115 -0.3831043 -0.7680332 0.5131824 -0.3831026 -0.8533928 0.3534873 -0.3831011 -0.653159 0.6531592 0 -0.8615385 0.5076923 -0.3831009 -0.513184 0.7680339 0 -0.5873196 0.8093551 -0.3830976 -0.353488 0.8533948 0 -0.2261297 0.9740973 -0.3831046 -0.1802063 0.9059562 0 0.4762831 0.879292 -0.3831012 3.21624e-7 0.9237064 0 0.4702127 0.8825531 -0.3831012 0.1802068 0.9059575 0 0.5730637 0.8195108 -0.3831011 0.3534876 0.8533933 0 0.9477294 0.3190752 -0.3831008 0.5131838 0.7680339 0 0.9248571 0.3803151 -0.3830975 0.6531599 0.6531605 0 0.562791 0.8265993 -0.383101 0.768033 0.5131853 0 0.922441 0.3861381 -0.3831044 0.8533922 0.3534866 0 0.8400395 0.5425255 0 0.8087361 -0.5881717 -0.6856801 4.39946e-7 0.727903 -0.6856755 0.7279075 -5.7395e-7 -0.6856862 -3.85085e-7 -0.7278972 0 0.06927758 -0.9975975 -0.9292086 -0.07209676 0.3624547 -1 0 0 -1 0 0 -0.9292082 -0.1414235 -0.3414258 -1 -1.60295e-7 0 -1 0 0 -0.9292092 -1.71134e-7 0.3695543 -1 -3.20599e-7 0 -0.9292086 -0.2053143 -0.3072742 -0.9292084 0.07209682 0.3624555 -1 0 0 -1 -1.93563e-7 0 -0.9292092 -0.2613143 -0.2613143 -0.9292088 0.1414226 0.3414248 -0.9292089 -0.3072736 -0.2053136 -1 -2.32998e-7 0 -0.9292087 0.205314 0.3072742 -0.9292079 -0.3414265 -0.1414233 -1 -3.20591e-7 1.22422e-7 -0.9292086 0.3695559 0 -1 0 1.3662e-7 -0.9292091 0.3624535 -0.07209628 -1 0 0 -0.9292089 0.2613151 0.2613149 -1 0 1.3662e-7 -0.9292092 -0.3624534 -0.07209616 -0.9292088 0.3414247 -0.1414225 -1 0 1.22426e-7 -0.9292082 0.3072754 0.2053146 -1 6.41182e-7 0 -0.9292086 -0.3695557 0 -0.9292082 0.3072751 -0.2053145 -1 3.20591e-7 0 -1 1.58239e-7 1.22426e-7 -0.9292091 0.3414239 0.1414225 -1 0 1.3662e-7 -0.9292088 -0.3624542 0.07209676 -1 1.93563e-7 0 -0.9292089 0.2613148 -0.2613148 -1 0 1.3662e-7 -0.9292088 0.3624544 0.07209676 -0.9292082 -0.3414259 0.1414234 -1 0 1.22422e-7 -0.929209 0.2053137 -0.3072736 -1 3.20599e-7 0 -1 -4.43519e-7 0 -0.9292089 -0.3072738 0.2053138 -0.9292082 0.1414234 -0.3414257 -1 1.60295e-7 0 -1 0 0 -0.9292091 -0.2613146 0.2613144 -1 0 0 -0.9292091 0.07209652 -0.3624535 -0.9292087 -0.2053142 0.3072742 -1 0 0 -0.9292085 -0.1414231 0.3414255 0 0.9022465 -0.4312207 -0.6856928 0.4043949 0.6052191 -0.685693 -0.1420045 -0.7139047 -0.6856737 0.5147095 0.5147092 -0.6856965 -0.2785506 -0.6724805 -0.6856995 0.6052144 0.4043907 -0.685669 -0.7279136 6.48762e-7 -0.685699 -0.4043924 -0.6052138 -0.685697 0.6724796 0.2785512 -0.6856998 -0.7138983 0.1420037 -0.685674 -0.5147099 -0.5147086 -0.6856925 0.7139054 0.1420035 -0.685692 -0.6724844 0.2785522 -0.6856928 -0.6052199 -0.4043938 -0.68567 -0.5147113 0.5147124 -0.6857013 -0.6052125 0.4043903 -0.6856969 -0.6724798 -0.2785512 -0.6856931 0.7139046 -0.1420047 -0.6856984 -0.7138997 -0.1420028 -0.6856966 0.6724803 -0.2785508 -0.6856994 -0.4043909 0.6052145 -0.6856983 0.6052151 -0.4043916 -0.685692 -0.2785516 0.6724846 -0.6856699 0.5147115 -0.5147125 -0.6856991 -0.1420034 0.7138991 -0.6856993 0.4043908 -0.6052145 -0.6856966 0.2785506 -0.6724803 -0.6856994 0.1420035 0.7138988 -0.685693 0.1420039 -0.7139048 -0.6856966 0.2785511 0.6724802 -0.9045311 -0.3799341 0.1935814 -0.5773601 -0.3707031 -0.7274851 -0.9045338 -0.1935813 -0.3799277 0.5773455 -0.3706679 -0.7275146 0.5773457 0.3706678 0.7275145 0.5773504 -0.7275037 0.3706817 -0.5773453 0.727499 -0.3706989 -0.5773222 -0.3706909 -0.7275214 -0.5773214 0.3706912 0.7275218 0.5773501 0.727504 -0.3706817 -0.5773454 -0.7274991 0.3706986 -0.9045361 0.3799292 -0.1935673 -0.9045376 0.1935884 0.3799149 -0.5773506 0.3706881 0.7275003 -0.57736 -0.7275071 0.3706601 -0.5773504 0.7275038 -0.3706814 -0.9045319 0.06670051 0.4211569 -0.5773466 -0.8064458 0.1277348 -0.9045373 -0.4211434 0.06671339 0.5773457 -0.8064502 0.1277115 0.5773538 0.8064417 -0.1277279 0.5773422 0.1277459 0.8064473 -0.5773138 -0.1277495 -0.8064669 -0.5773535 -0.8064419 0.1277282 -0.5773454 0.8064502 -0.127712 0.57735 -0.1277279 -0.8064445 -0.5773217 0.1277312 0.8064643 -0.9045339 -0.06670361 -0.4211524 -0.9045358 0.4211461 -0.06671655 -0.5773618 -0.1276999 -0.8064404 -0.5773633 0.1277058 0.8064384 -0.5773504 0.8064442 -0.1277276 -0.9045359 -0.06668871 0.4211503 -0.5773606 0.8064327 0.1277546 -0.5773501 -0.1277275 0.8064444 0.5773534 -0.806442 -0.1277281 0.5773457 0.8064501 0.1277113 0.577342 -0.1277456 0.8064474 -0.5773131 -0.8064729 -0.1277145 -0.5773535 -0.1277272 0.8064422 -0.5773459 0.1277456 -0.8064446 -0.5773217 0.8064641 0.1277315 0.5773503 0.1277279 -0.8064442 -0.904537 0.06669169 -0.4211474 -0.9045326 -0.4211545 -0.06670737 -0.9045338 0.4211524 0.06670433 -0.5773634 -0.8064319 -0.1277461 -0.5773471 0.1277229 -0.8064473 -0.9045318 0.1935871 -0.3799292 -0.5773603 0.72751 0.3706538 -0.9045337 0.3799269 0.1935834 0.5773459 0.7274991 0.3706979 0.5773454 -0.7274994 -0.370698 0.5773501 0.3706817 -0.727504 -0.5773454 -0.3706671 0.7275152 -0.5773204 0.7275233 0.37069 0.5773502 -0.3706812 0.7275041 -0.5773135 0.3706775 -0.7275351 -0.5773537 -0.7275019 -0.3706801 -0.9045362 -0.1935929 0.3799161 -0.9045366 -0.3799278 -0.1935679 -0.5773513 -0.7275071 -0.3706738 -0.57736 0.3706959 -0.7274889 -0.5773499 -0.3706813 0.7275043 -0.9045322 -0.3015117 -0.3015165 -0.5773472 0.577347 -0.5773566 -0.9045375 0.3014984 -0.3015139 0.5773455 0.5773648 0.5773407 0.5773536 -0.5773485 -0.5773488 0.5773503 0.5773503 -0.5773503 -0.5773457 0.5773646 -0.5773405 -0.5773217 -0.5773643 0.577365 -0.5773208 0.5773651 0.5773651 -0.5773457 -0.5773649 -0.5773402 0.5773421 -0.5773665 0.5773422 -0.9045317 0.3015125 0.3015173 -0.9045372 -0.3014992 0.3015143 -0.5773636 0.5773292 0.5773581 -0.5773636 -0.5773291 -0.5773581 -0.5773472 -0.5773472 0.5773565 0.595697 -0.8032093 -7.4215e-6 -0.5956921 -0.2482067 -0.7639008 0.5957115 -0.2482023 -0.7638871 0.5956972 0.6498052 -0.472121 -0.5956872 0.6498203 -0.4721129 0.5956872 0.6498205 0.4721124 -0.5957067 -0.8032022 7.8735e-6 -0.5956872 0.6498115 0.4721249 0.5956822 -0.2482083 0.763908 0 0 -1 0.2920993 0.1248337 -0.948206 0.2921018 0 -0.9563873 0.6907821 0.09437853 -0.7168772 0.6907922 0 -0.7230535 0.9998063 0.002568423 -0.01951253 0.9998068 0 -0.01965433 0.7033951 -0.09277874 0.7047181 0.7033865 -7.38753e-7 0.7108076 0.2959504 0 0.9552033 -1.74084e-7 -0.1305277 0.9914448 -2.14619e-7 0 1 -0.2959507 0 0.9552032 -0.2959483 -0.1246783 0.9470322 -0.7033866 6.68396e-7 0.7108075 -0.7033953 -0.09277713 0.7047181 -0.9998068 0 -0.01965451 -0.9998066 0.002566814 -0.01950258 -0.6907916 0 -0.723054 -0.6907835 0.09437865 -0.7168759 -0.2921015 0 -0.9563874 -0.2920994 0.1248337 -0.948206 0 0.2588191 -0.9659258 0 0.1305261 -0.9914449 0.2921009 0.2475315 -0.9237993 0.6907886 0.1871417 -0.698419 0.9998068 0.005086779 -0.01898491 0.703389 -0.1839695 0.6865851 0.2959481 -0.1246783 0.9470322 0 -0.2588206 0.9659254 -0.2959486 -0.2472239 0.9226564 -0.9998064 0.005093336 -0.0190081 -0.2921013 0.2475314 -0.9237992 0 0.3826835 -0.9238795 0.2921004 0.3659939 -0.883587 0.9998063 0.007531404 -0.01818263 0.7033923 -0.2720119 0.6566954 0.295946 -0.3655408 0.8824942 0.2959483 -0.2472239 0.9226564 -1.53815e-6 -0.3826839 0.9238794 -0.2959484 -0.3655395 0.8824939 -0.7033912 -0.1839696 0.6865829 -0.9998066 0.007527232 -0.01817047 -0.6907868 0.2767015 -0.6680194 -0.690788 0.187141 -0.6984198 -0.2920995 0.365994 -0.8835873 0 0.5000001 -0.8660255 0.2921015 0.4781936 -0.8282558 0.6907849 0.2767042 -0.6680203 0.6907916 0.361527 -0.6261832 0.9998068 0.009828448 -0.01702308 0.7033908 -0.3554029 0.6155732 0.2959507 -0.4776017 0.8272302 1.09099e-6 -0.5000006 0.8660251 -0.2959485 -0.4776012 0.8272314 -0.7033907 -0.272013 0.6566966 -0.9998066 0.009834647 -0.01703202 -0.6907867 0.3615287 -0.6261875 0.2920999 0.5822122 -0.7587534 0.6907868 0.4401696 -0.5736414 0.9998066 0.01197254 -0.01560372 0.7033907 -0.4327108 0.5639175 1.19475e-6 -0.6087617 0.7933531 -0.2959463 -0.5814919 0.7578147 -0.7033908 -0.3554016 0.6155738 -0.9998066 0.01197355 -0.01560288 -0.6907839 0.4401718 -0.573643 -0.2921002 0.4781944 -0.8282558 0 0.6087617 -0.7933532 1.25379e-7 0.7071068 -0.7071068 0.6907849 0.5112802 -0.5112815 0.9998064 0.01391452 -0.01391428 0.7033932 -0.5026127 0.5026116 0.2959484 -0.5814905 0.757815 0 -0.7071066 0.707107 -0.2959484 -0.6754319 0.6754305 -0.7033907 -0.4327097 0.5639183 -0.9998068 0.01389986 -0.01389956 -0.6907888 0.5112789 -0.5112777 -0.2921003 0.6762679 -0.6762686 -0.2921006 0.5822117 -0.7587536 0 0.7933531 -0.6087617 0.2921004 0.6762686 -0.6762679 0.6907885 0.573639 -0.44017 0.9998068 0.01559317 -0.01196461 0.295946 -0.7578147 0.581492 0.2959483 -0.6754305 0.6754319 -1.42369e-6 -0.7933527 0.6087625 -0.2959483 -0.757815 0.5814905 -0.7033907 -0.5026139 0.502614 -0.9998067 0.01560056 -0.01197218 -0.2920995 0.7587535 -0.5822122 0 0.8660256 -0.4999998 0.2921002 0.7587537 -0.5822116 0.690784 0.6261896 -0.3615303 0.9998066 0.0170319 -0.009834527 0.7033878 -0.6155759 0.3554039 0.7033863 -0.5639211 0.4327133 0.2959484 -0.8272314 0.4776012 -0.2959508 -0.8272304 0.4776016 -0.7033864 -0.5639213 0.4327129 -0.703388 -0.6155759 0.3554036 -0.9998066 0.01703208 -0.009835064 -0.690787 0.5736411 -0.4401696 -0.2921009 0.8282562 -0.4781935 0 0.9238794 -0.3826839 0.2920997 0.8282565 -0.4781935 0.2921007 0.8835867 -0.3659945 0.9998064 0.01818019 -0.007530629 0.7033933 -0.6566944 0.2720121 0.2959484 -0.8824939 0.3655396 -1.47612e-6 -0.8660248 0.5000011 0 -0.9238795 0.3826835 -0.7033977 -0.6566904 0.27201 -0.9998066 0.01817315 -0.007527828 -0.6907868 0.6261875 -0.3615285 -0.2921006 0.8835868 -0.365994 0.2921007 0.9237993 -0.247532 0.6907852 0.668021 -0.2767019 0.6907917 0.6984165 -0.1871402 0.7033951 -0.6865791 0.1839687 0.2959507 -0.9226555 0.2472249 2.72572e-6 -0.9659258 0.2588195 -0.2959482 -0.8824931 0.3655414 -0.2959458 -0.9226568 0.2472256 -0.9998066 0.01899749 -0.005090892 -0.6907897 0.6680165 -0.2767015 -0.6907867 0.6984208 -0.1871424 -0.2921004 0.9237996 -0.2475312 0 0.9659258 -0.2588193 0.2921003 0.9482058 -0.1248333 0.6907852 0.7168741 -0.09437906 0.9998064 0.01950997 -0.002568185 0.9998068 0.0189898 -0.005088388 0.2959461 -0.9470328 0.1246791 -2.88788e-6 -0.9914449 0.1305261 -0.2959505 -0.9470313 0.1246795 -0.7033934 -0.7047199 0.09277707 -0.7033883 -0.686586 0.183969 -0.9998064 0.01951003 -0.002568423 -0.690782 0.7168772 -0.09437876 -0.2920993 0.9482061 -0.1248333 0 0.9914449 -0.1305262 0.2920996 0.956388 5.80734e-7 0.6907867 0.7230587 -9.414e-7 0.9998067 0.0196653 8.27595e-7 0.703388 -0.7047252 0.0927779 0.7033863 -0.7108078 -4.22145e-7 0.2959483 -0.955204 -7.96971e-7 0 -1 0 -0.2959483 -0.955204 9.07063e-7 -0.9998068 0.01965457 0 -0.6907916 0.7230539 0 -0.2921006 0.9563876 5.26177e-7 0 1 5.99169e-7 0 0.9914449 0.130526 0.6907836 0.7168757 0.09437823 0.7033975 -0.7047159 -0.09277713 0.2959507 -0.9470313 -0.124679 2.93319e-6 -0.9914451 -0.1305254 -0.2959462 -0.9470328 -0.1246795 -0.7033864 -0.7108078 8.36883e-7 -0.7033879 -0.7047253 -0.09277802 -0.9998064 0.01950979 0.002568006 -0.6907821 0.7168771 0.09437841 0.2920997 0.9237996 0.2475318 0.2921002 0.9482058 0.1248338 0.6907886 0.698419 0.1871415 0.9998066 0.01950162 0.002568423 0.9998068 0.01898473 0.005087196 0.2959461 -0.9226569 -0.2472252 -2.69949e-6 -0.965926 -0.2588185 -0.2959508 -0.9226555 -0.2472247 -0.7033934 -0.686581 -0.1839685 -0.690792 0.6984162 0.1871396 -0.2921001 0.9237997 0.2475313 -0.2921003 0.9482058 0.1248338 0 0.9238798 0.3826831 0 0.9659263 0.2588176 0.2921008 0.8835867 0.365994 0.9998066 0.01817101 0.007525622 0.7033908 -0.6566972 -0.2720116 0.7033865 -0.6865876 -0.1839699 0.2959507 -0.8824927 -0.3655405 2.91411e-6 -0.9238796 -0.3826833 -0.2959461 -0.882494 -0.3655412 -0.7033907 -0.6566973 -0.2720115 -0.9998068 0.01898735 0.005087435 -0.9998066 0.01817071 0.00752592 -0.6907869 0.6680193 0.2767015 0 0.8660255 0.5 0.6907852 0.6261888 0.3615294 0.6907899 0.6680163 0.2767013 0.9998063 0.01704406 0.009840428 0.7033925 -0.6155724 -0.3554008 0.295946 -0.8272317 -0.4776023 -1.37838e-6 -0.866026 -0.4999992 -0.2959483 -0.8272305 -0.4776028 -0.7033908 -0.6155744 -0.3554006 -0.9998064 0.01704198 0.0098387 -0.6907821 0.626191 0.3615313 -0.292101 0.8835868 0.3659937 -0.2920991 0.8282563 0.4781942 0 0.7933534 0.6087614 0.2921003 0.828256 0.478194 0.6907886 0.5736399 0.4401685 0.9998068 0.01559501 0.01196694 0.7033907 -0.5639175 -0.4327108 0.2959506 -0.7578139 -0.5814908 -0.2959506 -0.7578136 -0.5814909 -0.7033926 -0.5639168 -0.4327088 -0.6907886 0.573639 0.4401698 -0.2921007 0.758753 0.5822122 0.2920993 0.6762684 0.6762686 0.2921006 0.7587529 0.5822125 0.6907838 0.5112813 0.5112819 0.9998067 0.01390582 0.01390486 0.7033891 -0.502615 -0.5026153 1.531e-6 -0.7071066 -0.707107 0 -0.7933533 -0.6087614 -0.7033891 -0.5026151 -0.5026152 -0.9998065 0.01391249 0.01391273 -0.9998068 0.01559734 0.01196825 -0.2921003 0.6762685 0.676268 0 0.6087611 0.7933536 1.63958e-7 0.7071071 0.7071065 0.2921006 0.5822118 0.7587534 0.9998066 0.01197361 0.015603 0.7033883 -0.4327117 -0.5639199 0.2959462 -0.5814918 -0.7578148 0.2959483 -0.6754318 -0.6754306 -2.86642e-6 -0.6087619 -0.793353 -0.2959505 -0.5814911 -0.7578136 -0.2959458 -0.6754319 -0.6754317 -0.703395 -0.4327077 -0.5639144 -0.6907904 0.4401681 0.5736382 -0.6907854 0.5112798 0.5112813 -0.2921002 0.5822118 0.7587535 0.2921001 0.4781944 0.8282559 0.6907867 0.4401692 0.5736418 0.9998066 0.009834587 0.01703268 0.7033906 -0.3554018 -0.6155739 0.2959484 -0.4776012 -0.8272314 1.55008e-6 -0.5000008 -0.8660251 -0.2959458 -0.4776022 -0.8272317 -0.9998068 0.009828686 0.01702404 -0.9998066 0.01197403 0.01560604 -0.6907891 0.3615291 0.6261847 2.00125e-7 0.5000003 0.8660253 0.2921 0.3659946 0.8835868 0.6907866 0.3615285 0.6261878 0.9998063 0.007531404 0.01818257 0.7033976 -0.2720103 -0.6566903 0.2959508 -0.3655405 -0.8824927 -0.2959484 -0.3655399 -0.8824937 -0.7033908 -0.3554017 -0.6155738 -0.9998064 0.007530629 0.01818031 -0.6907854 0.2767038 0.6680199 -0.2921007 0.4781937 0.828256 -0.2921002 0.3659941 0.8835869 0 0.3826841 0.9238793 0.2921 0.2475317 0.9237996 0.690785 0.2767025 0.6680209 0.690787 0.1871404 0.6984211 0.9998066 0.005089402 0.01899772 0.2959485 -0.2472261 -0.9226558 -1.24242e-6 -0.2588188 -0.965926 1.67882e-6 -0.3826841 -0.9238794 -0.2959505 -0.2472251 -0.9226555 -0.7033908 -0.2720127 -0.6566967 -0.9998066 0.005089282 0.01899749 -0.6907841 0.1871421 0.6984234 -0.2920994 0.2475313 0.9237999 -1.42257e-7 0.2588184 0.9659261 0.2921003 0.1248337 0.9482058 0.690792 0.09437757 0.7168678 0.9998068 0.002565801 0.01948904 0.7033882 -0.1839697 -0.6865859 0.7033906 -0.09277701 -0.7047227 1.69318e-7 -0.1305263 -0.9914449 -0.295946 -0.124679 -0.9470329 -0.7033907 -0.1839695 -0.6865834 -0.9998068 0.002565264 0.01948636 -0.6907923 0.09437757 0.7168675 -0.2921013 0.1248335 0.9482055 0 0.130526 0.9914449 0.2920988 0 0.9563882 0.6907822 0 0.723063 0.9998064 0 0.01967537 0.7033894 0 -0.7108048 0.2959461 -0.1246793 -0.9470328 0.2959483 8.89712e-7 -0.955204 -0.2959506 0 -0.9552032 -0.7033976 0 -0.7107966 -0.7033836 -0.09277939 -0.7047293 -0.9998063 0 0.01968097 -0.6907823 0 0.7230628 -0.2920994 0 0.956388 0 -0.1305259 0.9914449 0 0 1 0.2921004 -0.1248337 0.9482057 0.6907916 -0.09437757 0.7168681 0.7033908 0.09277695 -0.7047225 0.2959485 0.1246801 -0.947032 -1.03018e-6 -7.72637e-7 -1 2.0747e-7 0.1305263 -0.991445 -0.2959483 0.124678 -0.9470323 -0.9998068 -0.002565264 0.01948624 -0.6907891 -0.09437876 0.7168704 -0.2921012 -0.1248334 0.9482055 -2.07358e-7 -0.2588183 0.9659261 0.6907871 -0.1871402 0.6984209 0.9998066 -0.005089342 0.01899766 0.9998068 -0.002565801 0.01948922 0.7033883 0.1839697 -0.6865859 0.2959485 0.247226 -0.9226559 0 0.258819 -0.9659259 -0.2959483 0.2472242 -0.9226564 -0.7033864 0.09277838 -0.7047268 -0.703388 0.1839694 -0.6865862 -0.9998066 -0.005089461 0.01899743 -0.2921004 -0.2475309 0.9237997 0.292099 -0.3659939 0.8835874 0.2921008 -0.2475312 0.9237995 0.690782 -0.2767041 0.6680233 0.9998064 -0.007530331 0.01818031 0.7033934 0.272011 -0.6566946 0.2959508 0.3655402 -0.8824928 1.62457e-6 0.3826838 -0.9238794 -0.7033936 0.2720105 -0.6566945 -0.9998064 -0.007530808 0.0181806 -0.6907903 -0.1871404 0.6984177 -0.6907821 -0.2767041 0.6680233 0 -0.3826833 0.9238796 2.50759e-7 -0.5000002 0.8660254 0.2921007 -0.4781939 0.8282559 0.6907898 -0.3615276 0.6261847 0.7033951 0.3553989 -0.6155706 0.2959461 0.477602 -0.8272318 1.59779e-7 0.5 -0.8660256 -0.2959483 0.3655397 -0.8824939 -0.295946 0.477602 -0.8272317 -0.7033883 0.3554022 -0.6155763 -0.6907886 -0.3615289 0.6261852 -0.2921007 -0.4781932 0.8282563 -0.2921009 -0.3659936 0.883587 0 -0.608761 0.7933537 0.6907867 -0.4401691 0.5736418 0.9998066 -0.009835779 0.01703476 0.9998066 -0.01197355 0.01560318 0.2959484 0.5814919 -0.7578138 -0.2959504 0.5814906 -0.757814 -0.7033951 0.4327077 -0.5639145 -0.9998068 -0.009828388 0.01702386 -0.9998065 -0.01197409 0.01560616 -0.2921003 -0.5822117 0.7587536 0 -0.7071064 0.7071073 0.2921001 -0.5822118 0.7587536 0.690784 -0.5112812 0.5112817 0.9998066 -0.01390767 0.01390624 0.7033907 0.4327098 -0.5639184 0.2959484 0.6754318 -0.6754306 -1.34496e-6 0.6087609 -0.7933539 1.40698e-7 0.7071066 -0.7071071 -0.7033891 0.502615 -0.502615 -0.9998065 -0.01391261 0.01391261 -0.6907901 -0.440168 0.5736385 -0.6907854 -0.5112798 0.5112814 0 -0.7933531 0.6087617 0.2920998 -0.6762682 0.6762684 0.2921007 -0.7587531 0.5822122 0.690787 -0.5736411 0.4401696 0.9998067 -0.01560187 0.01197087 0.7033879 0.5026163 -0.5026156 0.7033891 0.5639196 -0.4327107 0.2959506 0.7578139 -0.5814907 1.66093e-6 0.7933537 -0.608761 -0.2959483 0.6754301 -0.6754324 -0.2959485 0.7578135 -0.5814923 -0.7033923 0.5639169 -0.432709 -0.6907887 -0.5736389 0.4401698 -0.2921003 -0.6762684 0.6762681 0.2921005 -0.8282559 0.478194 0.6907887 -0.6261858 0.3615279 0.7033882 0.6155757 -0.3554036 0.2959458 0.8272316 -0.4776023 -1.33784e-6 0.866026 -0.499999 -0.7033864 0.615578 -0.3554033 -0.9998067 -0.01703011 0.009832978 -0.9998068 -0.0155974 0.01196789 -0.690787 -0.6261864 0.3615299 -0.2921007 -0.7587533 0.5822119 -0.2920996 -0.8282563 0.4781939 0 -0.8660253 0.5000002 0.2921003 -0.883587 0.3659937 0.9998064 -0.01818019 0.00753045 0.9998068 -0.01702368 0.009828865 0.7033936 0.6566938 -0.2720125 0.2959506 0.8824928 -0.3655403 2.96419e-6 0.9238796 -0.3826835 -0.2959484 0.8272306 -0.4776026 -0.7033935 0.6566938 -0.2720125 -0.9998064 -0.01818013 0.00753057 -0.6907821 -0.6680232 0.276704 0 -0.9238795 0.3826835 0.292101 -0.9237992 0.2475325 0.6907852 -0.6680207 0.2767024 0.6907899 -0.6984181 0.1871404 0.7033925 0.6865816 -0.1839693 0.295946 0.9226569 -0.2472253 -2.63987e-6 0.9659259 -0.2588192 -0.2959508 0.9226552 -0.2472255 -0.295946 0.8824942 -0.365541 -0.7033952 0.6865789 -0.1839693 -0.69079 -0.6984181 0.1871401 -0.2921009 -0.9237991 0.2475323 -0.2921004 -0.883587 0.3659936 0 -0.9659257 0.2588195 0.2920995 -0.9482058 0.1248342 0.6907855 -0.716874 0.0943787 0.9998066 -0.01899993 0.005090534 0.9998068 -0.01948672 0.002565979 0.7033889 0.7047243 -0.09277886 0.2959507 0.9470314 -0.1246793 2.94511e-6 0.9914449 -0.1305262 -0.2959463 0.9470326 -0.1246795 -0.9998068 -0.01948636 0.002565324 -0.9998066 -0.01899993 0.005090355 -0.6907888 -0.7168707 0.09437853 -0.2921004 -0.9482056 0.1248345 0 -1 2.98982e-7 0 -0.991445 0.1305258 0.2921002 -0.9563877 1.29726e-7 0.9998066 -0.01966798 1.22962e-6 0.7033908 0.7108035 -1.02819e-6 0.2959485 0.955204 -7.26369e-7 0 1 -5.48483e-7 -0.2959484 0.955204 7.40729e-7 -0.7033908 0.7108035 0 -0.7033836 0.7047295 -0.09277945 -0.9998066 -0.01966768 9.37272e-7 -0.6907869 -0.7230585 2.68029e-7 -0.2921003 -0.9563877 3.49169e-7 0 -0.991445 -0.1305255 0.2921004 -0.9482057 -0.1248335 0.6907867 -0.7230587 -8.11628e-7 0.9998063 -0.01951253 -0.00256884 0.7033923 0.7047208 0.09277838 0.2959461 0.9470328 0.1246791 -2.87834e-6 0.991445 0.1305258 -0.2959506 0.9470315 0.1246784 -0.7033978 0.7047156 0.09277743 -0.9998063 -0.01951259 -0.002569139 -0.690782 -0.7168772 -0.09437859 -0.2920999 -0.9482059 -0.124833 -2.29059e-7 -0.9659259 -0.2588189 0.2921009 -0.9237993 -0.2475315 0.6907854 -0.716874 -0.0943793 0.6907917 -0.6984165 -0.18714 0.9998069 -0.01898729 -0.005088031 0.7033907 0.6865831 0.1839706 0.2959507 0.9226557 0.2472243 2.83065e-6 0.9659261 0.2588186 -0.2959461 0.9226568 0.2472252 -0.9998067 -0.01899498 -0.005090475 -0.6907897 -0.6984184 -0.18714 -0.2921001 -0.9237998 -0.2475309 0 -0.9238794 -0.3826838 0.690782 -0.6680233 -0.276704 0.9998064 -0.01817774 -0.007529556 0.703389 0.6566984 0.2720133 -2.82826e-6 0.9238795 0.3826836 -0.2959506 0.8824926 0.3655409 -0.7033933 0.6566946 0.2720112 -0.7033839 0.68659 0.1839711 -0.6907868 -0.6680195 -0.2767016 0.2921 -0.8282563 -0.4781939 0.2921001 -0.883587 -0.3659943 0.690787 -0.6261868 -0.3615295 0.703395 0.6155705 0.3553991 0.2959483 0.8272304 0.4776028 0.2959461 0.8824942 0.3655408 1.40699e-6 0.8660254 0.5000002 -0.295946 0.8272315 0.4776024 -0.7033925 0.6155725 0.3554008 -0.9998066 -0.01817041 -0.007526993 -0.6907886 -0.6261858 -0.361528 -0.2921 -0.883587 -0.3659941 2.77282e-7 -0.8660256 -0.4999997 0.2921001 -0.7587541 -0.5822111 0.6907885 -0.5736395 -0.4401693 0.9998066 -0.01703435 -0.009835481 0.9998068 -0.0155934 -0.01196473 0.2959483 0.7578138 0.581492 -0.2959507 0.7578139 0.5814906 -0.7033892 0.5639197 0.4327104 -0.9998067 -0.01560151 -0.01197081 -0.9998068 -0.01702576 -0.009830594 -0.6907871 -0.5736413 -0.4401693 -0.2921009 -0.828256 -0.4781938 -0.2921001 -0.7587537 -0.5822116 1.42257e-7 -0.7933536 -0.6087612 0.2921 -0.6762689 -0.6762678 0.9998064 -0.01391649 -0.01391631 0.7033923 0.502613 0.5026126 0.7033866 0.5639221 0.4327116 0.2959482 0.6754309 0.6754316 -1.5882e-6 0.793354 0.6087608 0 0.707107 0.7071067 -0.2959485 0.6754319 0.6754304 -0.7033924 0.5026129 0.5026127 -0.9998064 -0.01391631 -0.01391643 -0.6907823 -0.5112828 -0.5112826 -0.2920995 -0.6762685 -0.6762683 1.56724e-7 -0.7071071 -0.7071065 0.2920997 -0.5822122 -0.7587534 0.6907849 -0.5112804 -0.5112814 0.690787 -0.4401695 -0.5736413 0.9998066 -0.01197236 -0.01560407 0.7033905 0.4327086 0.5639193 0.2959485 0.5814906 0.7578148 1.3116e-6 0.6087617 0.7933533 -0.7033865 0.4327116 0.5639222 -0.9998068 -0.01196509 -0.01559311 -0.6907888 -0.4401686 -0.5736399 -0.2921002 -0.5822122 -0.7587532 0 -0.5000003 -0.8660253 0 -0.6087617 -0.7933531 0.2921013 -0.4781938 -0.8282557 0.6907916 -0.3615271 -0.626183 0.9998068 -0.009827315 -0.01702147 0.7033889 0.3554027 0.6155753 0.2959507 0.4776018 0.8272302 -0.2959507 0.477602 0.82723 -0.2959464 0.5814919 0.7578145 -0.7033908 0.3554018 0.6155737 -0.9998066 -0.009834647 -0.0170319 -0.2920999 -0.4781945 -0.8282559 0.2920998 -0.3659942 -0.883587 0.6907821 -0.2767043 -0.6680232 0.9998063 -0.007531523 -0.01818269 0.7033923 0.2720122 0.6566953 0.2959483 0.3655417 0.882493 -2.86761e-7 0.3826822 0.9238801 -3.07621e-7 0.5 0.8660254 -0.7033908 0.272013 0.6566966 -0.9998064 -0.00753045 -0.01817977 -0.6907867 -0.3615289 -0.6261874 -0.2920995 -0.3659942 -0.8835872 -2.65226e-7 -0.3826838 -0.9238795 0.2921003 -0.2475314 -0.9237996 0.690792 -0.1871399 -0.6984161 0.9998068 -0.00508666 -0.01898467 0.7033888 0.1839696 0.6865853 -1.60016e-6 0.2588186 0.965926 -0.2959485 0.3655416 0.8824931 -0.7033937 0.1839696 0.6865803 -0.6907916 -0.1871399 -0.6984166 -0.6907852 -0.2767021 -0.6680209 -0.2921008 -0.2475314 -0.9237994 1.54313e-7 -0.2588189 -0.9659259 0 -0.130526 -0.9914449 0.6907823 -0.09437859 -0.716877 0.9998063 -0.002568483 -0.01951271 0.7033923 0.09277832 0.7047209 0.2959483 0.1246782 0.9470322 0.2959462 0.247225 0.9226568 1.24245e-6 0.130527 0.9914448 -0.2959487 0.2472256 0.9226559 -0.2959462 0.1246792 0.9470327 -0.7033953 0.0927785 0.7047179 -0.9998068 -0.005087971 -0.01898759 -0.9998063 -0.00256884 -0.01951271 -0.690782 -0.09437865 -0.7168772 -0.2920994 -0.1248335 -0.948206 0.2921 -0.1248334 -0.9482059 0.3831009 0.3534877 -0.8533934 0.009230017 0.25993 -0.9655835 0.3831027 0.180207 -0.9059569 0.3831065 -0.8533918 -0.3534854 0.6180526 -0.7422997 -0.2588481 0.3830998 -0.9059584 -0.1802057 0.3831 -0.9059581 0.1802061 0.3085193 -0.9512107 -0.0037449 0.5765454 -0.5828126 0.5726473 0.3830986 -0.6531596 -0.65316 0.205679 -0.9763205 -0.06704175 0.383103 -0.7680334 -0.513183 0.383103 -0.5131835 -0.7680332 -0.4134029 -0.0576964 -0.9087184 0 -0.7713733 -0.6363829 0 0.2425356 0.9701426 0.3830976 -0.3534877 -0.8533949 0 0.1538081 -0.9881007 0.3831012 -0.1802061 -0.9059576 0.8021729 -0.1414011 -0.5801072 0.9292086 4.25284e-7 -0.3695556 1 3.67901e-7 0 0.9292087 0.072097 -0.3624545 0.3831054 5.50273e-7 -0.9237046 0.3831008 0.5131846 -0.7680335 0 0.8179631 -0.5752707 0.3830952 0.6531604 -0.6531613 -0.01361387 -0.5044273 0.8633468 0.3830981 0.7680341 -0.5131859 -0.8057013 0.4299356 -0.4074321 0.3831022 0.8533928 -0.3534876 -0.7421916 0.6447142 -0.1830176 0.3830932 0.9059607 -0.1802076 -0.5235317 0.7168805 -0.4604314 0.3831002 0.9237068 0 -0.7819026 0.6135578 0.1103409 -0.8101997 0.5189797 0.2724643 -0.9993337 -0.02424901 0.02728015 0.3830966 0.9059592 0.1802085 -0.3908162 0.8712331 -0.2970113 0.3830958 0.8533955 0.353488 -0.6246025 0.7781537 -0.0659452 0.3831032 0.7680332 0.5131832 -0.7728024 0.6319555 -0.05838716 0.3830937 0.6531617 0.6531609 -0.004524946 0.3677529 0.9299126 0.3831042 0.3534874 0.853392 0.3831025 0.5131842 0.768033 0.3831009 0.1802058 0.9059578 0 -0.6327 -0.774397 0.3831015 -1.65837e-7 0.9237062 0.05018299 0.06115174 0.9968662 0.3830974 -0.1802053 0.9059594 0.8100609 -0.1086463 0.5761921 0.3831011 -0.353487 0.8533935 0 0.1962261 0.9805588 0.383103 -0.5131836 0.7680332 0 -0.7598987 0.6500416 -0.01462042 -0.3407629 0.9400357 0 0.2425356 -0.9701426 0.3831032 -0.6531587 0.6531582 0.5075263 -0.6832632 0.5249461 0.3831043 -0.7680332 0.5131824 0.5749058 -0.4162523 0.704427 0.3831028 -0.8533931 0.353486 0.685679 0.5147059 -0.5147059 0.6856671 0.7279153 0 0.6856737 -0.7279092 0 0.4990687 -0.8642078 -0.06383806 0.6856927 0.1420046 -0.713905 0.685679 -2.56726e-7 -0.7279042 0.9292089 0.1414227 0.341424 1 4.89746e-7 0 0.9292092 0.072097 0.3624533 1 0 0 0.9292086 0.1414228 -0.3414248 0.9292082 6.04082e-7 0.3695566 1 6.01109e-7 0 1 4.6555e-7 1.56503e-7 0.9292091 0.2053138 -0.3072733 1 1.5727e-7 0 0.9292089 -0.07209646 0.3624543 0.9292083 0.261316 -0.2613158 1 1.9768e-7 0 0.9292088 -0.1414226 0.3414246 1 3.68989e-7 0 0.9292085 0.3072748 -0.2053141 1 4.91679e-7 0 0.9292086 -0.205314 0.3072745 1 1.60296e-7 1.47236e-7 0.9292089 0.3414241 -0.1414227 1 0 -1.3311e-7 0.9292086 -0.3695556 0 1 0 -1.29966e-7 0.9292085 -0.3624553 -0.07209688 1 1.93563e-7 0 0.9292091 -0.2613143 0.2613146 0.9292079 0.3624565 -0.07209712 1 0 -1.29963e-7 1 4.39409e-7 -2.38389e-7 0.9292096 -0.3414224 -0.1414223 0.9292085 -0.3072745 0.2053146 1 9.61773e-7 -4.20581e-7 1 0 0 0.9292094 0.3695538 0 0.9292083 -0.3072748 -0.2053148 1 9.61774e-7 4.20581e-7 1 0 0 0.9292092 -0.3414236 0.1414225 0.9292082 0.3624559 0.0720967 1 0 -1.29963e-7 1 2.19699e-7 0 0.9292084 -0.2613155 -0.2613159 0.9292084 -0.3624553 0.07209676 1 0 -1.29966e-7 1 1.2292e-7 -1.3311e-7 0.9292083 0.3414256 0.1414231 1 2.19704e-7 -1.56502e-7 0.9292095 -0.2053126 -0.3072725 1 4.91679e-7 0 0.9292089 0.3072738 0.2053135 0.929208 -0.1414232 -0.3414266 1 6.41182e-7 0 1 -1.2292e-7 0 0.9292084 0.261316 0.2613157 1 1.45172e-7 0 0.9292092 -0.07209628 -0.3624532 1 5.66439e-7 -1.58358e-7 0.9292085 0.2053146 0.3072744 1 4.40812e-7 0 1 0 0 0.3831084 -0.9237034 0 0.6856819 -0.5147036 0.5147044 0.6857008 -0.4043906 0.6052128 0.6856965 0.278551 -0.6724802 0.6857009 -0.605212 0.4043919 0.685696 0.4043932 -0.6052168 0.685698 -0.6724791 0.2785501 0.6856911 0.7139066 0.142004 0.6856954 -0.7139022 0.1420052 0.6856953 0.672482 0.2785498 0.685697 0.605216 0.4043924 0.6856977 0.605215 -0.4043929 0.6856691 0.5147129 0.514712 0.685696 0.6724814 -0.2785498 0.6857016 -0.7138966 -0.1420037 0.6856958 0.4043937 0.6052166 0.6856916 0.7139062 -0.1420041 0.6856798 -0.6724946 -0.2785575 0.6857007 -0.6052125 -0.4043915 0.6856966 0.27855 0.6724806 0.6856812 -0.5147036 -0.5147054 0.6856929 0.1420047 0.7139048 0.6856982 -0.4043921 -0.6052148 0.6856855 -3.11364e-7 0.727898 0.685693 -0.1420047 -0.7139046 0.685699 -0.2785493 -0.6724784 0.6856931 -0.1420047 0.7139046 0.6856967 -0.2785506 0.6724804 0.904532 0.3799321 0.1935812 0.5773602 0.3707032 -0.727485 0.9045339 0.1935818 -0.379927 -0.5773543 0.3706806 -0.7275013 -0.5773454 -0.3706682 0.7275146 -0.5773506 0.7275037 0.3706817 0.5773127 0.370679 -0.727535 -0.5773416 -0.7275013 -0.3707 0.5773217 -0.370691 0.7275218 0.5773544 -0.727501 -0.3706808 0.5773456 0.7274989 0.3706986 0.9045355 -0.3799304 -0.193568 0.9045379 -0.1935867 0.379915 0.5773509 -0.3706873 0.7275004 0.5773599 0.727507 0.3706606 0.5773517 -0.7275027 -0.3706818 0.9045361 -0.06668931 0.4211496 0.5773568 0.8064354 0.1277547 0.9045338 0.4211525 0.06670349 -0.5773457 0.1277458 -0.8064447 -0.5773538 -0.1277276 0.8064418 -0.5773506 0.8064439 0.1277285 0.5773447 0.8064507 0.1277124 0.5773212 -0.8064644 -0.1277318 0.5773215 0.1277322 -0.8064642 0.5773457 -0.1277456 0.8064447 -0.5773417 -0.806453 -0.1277122 0.9045357 0.06669116 -0.4211503 0.9045333 -0.4211534 -0.06670397 0.5773531 0.1277294 -0.806442 0.5773535 -0.1277261 0.8064422 0.5773565 -0.8064356 -0.1277543 0.9045356 -0.4211465 0.06671583 0.57736 0.127701 0.8064416 0.9045329 0.0667048 0.4211542 -0.5773456 0.1277452 0.8064449 -0.5773537 -0.1277273 -0.8064419 -0.5773416 -0.806453 0.1277126 0.5773453 0.8064504 -0.1277119 0.5773218 0.1277307 0.8064642 -0.5773503 0.8064444 -0.1277279 0.5773218 -0.8064641 0.1277313 0.5773458 -0.1277453 -0.8064447 0.904533 -0.06670218 -0.4211544 0.9045365 0.4211444 -0.06671732 0.5773602 -0.1276983 -0.8064419 0.5773502 -0.8064443 0.1277276 0.5773504 0.8064441 -0.1277285 0.9045315 -0.193587 -0.3799303 0.57735 -0.7275071 0.3706759 0.9045365 -0.3799274 0.1935688 -0.577346 0.3706667 0.7275148 -0.5773455 -0.3706676 -0.7275148 -0.5773504 -0.7275043 0.3706806 0.5773134 -0.7275197 0.3707079 0.5773126 0.7275201 -0.3707085 0.5773537 0.3706802 0.7275018 0.5773528 -0.3706803 -0.7275025 -0.5773504 0.727504 -0.3706811 0.9045373 0.3799255 -0.1935693 0.9045324 0.1935865 0.3799285 0.5773507 0.7275069 -0.3706751 0.577359 -0.3706957 -0.7274898 0.5773603 0.3706967 0.7274882 0.9045366 -0.3014976 -0.3015177 0.5773605 0.5773261 -0.5773643 0.5773508 -0.5773498 -0.5773503 -0.5773535 -0.5773484 0.5773488 -0.5773459 0.5773648 -0.5773403 -0.5773419 -0.5773666 -0.5773423 0.5773126 -0.5773814 0.5773568 0.5773542 -0.5773483 -0.5773484 0.5773133 0.5773808 0.5773567 0.5773535 0.5773487 -0.5773487 -0.5773504 0.5773501 0.5773504 0.904532 -0.3015121 0.3015169 0.9045369 0.3014994 0.3015146 0.9045334 0.3015124 -0.3015125 0.5773638 -0.5773292 0.577358 0.5773471 0.5773473 0.5773564 -0.5956923 0.8032129 2.26034e-7 0.5956971 0.2482129 -0.7638949 -0.5957067 0.2481959 -0.7638928 0.5956823 -0.6498187 -0.4721212 -0.5957019 -0.649807 -0.4721125 -0.5956869 -0.6498207 0.4721124 0.5957115 0.8031986 0 0.5956872 -0.6498115 0.4721247 -0.5956872 0.2481998 0.7639069 0.5956971 0.2482123 0.763895 -0.5957021 -0.2482039 0.7638939</float_array>
          <technique_common>
            <accessor source="#Circle_002-mesh-normals-array" count="1070" stride="3">
              <param name="X" type="float"/>
              <param name="Y" type="float"/>
              <param name="Z" type="float"/>
            </accessor>
          </technique_common>
        </source>
        <source id="Circle_002-mesh-map-0">
          <float_array id="Circle_002-mesh-map-0-array" count="12216">0 0 0 0 0 0 0 0 0 0 0 0 0 0 0 0 0 0 0 0 0 0 0 0 0 0 0 0 0 0 0 0 0 0 0 0 0 0 0 0 0 0 0 0 0 0 0 0 0 0 0 0 0 0 0 0 0 0 0 0 0 0 0 0 0 0 0 0 0 0 0 0 0 0 0 0 0 0 0 0 0 0 0 0 0 0 0 0 0 0 0 0 0 0 0 0 0 0 0 0 0 0 0 0 0 0 0 0 0 0 0 0 0 0 0 0 0 0 0 0 0 0 0 0 0 0 0 0 0 0 0 0 0 0 0 0 0 0 0 0 0 0 0 0 0 0 0 0 0 0 0 0 0 0 0 0 0 0 0 0 0 0 0 0 0 0 0 0 0 0 0 0 0 0 0 0 0 0 0 0 0 0 0 0 0 0 0 0 0 0 0 0 0 0 0 0 0 0 0 0 0 0 0 0 0 0 0 0 0 0 0 0 0 0 0 0 0 0 0 0 0 0 0 0 0 0 0 0 0 0 0 0 0 0 0 0 0 0 0 0 0 0 0 0 0 0 0 0 0 0 0 0 0 0 0 0 0 0 0 0 0 0 0 0 0 0 0 0 0 0 0 0 0 0 0 0 0 0 0 0 0 0 0 0 0 0 0 0 0 0 0 0 0 0 0 0 0 0 0 0 0 0 0 0 0 0 0 0 0 0 0 0 0 0 0 0 0 0 0 0 0 0 0 0 0 0 0 0 0 0 0 0 0 0 0 0 0 0 0 0 0 0 0 0 0 0 0 0 0 0 0 0 0 0 0 0 0 0 0 0 0 0 0 0 0 0 0 0 0 0 0 0 0 0 0 0 0 0 0 0 0 0 0 0 0 0 0 0 0 0 0 0 0 0 0 0 0 0 0 0 0 0 0 0 0 0 0 0 0 0 0 0 0 0 0 0 0 0 0 0 0 0 0 0 0 0 0 0 0 0 0 0 0 0 0 0 0 0 0 0 0 0 0 0 0 0 0 0 0 0 0 0 0 0 0 0 0 0 0 0 0 0 0 0 0 0 0 0 0 0 0 0 0 0 0 0 0 0 0 0 0 0 0 0 0 0 0 0 0 0 0 0 0 0 0 0 0 0 0 0 0 0 0 0 0 0 0 0 0 0 0 0 0 0 0 0 0 0 0 0 0 0 0 0 0 0 0 0 0 0 0 0 0 0 0 0 0 0 0 0 0 0 0 0 0 0 0 0 0 0 0 0 0 0 0 0 0 0 0 0 0 0 0 0 0 0 0 0 0 0 0 0 0 0 0 0 0 0 0 0 0 0 0 0 0 0 0 0 0 0 0 0 0 0 0 0 0 0 0 0 0 0 0 0 0 0 0 0 0 0 0 0 0 0 0 0 0 0 0 0 0 0 0 0 0 0 0 0 0 0 0 0 0 0 0 0 0 0 0 0 0 0 0 0 0 0 0 0 0 0 0 0 0 0 0 0 0 0 0 0 0 0 0 0 0 0 0 0 0 0 0 0 0 0 0 0 0 0 0 0 0 0 0 0 0 0 0 0 0 0 0 0 0 0 0 0 0 0 0 0 0 0 0 0 0 0 0 0 0 0 0 0 0 0 0 0 0 0 0 0 0 0 0 0 0 0 0 0 0 0 0 0 0 0 0 0 0 0 0 0 0 0 0 0 0 0 0 0 0 0 0 0 0 0 0 0 0 0 0 0 0 0 0 0 0 0 0 0 0 0 0 0 0 0 0.7813878 0.2186122 0.7813878 0.7813878 0.7813878 0.7813878 0 0 1 1 0 1 1 0 0 0 0 0 1 1 1 0 1 0 0 1 0 0 0 1 0 1 1 1 1 1 0.2186122 0.7813878 0 0 0 1 0.7813878 0.2186122 0 0 0.2186122 0.2186122 0.7813878 0.7813878 1 0 0.7813878 0.2186122 0.2186122 0.7813878 1 1 0.7813878 0.7813878 0.2186122 0.2186122 0.7813878 0.7813878 0.7813878 0.2186122 0.2186122 0.7813878 0.2186122 0.2186122 0.2186122 0.2186122 0.2186122 0.7813878 0.7813878 0.7813878 0.2186122 0.7813878 0.2186122 0.2186122 0.7813878 0.2186122 0.7813878 0.2186122 0.7813878 0.2186122 0.7813878 0.7813878 0.7813878 0.7813878 0 0 1 1 0 1 1 0 0 0 0 0 1 1 1 0 1 0 0 0 0 1 0 1 1 1 0 1 1 1 0.2186122 0.7813878 0 0 0 1 0.2186122 0.2186122 1 0 0 0 0.7813878 0.2186122 1 1 1 0 0.7813878 0.7813878 0 1 1 1 0.2186122 0.7813878 0.7813878 0.2186122 0.2186122 0.2186122 0.2186122 0.2186122 0.2186122 0.7813878 0.2186122 0.2186122 0.7813878 0.7813878 0.2186122 0.7813878 0.2186122 0.7813878 0.2186122 0.2186122 0.7813878 0.2186122 0.7813878 0.2186122 0.7813878 0.7813878 0.7813878 0.2186122 0.7813878 0.7813878 1 0 0 1 0 0 1 0 0 0 0 0 1 1 1 0 1 0 0 1 0 0 0 1 1 1 0 1 1 1 0.2186122 0.2186122 0 1 0.2186122 0.7813878 0.2186122 0.2186122 1 0 0 0 0.7813878 0.2186122 1 1 1 0 0.7813878 0.7813878 0 1 1 1 0.2186122 0.7813878 0.7813878 0.2186122 0.2186122 0.2186122 0.2186122 0.7813878 0.2186122 0.2186122 0.2186122 0.2186122 0.7813878 0.7813878 0.2186122 0.7813878 0.2186122 0.7813878 0.2186122 0.2186122 0.7813878 0.2186122 0.7813878 0.2186122 0.7813878 0.2186122 0.7813878 0.7813878 0.7813878 0.7813878 0 0 1 1 0 1 1 0 0 0 0 0 1 0 1 1 1 0 0 0 0 1 0 1 0 1 1 1 1 1 0.2186122 0.7813878 0 0 0 1 0.7813878 0.2186122 0 0 0.2186122 0.2186122 0.7813878 0.2186122 1 1 1 0 0.7813878 0.7813878 0 1 1 1 0.2186122 0.2186122 0.7813878 0.7813878 0.7813878 0.2186122 0.2186122 0.7813878 0.2186122 0.2186122 0.2186122 0.2186122 0.2186122 0.7813878 0.7813878 0.7813878 0.2186122 0.7813878 0.2186122 0.2186122 0.7813878 0.2186122 0.7813878 0.2186122 0.7813878 0.2186122 0.7813878 0.7813878 0.7813878 0.7813878 1 0 0 1 0 0 0 0 1 0 0 0 1 1 1 0 1 0 0 0 0 1 0 1 0 1 1 1 1 1 0.2186122 0.7813878 0 0 0 1 0.2186122 0.2186122 1 0 0 0 0.7813878 0.7813878 1 0 0.7813878 0.2186122 0.2186122 0.7813878 1 1 0.7813878 0.7813878 0.2186122 0.7813878 0.7813878 0.2186122 0.2186122 0.2186122 0.2186122 0.7813878 0.2186122 0.2186122 0.2186122 0.2186122 0.7813878 0.7813878 0.2186122 0.7813878 0.2186122 0.7813878 0.2186122 0.2186122 0.7813878 0.2186122 0.7813878 0.2186122 1 0.5 0.8 1 0.8 0.5 0.8 1 0.6 0.5 0.8 0.5 0.6 1 0.4 0.5 0.6 0.5 0.25 0.49 0.1089315 0.0558359 0.3910685 0.0558359 0.4 1 0.2 0.5 0.4 0.5 0.2 0.5 0 1 0 0.5 0.9782536 0.3241641 0.6089316 0.0558359 0.5217465 0.3241641 0.5 0.5 0.5208333 0.5833333 0.5 0.5833333 0.5 0.5833333 0.5208333 0.6666667 0.5 0.6666667 0.5 0.6666667 0.5208333 0.75 0.5 0.75 0.5 0.75 0.5208333 0.8333333 0.5 0.8333333 0.5208333 0.8333333 0.5 0.9166667 0.5 0.8333333 0.5 0.9166667 0.5208333 1 0.5 1 0.5208333 0 0.5 0.08333331 0.5 0 0.5208333 0.08333331 0.5 0.1666666 0.5 0.08333331 0.5208333 0.1666666 0.5 0.25 0.5 0.1666666 0.5208333 0.25 0.5 0.3333333 0.5 0.25 0.5208333 0.3333333 0.5 0.4166666 0.5 0.3333333 0.5208333 0.4166666 0.5 0.5 0.5 0.4166666 0.5416667 0.5 0.5208333 0.5833333 0.5208333 0.5 0.5416667 0.5833333 0.5208333 0.6666667 0.5208333 0.5833333 0.5416667 0.6666667 0.5208333 0.75 0.5208333 0.6666667 0.5416667 0.75 0.5208333 0.8333333 0.5208333 0.75 0.5416667 0.8333333 0.5208333 0.9166667 0.5208333 0.8333333 0.5208333 0.9166667 0.5416667 1 0.5208333 1 0.5416667 0 0.5208333 0.08333331 0.5208333 0 0.5416667 0.08333331 0.5208333 0.1666666 0.5208333 0.08333331 0.5208333 0.1666666 0.5416667 0.25 0.5208333 0.25 0.5416667 0.25 0.5208333 0.3333333 0.5208333 0.25 0.5208333 0.3333333 0.5416667 0.4166666 0.5208333 0.4166666 0.5208333 0.4166666 0.5416667 0.5 0.5208333 0.5 0.5625 0.5 0.5416667 0.5833333 0.5416667 0.5 0.5625 0.5833333 0.5416667 0.6666667 0.5416667 0.5833333 0.5416667 0.6666667 0.5625 0.75 0.5416667 0.75 0.5416667 0.75 0.5625 0.8333333 0.5416667 0.8333333 0.5416667 0.8333333 0.5625 0.9166667 0.5416667 0.9166667 0.5416667 0.9166667 0.5625 1 0.5416667 1 0.5625 0 0.5416667 0.08333331 0.5416667 0 0.5625 0.08333331 0.5416667 0.1666666 0.5416667 0.08333331 0.5416667 0.1666666 0.5625 0.25 0.5416667 0.25 0.5416667 0.25 0.5625 0.3333333 0.5416667 0.3333333 0.5625 0.3333333 0.5416667 0.4166666 0.5416667 0.3333333 0.5625 0.4166666 0.5416667 0.5 0.5416667 0.4166666 0.5833333 0.5 0.5625 0.5833333 0.5625 0.5 0.5833333 0.5833333 0.5625 0.6666667 0.5625 0.5833333 0.5833333 0.6666667 0.5625 0.75 0.5625 0.6666667 0.5833333 0.75 0.5625 0.8333333 0.5625 0.75 0.5833333 0.8333333 0.5625 0.9166667 0.5625 0.8333333 0.5833333 0.9166667 0.5625 1 0.5625 0.9166667 0.5833333 0 0.5625 0.08333331 0.5625 0 0.5833333 0.08333331 0.5625 0.1666666 0.5625 0.08333331 0.5625 0.1666666 0.5833333 0.25 0.5625 0.25 0.5625 0.25 0.5833333 0.3333333 0.5625 0.3333333 0.5833333 0.3333333 0.5625 0.4166666 0.5625 0.3333333 0.5625 0.4166666 0.5833333 0.5 0.5625 0.5 0.5833333 0.5 0.6041667 0.5833333 0.5833333 0.5833333 0.5833333 0.5833333 0.6041667 0.6666667 0.5833333 0.6666667 0.5833333 0.6666667 0.6041667 0.75 0.5833333 0.75 0.6041667 0.75 0.5833333 0.8333333 0.5833333 0.75 0.6041667 0.8333333 0.5833333 0.9166667 0.5833333 0.8333333 0.5833333 0.9166667 0.6041667 1 0.5833333 1 0.6041667 0 0.5833333 0.08333331 0.5833333 0 0.6041667 0.08333331 0.5833333 0.1666666 0.5833333 0.08333331 0.5833333 0.1666666 0.6041667 0.25 0.5833333 0.25 0.5833333 0.25 0.6041667 0.3333333 0.5833333 0.3333333 0.6041667 0.3333333 0.5833333 0.4166666 0.5833333 0.3333333 0.5833333 0.4166666 0.6041667 0.5 0.5833333 0.5 0.625 0.5 0.6041667 0.5833333 0.6041667 0.5 0.6041667 0.5833333 0.625 0.6666667 0.6041667 0.6666667 0.6041667 0.6666667 0.625 0.75 0.6041667 0.75 0.625 0.75 0.6041667 0.8333333 0.6041667 0.75 0.625 0.8333333 0.6041667 0.9166667 0.6041667 0.8333333 0.6041667 0.9166667 0.625 1 0.6041667 1 0.6041667 0 0.625 0.08333331 0.6041667 0.08333331 0.625 0.08333331 0.6041667 0.1666666 0.6041667 0.08333331 0.6041667 0.1666666 0.625 0.25 0.6041667 0.25 0.6041667 0.25 0.625 0.3333333 0.6041667 0.3333333 0.6041667 0.3333333 0.625 0.4166666 0.6041667 0.4166666 0.625 0.4166666 0.6041667 0.5 0.6041667 0.4166666 0.6458333 0.5 0.625 0.5833333 0.625 0.5 0.625 0.5833333 0.6458333 0.6666667 0.625 0.6666667 0.6458333 0.6666667 0.625 0.75 0.625 0.6666667 0.6458333 0.75 0.625 0.8333333 0.625 0.75 0.625 0.8333333 0.6458333 0.9166667 0.625 0.9166667 0.625 0.9166667 0.6458333 1 0.625 1 0.625 0 0.6458333 0.08333331 0.625 0.08333331 0.6458333 0.08333331 0.625 0.1666666 0.625 0.08333331 0.625 0.1666666 0.6458333 0.25 0.625 0.25 0.6458333 0.25 0.625 0.3333333 0.625 0.25 0.625 0.3333333 0.6458333 0.4166666 0.625 0.4166666 0.6458333 0.4166666 0.625 0.5 0.625 0.4166666 0.6666667 0.5 0.6458333 0.5833333 0.6458333 0.5 0.6458333 0.5833333 0.6666667 0.6666667 0.6458333 0.6666667 0.6458333 0.6666667 0.6666667 0.75 0.6458333 0.75 0.6458333 0.75 0.6666667 0.8333333 0.6458333 0.8333333 0.6458333 0.8333333 0.6666667 0.9166667 0.6458333 0.9166667 0.6666667 0.9166667 0.6458333 1 0.6458333 0.9166667 0.6458333 0 0.6666667 0.08333331 0.6458333 0.08333331 0.6666667 0.08333331 0.6458333 0.1666666 0.6458333 0.08333331 0.6666667 0.1666666 0.6458333 0.25 0.6458333 0.1666666 0.6666667 0.25 0.6458333 0.3333333 0.6458333 0.25 0.6458333 0.3333333 0.6666667 0.4166666 0.6458333 0.4166666 0.6458333 0.4166666 0.6666667 0.5 0.6458333 0.5 0.6875 0.5 0.6666667 0.5833333 0.6666667 0.5 0.6875 0.5833333 0.6666667 0.6666667 0.6666667 0.5833333 0.6666667 0.6666667 0.6875 0.75 0.6666667 0.75 0.6666667 0.75 0.6875 0.8333333 0.6666667 0.8333333 0.6875 0.8333333 0.6666667 0.9166667 0.6666667 0.8333333 0.6875 0.9166667 0.6666667 1 0.6666667 0.9166667 0.6875 0 0.6666667 0.08333331 0.6666667 0 0.6666667 0.08333331 0.6875 0.1666666 0.6666667 0.1666666 0.6875 0.1666666 0.6666667 0.25 0.6666667 0.1666666 0.6875 0.25 0.6666667 0.3333333 0.6666667 0.25 0.6666667 0.3333333 0.6875 0.4166666 0.6666667 0.4166666 0.6875 0.4166666 0.6666667 0.5 0.6666667 0.4166666 0.6875 0.5 0.7083333 0.5833333 0.6875 0.5833333 0.7083333 0.5833333 0.6875 0.6666667 0.6875 0.5833333 0.7083333 0.6666667 0.6875 0.75 0.6875 0.6666667 0.6875 0.75 0.7083333 0.8333333 0.6875 0.8333333 0.6875 0.8333333 0.7083333 0.9166667 0.6875 0.9166667 0.7083333 0.9166667 0.6875 1 0.6875 0.9166667 0.7083333 0 0.6875 0.08333331 0.6875 0 0.7083333 0.08333331 0.6875 0.1666666 0.6875 0.08333331 0.6875 0.1666666 0.7083333 0.25 0.6875 0.25 0.7083333 0.25 0.6875 0.3333333 0.6875 0.25 0.7083333 0.3333333 0.6875 0.4166666 0.6875 0.3333333 0.7083333 0.4166666 0.6875 0.5 0.6875 0.4166666 0.7083333 0.5 0.7291667 0.5833333 0.7083333 0.5833333 0.7083333 0.5833333 0.7291667 0.6666667 0.7083333 0.6666667 0.7083333 0.6666667 0.7291667 0.75 0.7083333 0.75 0.7291667 0.75 0.7083333 0.8333333 0.7083333 0.75 0.7083333 0.8333333 0.7291667 0.9166667 0.7083333 0.9166667 0.7083333 0.9166667 0.7291667 1 0.7083333 1 0.7083333 0 0.7291667 0.08333331 0.7083333 0.08333331 0.7083333 0.08333331 0.7291667 0.1666666 0.7083333 0.1666666 0.7083333 0.1666666 0.7291667 0.25 0.7083333 0.25 0.7291667 0.25 0.7083333 0.3333333 0.7083333 0.25 0.7291667 0.3333333 0.7083333 0.4166666 0.7083333 0.3333333 0.7291667 0.4166666 0.7083333 0.5 0.7083333 0.4166666 0.7291667 0.5 0.75 0.5833333 0.7291667 0.5833333 0.7291667 0.5833333 0.75 0.6666667 0.7291667 0.6666667 0.75 0.6666667 0.7291667 0.75 0.7291667 0.6666667 0.75 0.75 0.7291667 0.8333333 0.7291667 0.75 0.75 0.8333333 0.7291667 0.9166667 0.7291667 0.8333333 0.75 0.9166667 0.7291667 1 0.7291667 0.9166667 0.75 0 0.7291667 0.08333331 0.7291667 0 0.75 0.08333331 0.7291667 0.1666666 0.7291667 0.08333331 0.7291667 0.1666666 0.75 0.25 0.7291667 0.25 0.7291667 0.25 0.75 0.3333333 0.7291667 0.3333333 0.7291667 0.3333333 0.75 0.4166666 0.7291667 0.4166666 0.7291667 0.4166666 0.75 0.5 0.7291667 0.5 0.7708333 0.5 0.75 0.5833333 0.75 0.5 0.75 0.5833333 0.7708333 0.6666667 0.75 0.6666667 0.7708333 0.6666667 0.75 0.75 0.75 0.6666667 0.75 0.75 0.7708333 0.8333333 0.75 0.8333333 0.7708333 0.8333333 0.75 0.9166667 0.75 0.8333333 0.7708333 0.9166667 0.75 1 0.75 0.9166667 0.7708333 0 0.75 0.08333331 0.75 0 0.7708333 0.08333331 0.75 0.1666666 0.75 0.08333331 0.7708333 0.1666666 0.75 0.25 0.75 0.1666666 0.7708333 0.25 0.75 0.3333333 0.75 0.25 0.7708333 0.3333333 0.75 0.4166666 0.75 0.3333333 0.75 0.4166666 0.7708333 0.5 0.75 0.5 0.7708333 0.5 0.7916667 0.5833333 0.7708333 0.5833333 0.7916667 0.5833333 0.7708333 0.6666667 0.7708333 0.5833333 0.7916667 0.6666667 0.7708333 0.75 0.7708333 0.6666667 0.7916667 0.75 0.7708333 0.8333333 0.7708333 0.75 0.7708333 0.8333333 0.7916667 0.9166667 0.7708333 0.9166667 0.7708333 0.9166667 0.7916667 1 0.7708333 1 0.7708333 0 0.7916667 0.08333331 0.7708333 0.08333331 0.7708333 0.08333331 0.7916667 0.1666666 0.7708333 0.1666666 0.7916667 0.1666666 0.7708333 0.25 0.7708333 0.1666666 0.7708333 0.25 0.7916667 0.3333333 0.7708333 0.3333333 0.7708333 0.3333333 0.7916667 0.4166666 0.7708333 0.4166666 0.7916667 0.4166666 0.7708333 0.5 0.7708333 0.4166666 0.8125 0.5 0.7916667 0.5833333 0.7916667 0.5 0.8125 0.5833333 0.7916667 0.6666667 0.7916667 0.5833333 0.7916667 0.6666667 0.8125 0.75 0.7916667 0.75 0.7916667 0.75 0.8125 0.8333333 0.7916667 0.8333333 0.7916667 0.8333333 0.8125 0.9166667 0.7916667 0.9166667 0.8125 0.9166667 0.7916667 1 0.7916667 0.9166667 0.8125 0 0.7916667 0.08333331 0.7916667 0 0.8125 0.08333331 0.7916667 0.1666666 0.7916667 0.08333331 0.8125 0.1666666 0.7916667 0.25 0.7916667 0.1666666 0.8125 0.25 0.7916667 0.3333333 0.7916667 0.25 0.8125 0.3333333 0.7916667 0.4166666 0.7916667 0.3333333 0.7916667 0.4166666 0.8125 0.5 0.7916667 0.5 0.8333333 0.5 0.8125 0.5833333 0.8125 0.5 0.8125 0.5833333 0.8333333 0.6666667 0.8125 0.6666667 0.8125 0.6666667 0.8333333 0.75 0.8125 0.75 0.8125 0.75 0.8333333 0.8333333 0.8125 0.8333333 0.8125 0.8333333 0.8333333 0.9166667 0.8125 0.9166667 0.8125 0.9166667 0.8333333 1 0.8125 1 0.8125 0 0.8333333 0.08333331 0.8125 0.08333331 0.8333333 0.08333331 0.8125 0.1666666 0.8125 0.08333331 0.8333333 0.1666666 0.8125 0.25 0.8125 0.1666666 0.8333333 0.25 0.8125 0.3333333 0.8125 0.25 0.8333333 0.3333333 0.8125 0.4166666 0.8125 0.3333333 0.8333333 0.4166666 0.8125 0.5 0.8125 0.4166666 0.8541667 0.5 0.8333333 0.5833333 0.8333333 0.5 0.8333333 0.5833333 0.8541667 0.6666667 0.8333333 0.6666667 0.8541667 0.6666667 0.8333333 0.75 0.8333333 0.6666667 0.8541667 0.75 0.8333333 0.8333333 0.8333333 0.75 0.8541667 0.8333333 0.8333333 0.9166667 0.8333333 0.8333333 0.8541667 0.9166667 0.8333333 1 0.8333333 0.9166667 0.8333333 0 0.8541667 0.08333331 0.8333333 0.08333331 0.8541667 0.08333331 0.8333333 0.1666666 0.8333333 0.08333331 0.8541667 0.1666666 0.8333333 0.25 0.8333333 0.1666666 0.8333333 0.25 0.8541667 0.3333333 0.8333333 0.3333333 0.8333333 0.3333333 0.8541667 0.4166666 0.8333333 0.4166666 0.8333333 0.4166666 0.8541667 0.5 0.8333333 0.5 0.8541667 0.5 0.875 0.5833333 0.8541667 0.5833333 0.8541667 0.5833333 0.875 0.6666667 0.8541667 0.6666667 0.8541667 0.6666667 0.875 0.75 0.8541667 0.75 0.875 0.75 0.8541667 0.8333333 0.8541667 0.75 0.875 0.8333333 0.8541667 0.9166667 0.8541667 0.8333333 0.8541667 0.9166667 0.875 1 0.8541667 1 0.875 0 0.8541667 0.08333331 0.8541667 0 0.8541667 0.08333331 0.875 0.1666666 0.8541667 0.1666666 0.8541667 0.1666666 0.875 0.25 0.8541667 0.25 0.875 0.25 0.8541667 0.3333333 0.8541667 0.25 0.8541667 0.3333333 0.875 0.4166666 0.8541667 0.4166666 0.875 0.4166666 0.8541667 0.5 0.8541667 0.4166666 0.8958333 0.5 0.875 0.5833333 0.875 0.5 0.8958333 0.5833333 0.875 0.6666667 0.875 0.5833333 0.875 0.6666667 0.8958333 0.75 0.875 0.75 0.875 0.75 0.8958333 0.8333333 0.875 0.8333333 0.875 0.8333333 0.8958333 0.9166667 0.875 0.9166667 0.875 0.9166667 0.8958333 1 0.875 1 0.875 0 0.8958333 0.08333331 0.875 0.08333331 0.8958333 0.08333331 0.875 0.1666666 0.875 0.08333331 0.8958333 0.1666666 0.875 0.25 0.875 0.1666666 0.875 0.25 0.8958333 0.3333333 0.875 0.3333333 0.875 0.3333333 0.8958333 0.4166666 0.875 0.4166666 0.8958333 0.4166666 0.875 0.5 0.875 0.4166666 0.8958333 0.5 0.9166667 0.5833333 0.8958333 0.5833333 0.9166667 0.5833333 0.8958333 0.6666667 0.8958333 0.5833333 0.8958333 0.6666667 0.9166667 0.75 0.8958333 0.75 0.8958333 0.75 0.9166667 0.8333333 0.8958333 0.8333333 0.9166667 0.8333333 0.8958333 0.9166667 0.8958333 0.8333333 0.9166667 0.9166667 0.8958333 1 0.8958333 0.9166667 0.9166667 0 0.8958333 0.08333331 0.8958333 0 0.9166667 0.08333331 0.8958333 0.1666666 0.8958333 0.08333331 0.8958333 0.1666666 0.9166667 0.25 0.8958333 0.25 0.8958333 0.25 0.9166667 0.3333333 0.8958333 0.3333333 0.9166667 0.3333333 0.8958333 0.4166666 0.8958333 0.3333333 0.8958333 0.4166666 0.9166667 0.5 0.8958333 0.5 0.9166667 0.5 0.9375 0.5833333 0.9166667 0.5833333 0.9375 0.5833333 0.9166667 0.6666667 0.9166667 0.5833333 0.9166667 0.6666667 0.9375 0.75 0.9166667 0.75 0.9166667 0.75 0.9375 0.8333333 0.9166667 0.8333333 0.9375 0.8333333 0.9166667 0.9166667 0.9166667 0.8333333 0.9375 0.9166667 0.9166667 1 0.9166667 0.9166667 0.9166667 0 0.9375 0.08333331 0.9166667 0.08333331 0.9375 0.08333331 0.9166667 0.1666666 0.9166667 0.08333331 0.9166667 0.1666666 0.9375 0.25 0.9166667 0.25 0.9375 0.25 0.9166667 0.3333333 0.9166667 0.25 0.9375 0.3333333 0.9166667 0.4166666 0.9166667 0.3333333 0.9375 0.4166666 0.9166667 0.5 0.9166667 0.4166666 0.9375 0.5 0.9583333 0.5833333 0.9375 0.5833333 0.9583333 0.5833333 0.9375 0.6666667 0.9375 0.5833333 0.9583333 0.6666667 0.9375 0.75 0.9375 0.6666667 0.9583333 0.75 0.9375 0.8333333 0.9375 0.75 0.9375 0.8333333 0.9583333 0.9166667 0.9375 0.9166667 0.9375 0.9166667 0.9583333 1 0.9375 1 0.9375 0 0.9583333 0.08333331 0.9375 0.08333331 0.9583333 0.08333331 0.9375 0.1666666 0.9375 0.08333331 0.9375 0.1666666 0.9583333 0.25 0.9375 0.25 0.9375 0.25 0.9583333 0.3333333 0.9375 0.3333333 0.9583333 0.3333333 0.9375 0.4166666 0.9375 0.3333333 0.9583333 0.4166666 0.9375 0.5 0.9375 0.4166666 0.9583333 0.5 0.9791667 0.5833333 0.9583333 0.5833333 0.9791667 0.5833333 0.9583333 0.6666667 0.9583333 0.5833333 0.9791667 0.6666667 0.9583333 0.75 0.9583333 0.6666667 0.9791667 0.75 0.9583333 0.8333333 0.9583333 0.75 0.9791667 0.8333333 0.9583333 0.9166667 0.9583333 0.8333333 0.9583333 0.9166667 0.9791667 1 0.9583333 1 0.9791667 0 0.9583333 0.08333331 0.9583333 0 0.9791667 0.08333331 0.9583333 0.1666666 0.9583333 0.08333331 0.9583333 0.1666666 0.9791667 0.25 0.9583333 0.25 0.9583333 0.25 0.9791667 0.3333333 0.9583333 0.3333333 0.9583333 0.3333333 0.9791667 0.4166666 0.9583333 0.4166666 0.9583333 0.4166666 0.9791667 0.5 0.9583333 0.5 0.9791667 0.5 1 0.5833333 0.9791667 0.5833333 0.9791667 0.5833333 1 0.6666667 0.9791667 0.6666667 0.9791667 0.6666667 1 0.75 0.9791667 0.75 1 0.75 0.9791667 0.8333333 0.9791667 0.75 1 0.8333333 0.9791667 0.9166667 0.9791667 0.8333333 1 0.9166667 0.9791667 1 0.9791667 0.9166667 0.9791667 0 1 0.08333331 0.9791667 0.08333331 0.9791667 0.08333331 1 0.1666666 0.9791667 0.1666666 1 0.1666666 0.9791667 0.25 0.9791667 0.1666666 1 0.25 0.9791667 0.3333333 0.9791667 0.25 1 0.3333333 0.9791667 0.4166666 0.9791667 0.3333333 1 0.4166666 0.9791667 0.5 0.9791667 0.4166666 0.02083331 0.5 0 0.5833333 0 0.5 0.02083331 0.5833333 0 0.6666667 0 0.5833333 0.02083331 0.6666667 0 0.75 0 0.6666667 0 0.75 0.02083331 0.8333333 0 0.8333333 0 0.8333333 0.02083331 0.9166667 0 0.9166667 0.02083331 0.9166667 0 1 0 0.9166667 0.02083331 0 0 0.08333331 0 0 0.02083331 0.08333331 0 0.1666666 0 0.08333331 0 0.1666666 0.02083331 0.25 0 0.25 0 0.25 0.02083331 0.3333333 0 0.3333333 0 0.3333333 0.02083331 0.4166666 0 0.4166666 0 0.4166666 0.02083331 0.5 0 0.5 0.04166662 0.5 0.02083331 0.5833333 0.02083331 0.5 0.02083331 0.5833333 0.04166662 0.6666667 0.02083331 0.6666667 0.02083331 0.6666667 0.04166662 0.75 0.02083331 0.75 0.02083331 0.75 0.04166662 0.8333333 0.02083331 0.8333333 0.02083331 0.8333333 0.04166662 0.9166667 0.02083331 0.9166667 0.04166662 0.9166667 0.02083331 1 0.02083331 0.9166667 0.04166662 0 0.02083331 0.08333331 0.02083331 0 0.04166662 0.08333331 0.02083331 0.1666666 0.02083331 0.08333331 0.04166662 0.1666666 0.02083331 0.25 0.02083331 0.1666666 0.04166662 0.25 0.02083331 0.3333333 0.02083331 0.25 0.02083331 0.3333333 0.04166662 0.4166666 0.02083331 0.4166666 0.04166662 0.4166666 0.02083331 0.5 0.02083331 0.4166666 0.04166662 0.5 0.0625 0.5833333 0.04166662 0.5833333 0.04166662 0.5833333 0.0625 0.6666667 0.04166662 0.6666667 0.04166662 0.6666667 0.0625 0.75 0.04166662 0.75 0.04166662 0.75 0.0625 0.8333333 0.04166662 0.8333333 0.0625 0.8333333 0.04166662 0.9166667 0.04166662 0.8333333 0.0625 0.9166667 0.04166662 1 0.04166662 0.9166667 0.0625 0 0.04166662 0.08333331 0.04166662 0 0.04166662 0.08333331 0.0625 0.1666666 0.04166662 0.1666666 0.0625 0.1666666 0.04166662 0.25 0.04166662 0.1666666 0.0625 0.25 0.04166662 0.3333333 0.04166662 0.25 0.0625 0.3333333 0.04166662 0.4166666 0.04166662 0.3333333 0.04166662 0.4166666 0.0625 0.5 0.04166662 0.5 0.08333331 0.5 0.0625 0.5833333 0.0625 0.5 0.08333331 0.5833333 0.0625 0.6666667 0.0625 0.5833333 0.08333331 0.6666667 0.0625 0.75 0.0625 0.6666667 0.0625 0.75 0.08333331 0.8333333 0.0625 0.8333333 0.0625 0.8333333 0.08333331 0.9166667 0.0625 0.9166667 0.0625 0.9166667 0.08333331 1 0.0625 1 0.08333331 0 0.0625 0.08333331 0.0625 0 0.08333331 0.08333331 0.0625 0.1666666 0.0625 0.08333331 0.08333331 0.1666666 0.0625 0.25 0.0625 0.1666666 0.0625 0.25 0.08333331 0.3333333 0.0625 0.3333333 0.0625 0.3333333 0.08333331 0.4166666 0.0625 0.4166666 0.08333331 0.4166666 0.0625 0.5 0.0625 0.4166666 0.1041666 0.5 0.08333331 0.5833333 0.08333331 0.5 0.08333331 0.5833333 0.1041666 0.6666667 0.08333331 0.6666667 0.1041666 0.6666667 0.08333331 0.75 0.08333331 0.6666667 0.1041666 0.75 0.08333331 0.8333333 0.08333331 0.75 0.08333331 0.8333333 0.1041666 0.9166667 0.08333331 0.9166667 0.1041666 0.9166667 0.08333331 1 0.08333331 0.9166667 0.08333331 0 0.1041666 0.08333331 0.08333331 0.08333331 0.08333331 0.08333331 0.1041666 0.1666666 0.08333331 0.1666666 0.1041666 0.1666666 0.08333331 0.25 0.08333331 0.1666666 0.1041666 0.25 0.08333331 0.3333333 0.08333331 0.25 0.08333331 0.3333333 0.1041666 0.4166666 0.08333331 0.4166666 0.1041666 0.4166666 0.08333331 0.5 0.08333331 0.4166666 0.125 0.5 0.1041666 0.5833333 0.1041666 0.5 0.1041666 0.5833333 0.125 0.6666667 0.1041666 0.6666667 0.125 0.6666667 0.1041666 0.75 0.1041666 0.6666667 0.125 0.75 0.1041666 0.8333333 0.1041666 0.75 0.1041666 0.8333333 0.125 0.9166667 0.1041666 0.9166667 0.125 0.9166667 0.1041666 1 0.1041666 0.9166667 0.125 0 0.1041666 0.08333331 0.1041666 0 0.1041666 0.08333331 0.125 0.1666666 0.1041666 0.1666666 0.1041666 0.1666666 0.125 0.25 0.1041666 0.25 0.125 0.25 0.1041666 0.3333333 0.1041666 0.25 0.125 0.3333333 0.1041666 0.4166666 0.1041666 0.3333333 0.1041666 0.4166666 0.125 0.5 0.1041666 0.5 0.1458333 0.5 0.125 0.5833333 0.125 0.5 0.1458333 0.5833333 0.125 0.6666667 0.125 0.5833333 0.1458333 0.6666667 0.125 0.75 0.125 0.6666667 0.1458333 0.75 0.125 0.8333333 0.125 0.75 0.1458333 0.8333333 0.125 0.9166667 0.125 0.8333333 0.1458333 0.9166667 0.125 1 0.125 0.9166667 0.1458333 0 0.125 0.08333331 0.125 0 0.1458333 0.08333331 0.125 0.1666666 0.125 0.08333331 0.1458333 0.1666666 0.125 0.25 0.125 0.1666666 0.125 0.25 0.1458333 0.3333333 0.125 0.3333333 0.1458333 0.3333333 0.125 0.4166666 0.125 0.3333333 0.125 0.4166666 0.1458333 0.5 0.125 0.5 0.1458333 0.5 0.1666666 0.5833333 0.1458333 0.5833333 0.1666666 0.5833333 0.1458333 0.6666667 0.1458333 0.5833333 0.1666666 0.6666667 0.1458333 0.75 0.1458333 0.6666667 0.1458333 0.75 0.1666666 0.8333333 0.1458333 0.8333333 0.1458333 0.8333333 0.1666666 0.9166667 0.1458333 0.9166667 0.1458333 0.9166667 0.1666666 1 0.1458333 1 0.1666666 0 0.1458333 0.08333331 0.1458333 0 0.1458333 0.08333331 0.1666666 0.1666666 0.1458333 0.1666666 0.1458333 0.1666666 0.1666666 0.25 0.1458333 0.25 0.1666666 0.25 0.1458333 0.3333333 0.1458333 0.25 0.1666666 0.3333333 0.1458333 0.4166666 0.1458333 0.3333333 0.1666666 0.4166666 0.1458333 0.5 0.1458333 0.4166666 0.1666666 0.5 0.1875 0.5833333 0.1666666 0.5833333 0.1875 0.5833333 0.1666666 0.6666667 0.1666666 0.5833333 0.1666666 0.6666667 0.1875 0.75 0.1666666 0.75 0.1666666 0.75 0.1875 0.8333333 0.1666666 0.8333333 0.1875 0.8333333 0.1666666 0.9166667 0.1666666 0.8333333 0.1875 0.9166667 0.1666666 1 0.1666666 0.9166667 0.1875 0 0.1666666 0.08333331 0.1666666 0 0.1666666 0.08333331 0.1875 0.1666666 0.1666666 0.1666666 0.1875 0.1666666 0.1666666 0.25 0.1666666 0.1666666 0.1875 0.25 0.1666666 0.3333333 0.1666666 0.25 0.1875 0.3333333 0.1666666 0.4166666 0.1666666 0.3333333 0.1666666 0.4166666 0.1875 0.5 0.1666666 0.5 0.1875 0.5 0.2083333 0.5833333 0.1875 0.5833333 0.2083333 0.5833333 0.1875 0.6666667 0.1875 0.5833333 0.2083333 0.6666667 0.1875 0.75 0.1875 0.6666667 0.1875 0.75 0.2083333 0.8333333 0.1875 0.8333333 0.1875 0.8333333 0.2083333 0.9166667 0.1875 0.9166667 0.1875 0.9166667 0.2083333 1 0.1875 1 0.1875 0 0.2083333 0.08333331 0.1875 0.08333331 0.2083333 0.08333331 0.1875 0.1666666 0.1875 0.08333331 0.2083333 0.1666666 0.1875 0.25 0.1875 0.1666666 0.1875 0.25 0.2083333 0.3333333 0.1875 0.3333333 0.1875 0.3333333 0.2083333 0.4166666 0.1875 0.4166666 0.2083333 0.4166666 0.1875 0.5 0.1875 0.4166666 0.2083333 0.5 0.2291666 0.5833333 0.2083333 0.5833333 0.2083333 0.5833333 0.2291666 0.6666667 0.2083333 0.6666667 0.2291666 0.6666667 0.2083333 0.75 0.2083333 0.6666667 0.2291666 0.75 0.2083333 0.8333333 0.2083333 0.75 0.2291666 0.8333333 0.2083333 0.9166667 0.2083333 0.8333333 0.2291666 0.9166667 0.2083333 1 0.2083333 0.9166667 0.2291666 0 0.2083333 0.08333331 0.2083333 0 0.2291666 0.08333331 0.2083333 0.1666666 0.2083333 0.08333331 0.2083333 0.1666666 0.2291666 0.25 0.2083333 0.25 0.2083333 0.25 0.2291666 0.3333333 0.2083333 0.3333333 0.2291666 0.3333333 0.2083333 0.4166666 0.2083333 0.3333333 0.2291666 0.4166666 0.2083333 0.5 0.2083333 0.4166666 0.25 0.5 0.2291666 0.5833333 0.2291666 0.5 0.25 0.5833333 0.2291666 0.6666667 0.2291666 0.5833333 0.2291666 0.6666667 0.25 0.75 0.2291666 0.75 0.2291666 0.75 0.25 0.8333333 0.2291666 0.8333333 0.2291666 0.8333333 0.25 0.9166667 0.2291666 0.9166667 0.2291666 0.9166667 0.25 1 0.2291666 1 0.2291666 0 0.25 0.08333331 0.2291666 0.08333331 0.2291666 0.08333331 0.25 0.1666666 0.2291666 0.1666666 0.25 0.1666666 0.2291666 0.25 0.2291666 0.1666666 0.25 0.25 0.2291666 0.3333333 0.2291666 0.25 0.25 0.3333333 0.2291666 0.4166666 0.2291666 0.3333333 0.25 0.4166666 0.2291666 0.5 0.2291666 0.4166666 0.2708333 0.5 0.25 0.5833333 0.25 0.5 0.2708333 0.5833333 0.25 0.6666667 0.25 0.5833333 0.25 0.6666667 0.2708333 0.75 0.25 0.75 0.25 0.75 0.2708333 0.8333333 0.25 0.8333333 0.25 0.8333333 0.2708333 0.9166667 0.25 0.9166667 0.25 0.9166667 0.2708333 1 0.25 1 0.25 0 0.2708333 0.08333331 0.25 0.08333331 0.25 0.08333331 0.2708333 0.1666666 0.25 0.1666666 0.2708333 0.1666666 0.25 0.25 0.25 0.1666666 0.2708333 0.25 0.25 0.3333333 0.25 0.25 0.2708333 0.3333333 0.25 0.4166666 0.25 0.3333333 0.2708333 0.4166666 0.25 0.5 0.25 0.4166666 0.2916666 0.5 0.2708333 0.5833333 0.2708333 0.5 0.2916666 0.5833333 0.2708333 0.6666667 0.2708333 0.5833333 0.2916666 0.6666667 0.2708333 0.75 0.2708333 0.6666667 0.2916666 0.75 0.2708333 0.8333333 0.2708333 0.75 0.2916666 0.8333333 0.2708333 0.9166667 0.2708333 0.8333333 0.2916666 0.9166667 0.2708333 1 0.2708333 0.9166667 0.2916666 0 0.2708333 0.08333331 0.2708333 0 0.2916666 0.08333331 0.2708333 0.1666666 0.2708333 0.08333331 0.2708333 0.1666666 0.2916666 0.25 0.2708333 0.25 0.2708333 0.25 0.2916666 0.3333333 0.2708333 0.3333333 0.2708333 0.3333333 0.2916666 0.4166666 0.2708333 0.4166666 0.2916666 0.4166666 0.2708333 0.5 0.2708333 0.4166666 0.3125 0.5 0.2916666 0.5833333 0.2916666 0.5 0.2916666 0.5833333 0.3125 0.6666667 0.2916666 0.6666667 0.2916666 0.6666667 0.3125 0.75 0.2916666 0.75 0.3125 0.75 0.2916666 0.8333333 0.2916666 0.75 0.3125 0.8333333 0.2916666 0.9166667 0.2916666 0.8333333 0.2916666 0.9166667 0.3125 1 0.2916666 1 0.2916666 0 0.3125 0.08333331 0.2916666 0.08333331 0.2916666 0.08333331 0.3125 0.1666666 0.2916666 0.1666666 0.3125 0.1666666 0.2916666 0.25 0.2916666 0.1666666 0.2916666 0.25 0.3125 0.3333333 0.2916666 0.3333333 0.3125 0.3333333 0.2916666 0.4166666 0.2916666 0.3333333 0.2916666 0.4166666 0.3125 0.5 0.2916666 0.5 0.3125 0.5 0.3333333 0.5833333 0.3125 0.5833333 0.3333333 0.5833333 0.3125 0.6666667 0.3125 0.5833333 0.3333333 0.6666667 0.3125 0.75 0.3125 0.6666667 0.3125 0.75 0.3333333 0.8333333 0.3125 0.8333333 0.3125 0.8333333 0.3333333 0.9166667 0.3125 0.9166667 0.3333333 0.9166667 0.3125 1 0.3125 0.9166667 0.3333333 0 0.3125 0.08333331 0.3125 0 0.3333333 0.08333331 0.3125 0.1666666 0.3125 0.08333331 0.3333333 0.1666666 0.3125 0.25 0.3125 0.1666666 0.3125 0.25 0.3333333 0.3333333 0.3125 0.3333333 0.3333333 0.3333333 0.3125 0.4166666 0.3125 0.3333333 0.3125 0.4166666 0.3333333 0.5 0.3125 0.5 0.3333333 0.5 0.3541666 0.5833333 0.3333333 0.5833333 0.3541666 0.5833333 0.3333333 0.6666667 0.3333333 0.5833333 0.3541666 0.6666667 0.3333333 0.75 0.3333333 0.6666667 0.3541666 0.75 0.3333333 0.8333333 0.3333333 0.75 0.3333333 0.8333333 0.3541666 0.9166667 0.3333333 0.9166667 0.3541666 0.9166667 0.3333333 1 0.3333333 0.9166667 0.3333333 0 0.3541666 0.08333331 0.3333333 0.08333331 0.3333333 0.08333331 0.3541666 0.1666666 0.3333333 0.1666666 0.3333333 0.1666666 0.3541666 0.25 0.3333333 0.25 0.3541666 0.25 0.3333333 0.3333333 0.3333333 0.25 0.3541666 0.3333333 0.3333333 0.4166666 0.3333333 0.3333333 0.3541666 0.4166666 0.3333333 0.5 0.3333333 0.4166666 0.3541666 0.5 0.375 0.5833333 0.3541666 0.5833333 0.375 0.5833333 0.3541666 0.6666667 0.3541666 0.5833333 0.3541666 0.6666667 0.375 0.75 0.3541666 0.75 0.3541666 0.75 0.375 0.8333333 0.3541666 0.8333333 0.3541666 0.8333333 0.375 0.9166667 0.3541666 0.9166667 0.375 0.9166667 0.3541666 1 0.3541666 0.9166667 0.375 0 0.3541666 0.08333331 0.3541666 0 0.375 0.08333331 0.3541666 0.1666666 0.3541666 0.08333331 0.375 0.1666666 0.3541666 0.25 0.3541666 0.1666666 0.375 0.25 0.3541666 0.3333333 0.3541666 0.25 0.375 0.3333333 0.3541666 0.4166666 0.3541666 0.3333333 0.375 0.4166666 0.3541666 0.5 0.3541666 0.4166666 0.375 0.5 0.3958333 0.5833333 0.375 0.5833333 0.3958333 0.5833333 0.375 0.6666667 0.375 0.5833333 0.3958333 0.6666667 0.375 0.75 0.375 0.6666667 0.3958333 0.75 0.375 0.8333333 0.375 0.75 0.3958333 0.8333333 0.375 0.9166667 0.375 0.8333333 0.3958333 0.9166667 0.375 1 0.375 0.9166667 0.3958333 0 0.375 0.08333331 0.375 0 0.375 0.08333331 0.3958333 0.1666666 0.375 0.1666666 0.375 0.1666666 0.3958333 0.25 0.375 0.25 0.375 0.25 0.3958333 0.3333333 0.375 0.3333333 0.375 0.3333333 0.3958333 0.4166666 0.375 0.4166666 0.3958333 0.4166666 0.375 0.5 0.375 0.4166666 0.4166666 0.5 0.3958333 0.5833333 0.3958333 0.5 0.4166666 0.5833333 0.3958333 0.6666667 0.3958333 0.5833333 0.4166666 0.6666667 0.3958333 0.75 0.3958333 0.6666667 0.4166666 0.75 0.3958333 0.8333333 0.3958333 0.75 0.4166666 0.8333333 0.3958333 0.9166667 0.3958333 0.8333333 0.4166666 0.9166667 0.3958333 1 0.3958333 0.9166667 0.3958333 0 0.4166666 0.08333331 0.3958333 0.08333331 0.3958333 0.08333331 0.4166666 0.1666666 0.3958333 0.1666666 0.4166666 0.1666666 0.3958333 0.25 0.3958333 0.1666666 0.4166666 0.25 0.3958333 0.3333333 0.3958333 0.25 0.3958333 0.3333333 0.4166666 0.4166666 0.3958333 0.4166666 0.4166666 0.4166666 0.3958333 0.5 0.3958333 0.4166666 0.4166666 0.5 0.4375 0.5833333 0.4166666 0.5833333 0.4166666 0.5833333 0.4375 0.6666667 0.4166666 0.6666667 0.4166666 0.6666667 0.4375 0.75 0.4166666 0.75 0.4166666 0.75 0.4375 0.8333333 0.4166666 0.8333333 0.4166666 0.8333333 0.4375 0.9166667 0.4166666 0.9166667 0.4166666 0.9166667 0.4375 1 0.4166666 1 0.4375 0 0.4166666 0.08333331 0.4166666 0 0.4166666 0.08333331 0.4375 0.1666666 0.4166666 0.1666666 0.4375 0.1666666 0.4166666 0.25 0.4166666 0.1666666 0.4375 0.25 0.4166666 0.3333333 0.4166666 0.25 0.4166666 0.3333333 0.4375 0.4166666 0.4166666 0.4166666 0.4375 0.4166666 0.4166666 0.5 0.4166666 0.4166666 0.4375 0.5 0.4583333 0.5833333 0.4375 0.5833333 0.4583333 0.5833333 0.4375 0.6666667 0.4375 0.5833333 0.4583333 0.6666667 0.4375 0.75 0.4375 0.6666667 0.4583333 0.75 0.4375 0.8333333 0.4375 0.75 0.4583333 0.8333333 0.4375 0.9166667 0.4375 0.8333333 0.4375 0.9166667 0.4583333 1 0.4375 1 0.4583333 0 0.4375 0.08333331 0.4375 0 0.4375 0.08333331 0.4583333 0.1666666 0.4375 0.1666666 0.4583333 0.1666666 0.4375 0.25 0.4375 0.1666666 0.4375 0.25 0.4583333 0.3333333 0.4375 0.3333333 0.4375 0.3333333 0.4583333 0.4166666 0.4375 0.4166666 0.4375 0.4166666 0.4583333 0.5 0.4375 0.5 0.4791666 0.5 0.4583333 0.5833333 0.4583333 0.5 0.4583333 0.5833333 0.4791666 0.6666667 0.4583333 0.6666667 0.4583333 0.6666667 0.4791666 0.75 0.4583333 0.75 0.4583333 0.75 0.4791666 0.8333333 0.4583333 0.8333333 0.4583333 0.8333333 0.4791666 0.9166667 0.4583333 0.9166667 0.4791666 0.9166667 0.4583333 1 0.4583333 0.9166667 0.4791666 0 0.4583333 0.08333331 0.4583333 0 0.4791666 0.08333331 0.4583333 0.1666666 0.4583333 0.08333331 0.4791666 0.1666666 0.4583333 0.25 0.4583333 0.1666666 0.4791666 0.25 0.4583333 0.3333333 0.4583333 0.25 0.4791666 0.3333333 0.4583333 0.4166666 0.4583333 0.3333333 0.4791666 0.4166666 0.4583333 0.5 0.4583333 0.4166666 0.5 0.5 0.4791666 0.5833333 0.4791666 0.5 0.5 0.5833333 0.4791666 0.6666667 0.4791666 0.5833333 0.5 0.6666667 0.4791666 0.75 0.4791666 0.6666667 0.5 0.75 0.4791666 0.8333333 0.4791666 0.75 0.5 0.8333333 0.4791666 0.9166667 0.4791666 0.8333333 0.5 0.9166667 0.4791666 1 0.4791666 0.9166667 0.4791666 0 0.5 0.08333331 0.4791666 0.08333331 0.5 0.08333331 0.4791666 0.1666666 0.4791666 0.08333331 0.4791666 0.1666666 0.5 0.25 0.4791666 0.25 0.4791666 0.25 0.5 0.3333333 0.4791666 0.3333333 0.4791666 0.3333333 0.5 0.4166666 0.4791666 0.4166666 0.4791666 0.4166666 0.5 0.5 0.4791666 0.5 0 0 0 0 0 0 0 0 0 0 0 0 0 0 0 0 0 0 0 0 0 0 0 0 0 0 0 0 0 0 0 0 0 0 0 0 0 0 0 0 0 0 0 0 0 0 0 0 0 0 0 0 0 0 0 0 0 0 0 0 0 0 0 0 0 0 0 0 0 0 0 0 0 0 0 0 0 0 0 0 0 0 0 0 0 0 0 0 0 0 0 0 0 0 0 0 0 0 0 0 0 0 0 0 0 0 0 0 0 0 0 0 0 0 0 0 0 0 0 0 0 0 0 0 0 0 0 0 0 0 0 0 0 0 0 0 0 0 0 0 0 0 0 0 0 0 0 0 0 0 0 0 0 0 0 0 0 0 0 0 0 0 0 0 0 0 0 0 0 0 0 0 0 0 0 0 0 0 0 0 0 0 0 0 0 0 0 0 0 0 0 0 0 0 0 0 0 0 0 0 0 0 0 0 0 0 0 0 0 0 0 0 0 0 0 0 0 0 0 0 0 0 0 0 0 0 0 0 0 0 0 0 0 0 0 0 0 0 0 0 0 0 0 0 0 0 0 0 0 0 0 0 0 0 0 0 0 0 0 0 0 0 0 0 0 0 0 0 0 0 0 0 0 0 0 0 0 0 0 0 0 0 0 0 0 0 0 0 0 0 0 0 0 0 0 0 0 0 0 0 0 0 0 0 0 0 0 0 0 0 0 0 0 0 0 0 0 0 0 0 0 0 0 0 0 0 0 0 0 0 0 0 0 0 0 0 0 0 0 0 0 0 0 0 0 0 0 0 0 0 0 0 0 0 0 0 0 0 0 0 0 0 0 0 0 0 0 0 0 0 0 0 0 0 0 0 0 0 0 0 0 0 0 0 0 0 0 0 0 0 0 0 0 0 0 0 0 0 0 0 0 0 0 0 0 0 0 0 0 0 0 0 0 0 0 0 0 0 0 0 0 0 0 0 0 0 0 0 0 0 0 0 0 0 0 0 0 0 0 0 0 0 0 0 0 0 0 0 0 0 0 0 0 0 0 0 0 0 0 0 0 0 0 0 0 0 0 0 0 0 0 0 0 0 0 0 0 0 0 0 0 0 0 0 0 0 0 0 0 0 0 0 0 0 0 0 0 0 0 0 0 0 0 0 0 0 0 0 0 0 0 0 0 0 0 0 0 0 0 0 0 0 0 0 0 0 0 0 0 0 0 0 0 0 0 0 0 0 0 0 0 0 0 0 0 0 0 0 0 0 0 0 0 0 0 0 0 0 0 0 0 0 0 0 0 0 0 0 0 0 0 0 0 0 0 0 0 0 0 0 0 0 0 0 0 0 0 0 0 0 0 0 0 0 0 0 0 0 0 0 0 0 0 0 0 0 0 0 0 0 0 0 0 0 0 0 0 0 0 0 0 0 0 0 0 0 0 0 0 0 0 0 0 0 0 0 0 0 0 0 0 0 0 0 0 0 0 0 0 0 0 0 0 0 0 0 0 0 0 0 0 0 0 0 0 0 0 0 0 0 0 0 0 0 0 0 0 0 0 0 0 0 0 0 0 0 0 0 0 0 0 0 0 0 0 0 0 0 0 0 0 0 0 0 0 0 0 0 0 0 0 0 0 0 0 0 0 0 0 0 0 0 0 0 0 0 0 0 0 0 0 0 0 0 0 0 0 0 0 0 0 0 0 0 0 0 0 0 0 0 0 0 0 0 0 0 0 0 0 0 0 0 0 0 0 0 0 0 0 0 0 0 0 0 0.7813878 0.2186122 0.7813878 0.7813878 0.7813878 0.7813878 0 0 1 1 0 1 0 0 1 0 0 0 1 1 1 0 1 0 0 0 0 1 0 1 0 1 1 1 1 1 0.2186122 0.7813878 0 0 0 1 0.7813878 0.2186122 0 0 0.2186122 0.2186122 0.7813878 0.7813878 1 0 0.7813878 0.2186122 0.2186122 0.7813878 1 1 0.7813878 0.7813878 0.2186122 0.2186122 0.7813878 0.7813878 0.7813878 0.2186122 0.2186122 0.7813878 0.2186122 0.2186122 0.2186122 0.2186122 0.2186122 0.7813878 0.7813878 0.7813878 0.2186122 0.7813878 0.2186122 0.2186122 0.7813878 0.2186122 0.7813878 0.2186122 0.7813878 0.2186122 0.7813878 0.7813878 0.7813878 0.7813878 1 0 0 1 0 0 0 0 1 0 0 0 1 1 1 0 1 0 0 0 0 1 0 1 0 1 1 1 1 1 0.2186122 0.7813878 0 0 0 1 0.2186122 0.2186122 1 0 0 0 0.7813878 0.2186122 1 1 1 0 0.2186122 0.7813878 1 1 0.7813878 0.7813878 0.2186122 0.7813878 0.7813878 0.2186122 0.2186122 0.2186122 0.2186122 0.7813878 0.2186122 0.2186122 0.2186122 0.2186122 0.2186122 0.7813878 0.7813878 0.7813878 0.2186122 0.7813878 0.7813878 0.2186122 0.2186122 0.2186122 0.7813878 0.2186122 0.7813878 0.2186122 0.7813878 0.7813878 0.7813878 0.7813878 0 0 1 1 0 1 1 0 0 0 0 0 1 0 1 1 1 0 0 0 0 1 0 1 1 1 0 1 1 1 0.2186122 0.2186122 0 1 0.2186122 0.7813878 0.7813878 0.2186122 0 0 0.2186122 0.2186122 0.7813878 0.2186122 1 1 1 0 0.7813878 0.7813878 0 1 1 1 0.2186122 0.2186122 0.7813878 0.7813878 0.7813878 0.2186122 0.2186122 0.7813878 0.2186122 0.2186122 0.2186122 0.2186122 0.2186122 0.7813878 0.7813878 0.7813878 0.2186122 0.7813878 0.7813878 0.2186122 0.2186122 0.2186122 0.7813878 0.2186122 0.7813878 0.2186122 0.7813878 0.7813878 0.7813878 0.7813878 1 0 0 1 0 0 0 0 1 0 0 0 1 1 1 0 1 0 0 0 0 1 0 1 1 1 0 1 1 1 0.2186122 0.2186122 0 1 0.2186122 0.7813878 0.7813878 0.2186122 0 0 0.2186122 0.2186122 0.7813878 0.2186122 1 1 1 0 0.2186122 0.7813878 1 1 0.7813878 0.7813878 0.2186122 0.2186122 0.7813878 0.7813878 0.7813878 0.2186122 0.2186122 0.7813878 0.2186122 0.2186122 0.2186122 0.2186122 0.7813878 0.7813878 0.2186122 0.7813878 0.2186122 0.7813878 0.2186122 0.2186122 0.7813878 0.2186122 0.7813878 0.2186122 0.7813878 0.7813878 0.7813878 0.2186122 0.7813878 0.7813878 1 0 0 1 0 0 1 0 0 0 0 0 1 1 1 0 1 0 0 1 0 0 0 1 1 1 0 1 1 1 0.2186122 0.7813878 0 0 0 1 0.2186122 0.2186122 1 0 0 0 0.7813878 0.7813878 1 0 0.7813878 0.2186122 0.2186122 0.7813878 1 1 0.7813878 0.7813878 0.2186122 0.7813878 0.7813878 0.2186122 0.2186122 0.2186122 0.2186122 0.7813878 0.2186122 0.2186122 0.2186122 0.2186122 0.7813878 0.7813878 0.2186122 0.7813878 0.2186122 0.7813878 0.2186122 0.2186122 0.7813878 0.2186122 0.7813878 0.2186122 1 0.5 0.8 1 0.8 0.5 0.8 0.5 0.6 1 0.6 0.5 0.6 1 0.4 0.5 0.6 0.5 0.25 0.49 0.1089315 0.0558359 0.3910685 0.0558359 0.4 1 0.2 0.5 0.4 0.5 0.2 1 0 0.5 0.2 0.5 0.9782536 0.3241641 0.6089316 0.0558359 0.5217465 0.3241641 0 0 0 0 0 0 0 0 0 0 0 0 0 0 0 0 0 0 0 0 0 0 0 0 0 0 0 0 0 0 0 0 0 0 0 0 0 0 0 0 0 0 0 0 0 0 0 0 0 0 0 0 0 0 0 0 0 0 0 0 0 0 0 0 0 0 0 0 0 0 0 0 0 0 0 0 0 0 0 0 0 0 0 0 0 0 0 0 0 0 0 0 0 0 0 0 0 0 0 0 0 0 0 0 0 0 0 0 0 0 0 0 0 0 0 0 0 0 0 0 0 0 0 0 0 0 0 0 0 0 0 0 0 0 0 0 0 0 0 0 0 0 0 0 0 0 0 0 0 0 0 0 0 0 0 0 0 0 0 0 0 0 0 0 0 0 0 0 0 0 0 0 0 0 0 0 0 0 0 0 0 0 0 0 0 0 0 0 0 0 0 0 0 0 0 0 0 0 0 0 0 0 0 0 0 0 0 0 0 0 0 0 0 0 0 0 0 0 0 0 0 0 0 0 0 0 0 0 0 0 0 0 0 0 0 0 0 0 0 0 0 0 0 0 0 0 0 0 0 0 0 0 0 0 0 0 0 0 0 0 0 0 0 0 0 0 0 0 0 0 0 0 0 0 0 0 0 0 0 0 0 0 0 0 0 0 0 0 0 0 0 0 0 0 0 0 0 0 0 0 0 0 0 0 0 0 0 0 0 0 0 0 0 0 0 0 0 0 0 0 0 0 0 0 0 0 0 0 0 0 0 0 0 0 0 0 0 0 0 0 0 0 0 0 0 0 0 0 0 0 0 0 0 0 0 0 0 0 0 0 0 0 0 0 0 0 0 0 0 0 0 0 0 0 0 0 0 0 0 0 0 0 0 0 0 0 0 0 0 0 0 0 0 0 0 0 0 0 0 0 0 0 0 0 0 0 0 0 0 0 0 0 0 0 0 0 0 0 0 0 0 0 0 0 0 0 0 0 0 0 0 0 0 0 0 0 0 0 0 0 0 0 0 0 0 0 0 0 0 0 0 0 0 0 0 0 0 0 0 0 0 0 0 0 0 0 0 0 0 0 0 0 0 0 0 0 0 0 0 0 0 0 0 0 0 0 0 0 0 0 0 0 0 0 0 0 0 0 0 0 0 0 0 0 0 0 0 0 0 0 0 0 0 0 0 0 0 0 0 0 0 0 0 0 0 0 0 0 0 0 0 0 0 0 0 0 0 0 0 0 0 0 0 0 0 0 0 0 0 0 0 0 0 0 0 0 0 0 0 0 0 0 0 0 0 0 0 0 0 0 0 0 0 0 0 0 0 0 0 0 0 0 0 0 0 0 0 0 0 0 0 0 0 0 0 0 0 0 0 0 0 0 0 0 0 0 0 0 0 0 0 0 0 0 0 0 0 0 0 0 0 0 0 0 0 0 0 0 0 0 0 0 0 0 0 0 0 0 0 0 0 0 0 0 0 0 0 0 0 0 0 0 0 0 0 0 0 0 0 0 0 0 0 0 0 0 0 0 0 0 0 0 0 0 0 0 0 0 0 0 0 0 0 0 0 0 0 0 0 0 0 0 0 0 0 0 0 0 0 0 0 0 0 0 0 0 0 0 0 0 0 0 0 0 0 0 0 0 0 0 0 0 0 0 0 0 0 0 0 0 0 0 0 0 0 0 0 0 0 0 0 0 0 0 0 0 0 0 0 0 0 0 0 0 0 0 0 0 0 0 0 0 0 0 0 0 0 0 0 0 0 0 0 0 0 0 0 0 0 0 0 0 0 0 0 0 0 0 0 0 0 0 0 0 0 0 0 0 0 0 0 0 0 0 0 0 0 0 0 0 0 0 0 0 0 0 0 0 0 0 0 0 0 0 0 0 0 0 0 0 0 0 0 0 0 0 0 0 0 0 0 0 0 0 0 0 0 0 0 0 0 0 0 0 0 0 0 0 0 0 0 0 0 0 0 0 0 0 0 0 0 0 0 0 0 0 0 0 0 0 0 0 0 0 0 0 0 0 0 0 0 0 0 0 0 0 0 0 0 0 0 0 0 0 0 0 0 0 0 0 0 0 0 0 0 0 0 0 0 0 0 0 0 0 0 0 0 0 0 0 0 0 0 0 0 0 0 0 0 0 0 0 0.7813878 0.2186122 0.7813878 0.2186122 0.7813878 0.7813878 0 0 1 0 1 1 1 0 1 0 0 0 1 1 1 1 1 0 0 1 0 0 0 0 0 1 0 1 1 1 0.2186122 0.7813878 0.2186122 0.2186122 0 0 0.7813878 0.2186122 1 0 0 0 0.7813878 0.7813878 1 1 1 0 0.2186122 0.7813878 0 1 1 1 0.2186122 0.2186122 0.2186122 0.7813878 0.7813878 0.7813878 0.2186122 0.7813878 0.2186122 0.7813878 0.2186122 0.2186122 0.2186122 0.7813878 0.7813878 0.7813878 0.7813878 0.7813878 0.2186122 0.2186122 0.2186122 0.2186122 0.7813878 0.2186122 0.7813878 0.2186122 0.7813878 0.2186122 0.7813878 0.7813878 0 0 1 0 1 1 1 0 1 0 0 0 1 1 1 1 1 0 0 0 0 0 0 1 1 1 0 1 0 1 0.2186122 0.7813878 0.2186122 0.2186122 0 0 0.2186122 0.2186122 0.7813878 0.2186122 1 0 0.7813878 0.2186122 0.7813878 0.7813878 1 1 0.7813878 0.7813878 0.2186122 0.7813878 0 1 0.2186122 0.7813878 0.7813878 0.7813878 0.7813878 0.2186122 0.2186122 0.2186122 0.2186122 0.7813878 0.2186122 0.7813878 0.7813878 0.7813878 0.7813878 0.7813878 0.2186122 0.7813878 0.2186122 0.2186122 0.2186122 0.2186122 0.7813878 0.2186122 0.7813878 0.7813878 0.7813878 0.2186122 0.7813878 0.2186122 1 0 1 1 0 1 1 0 1 0 0 0 1 1 1 1 1 0 0 1 0 0 0 0 1 1 0 1 0 1 0.2186122 0.2186122 0 0 0 1 0.2186122 0.2186122 0.7813878 0.2186122 1 0 0.7813878 0.2186122 0.7813878 0.7813878 1 1 0.7813878 0.7813878 0.2186122 0.7813878 0 1 0.2186122 0.7813878 0.7813878 0.7813878 0.7813878 0.2186122 0.2186122 0.7813878 0.2186122 0.7813878 0.2186122 0.2186122 0.7813878 0.7813878 0.7813878 0.7813878 0.2186122 0.7813878 0.2186122 0.2186122 0.2186122 0.2186122 0.7813878 0.2186122 0.7813878 0.2186122 0.7813878 0.2186122 0.7813878 0.7813878 0 0 1 0 1 1 1 0 1 0 0 0 1 0 1 1 1 1 0 0 0 0 0 1 0 1 0 1 1 1 0.2186122 0.7813878 0.2186122 0.2186122 0 0 0.7813878 0.2186122 1 0 0 0 0.7813878 0.2186122 0.7813878 0.7813878 1 1 0.7813878 0.7813878 0.2186122 0.7813878 0 1 0.2186122 0.2186122 0.2186122 0.7813878 0.7813878 0.7813878 0.2186122 0.7813878 0.2186122 0.7813878 0.2186122 0.2186122 0.2186122 0.7813878 0.7813878 0.7813878 0.7813878 0.7813878 0.2186122 0.2186122 0.2186122 0.2186122 0.7813878 0.2186122 0.7813878 0.2186122 0.7813878 0.2186122 0.7813878 0.7813878 1 0 1 1 0 1 0 0 1 0 1 0 1 1 1 1 1 0 0 0 0 0 0 1 0 1 0 1 1 1 0.2186122 0.7813878 0.2186122 0.2186122 0 0 0.2186122 0.2186122 0.7813878 0.2186122 1 0 0.7813878 0.7813878 1 1 1 0 0.2186122 0.7813878 0 1 1 1 0.2186122 0.7813878 0.7813878 0.7813878 0.7813878 0.2186122 0.2186122 0.7813878 0.2186122 0.7813878 0.2186122 0.2186122 0.7813878 0.7813878 0.7813878 0.7813878 0.2186122 0.7813878 0.2186122 0.2186122 0.2186122 0.2186122 0.7813878 0.2186122 1 0.5 1 1 0.8 1 0.8 1 0.6 1 0.6 0.5 0.6 1 0.4 1 0.4 0.5 0.3910685 0.0558359 0.4782536 0.3241641 0.25 0.49 0.25 0.49 0.02174639 0.3241641 0.1089315 0.0558359 0.4 1 0.2 1 0.2 0.5 0.2 0.5 0.2 1 0 1 0.5217465 0.3241641 0.75 0.49 0.9782536 0.3241641 0.9782536 0.3241641 0.8910685 0.0558359 0.6089316 0.0558359 0.5 0.5 0.5208333 0.5 0.5208333 0.5833333 0.5 0.5833333 0.5208333 0.5833333 0.5208333 0.6666667 0.5 0.6666667 0.5208333 0.6666667 0.5208333 0.75 0.5 0.75 0.5208333 0.75 0.5208333 0.8333333 0.5208333 0.8333333 0.5208333 0.9166667 0.5 0.9166667 0.5 0.9166667 0.5208333 0.9166667 0.5208333 1 0.5208333 0 0.5208333 0.08333331 0.5 0.08333331 0.5208333 0.08333331 0.5208333 0.1666666 0.5 0.1666666 0.5208333 0.1666666 0.5208333 0.25 0.5 0.25 0.5208333 0.25 0.5208333 0.3333333 0.5 0.3333333 0.5208333 0.3333333 0.5208333 0.4166666 0.5 0.4166666 0.5208333 0.4166666 0.5208333 0.5 0.5 0.5 0.5416667 0.5 0.5416667 0.5833333 0.5208333 0.5833333 0.5416667 0.5833333 0.5416667 0.6666667 0.5208333 0.6666667 0.5416667 0.6666667 0.5416667 0.75 0.5208333 0.75 0.5416667 0.75 0.5416667 0.8333333 0.5208333 0.8333333 0.5416667 0.8333333 0.5416667 0.9166667 0.5208333 0.9166667 0.5208333 0.9166667 0.5416667 0.9166667 0.5416667 1 0.5416667 0 0.5416667 0.08333331 0.5208333 0.08333331 0.5416667 0.08333331 0.5416667 0.1666666 0.5208333 0.1666666 0.5208333 0.1666666 0.5416667 0.1666666 0.5416667 0.25 0.5416667 0.25 0.5416667 0.3333333 0.5208333 0.3333333 0.5208333 0.3333333 0.5416667 0.3333333 0.5416667 0.4166666 0.5208333 0.4166666 0.5416667 0.4166666 0.5416667 0.5 0.5625 0.5 0.5625 0.5833333 0.5416667 0.5833333 0.5625 0.5833333 0.5625 0.6666667 0.5416667 0.6666667 0.5416667 0.6666667 0.5625 0.6666667 0.5625 0.75 0.5416667 0.75 0.5625 0.75 0.5625 0.8333333 0.5416667 0.8333333 0.5625 0.8333333 0.5625 0.9166667 0.5416667 0.9166667 0.5625 0.9166667 0.5625 1 0.5625 0 0.5625 0.08333331 0.5416667 0.08333331 0.5625 0.08333331 0.5625 0.1666666 0.5416667 0.1666666 0.5416667 0.1666666 0.5625 0.1666666 0.5625 0.25 0.5416667 0.25 0.5625 0.25 0.5625 0.3333333 0.5625 0.3333333 0.5625 0.4166666 0.5416667 0.4166666 0.5625 0.4166666 0.5625 0.5 0.5416667 0.5 0.5833333 0.5 0.5833333 0.5833333 0.5625 0.5833333 0.5833333 0.5833333 0.5833333 0.6666667 0.5625 0.6666667 0.5833333 0.6666667 0.5833333 0.75 0.5625 0.75 0.5833333 0.75 0.5833333 0.8333333 0.5625 0.8333333 0.5833333 0.8333333 0.5833333 0.9166667 0.5625 0.9166667 0.5833333 0.9166667 0.5833333 1 0.5625 1 0.5833333 0 0.5833333 0.08333331 0.5625 0.08333331 0.5833333 0.08333331 0.5833333 0.1666666 0.5625 0.1666666 0.5625 0.1666666 0.5833333 0.1666666 0.5833333 0.25 0.5625 0.25 0.5833333 0.25 0.5833333 0.3333333 0.5833333 0.3333333 0.5833333 0.4166666 0.5625 0.4166666 0.5625 0.4166666 0.5833333 0.4166666 0.5833333 0.5 0.5833333 0.5 0.6041667 0.5 0.6041667 0.5833333 0.5833333 0.5833333 0.6041667 0.5833333 0.6041667 0.6666667 0.5833333 0.6666667 0.6041667 0.6666667 0.6041667 0.75 0.6041667 0.75 0.6041667 0.8333333 0.5833333 0.8333333 0.6041667 0.8333333 0.6041667 0.9166667 0.5833333 0.9166667 0.5833333 0.9166667 0.6041667 0.9166667 0.6041667 1 0.6041667 0 0.6041667 0.08333331 0.5833333 0.08333331 0.6041667 0.08333331 0.6041667 0.1666666 0.5833333 0.1666666 0.5833333 0.1666666 0.6041667 0.1666666 0.6041667 0.25 0.5833333 0.25 0.6041667 0.25 0.6041667 0.3333333 0.6041667 0.3333333 0.6041667 0.4166666 0.5833333 0.4166666 0.5833333 0.4166666 0.6041667 0.4166666 0.6041667 0.5 0.625 0.5 0.625 0.5833333 0.6041667 0.5833333 0.6041667 0.5833333 0.625 0.5833333 0.625 0.6666667 0.6041667 0.6666667 0.625 0.6666667 0.625 0.75 0.625 0.75 0.625 0.8333333 0.6041667 0.8333333 0.625 0.8333333 0.625 0.9166667 0.6041667 0.9166667 0.6041667 0.9166667 0.625 0.9166667 0.625 1 0.6041667 0 0.625 0 0.625 0.08333331 0.625 0.08333331 0.625 0.1666666 0.6041667 0.1666666 0.6041667 0.1666666 0.625 0.1666666 0.625 0.25 0.6041667 0.25 0.625 0.25 0.625 0.3333333 0.6041667 0.3333333 0.625 0.3333333 0.625 0.4166666 0.625 0.4166666 0.625 0.5 0.6041667 0.5 0.6458333 0.5 0.6458333 0.5833333 0.625 0.5833333 0.625 0.5833333 0.6458333 0.5833333 0.6458333 0.6666667 0.6458333 0.6666667 0.6458333 0.75 0.625 0.75 0.6458333 0.75 0.6458333 0.8333333 0.625 0.8333333 0.625 0.8333333 0.6458333 0.8333333 0.6458333 0.9166667 0.625 0.9166667 0.6458333 0.9166667 0.6458333 1 0.625 0 0.6458333 0 0.6458333 0.08333331 0.6458333 0.08333331 0.6458333 0.1666666 0.625 0.1666666 0.625 0.1666666 0.6458333 0.1666666 0.6458333 0.25 0.6458333 0.25 0.6458333 0.3333333 0.625 0.3333333 0.625 0.3333333 0.6458333 0.3333333 0.6458333 0.4166666 0.6458333 0.4166666 0.6458333 0.5 0.625 0.5 0.6666667 0.5 0.6666667 0.5833333 0.6458333 0.5833333 0.6458333 0.5833333 0.6666667 0.5833333 0.6666667 0.6666667 0.6458333 0.6666667 0.6666667 0.6666667 0.6666667 0.75 0.6458333 0.75 0.6666667 0.75 0.6666667 0.8333333 0.6458333 0.8333333 0.6666667 0.8333333 0.6666667 0.9166667 0.6666667 0.9166667 0.6666667 1 0.6458333 1 0.6458333 0 0.6666667 0 0.6666667 0.08333331 0.6666667 0.08333331 0.6666667 0.1666666 0.6458333 0.1666666 0.6666667 0.1666666 0.6666667 0.25 0.6458333 0.25 0.6666667 0.25 0.6666667 0.3333333 0.6458333 0.3333333 0.6458333 0.3333333 0.6666667 0.3333333 0.6666667 0.4166666 0.6458333 0.4166666 0.6666667 0.4166666 0.6666667 0.5 0.6875 0.5 0.6875 0.5833333 0.6666667 0.5833333 0.6875 0.5833333 0.6875 0.6666667 0.6666667 0.6666667 0.6666667 0.6666667 0.6875 0.6666667 0.6875 0.75 0.6666667 0.75 0.6875 0.75 0.6875 0.8333333 0.6875 0.8333333 0.6875 0.9166667 0.6666667 0.9166667 0.6875 0.9166667 0.6875 1 0.6666667 1 0.6875 0 0.6875 0.08333331 0.6666667 0.08333331 0.6666667 0.08333331 0.6875 0.08333331 0.6875 0.1666666 0.6875 0.1666666 0.6875 0.25 0.6666667 0.25 0.6875 0.25 0.6875 0.3333333 0.6666667 0.3333333 0.6666667 0.3333333 0.6875 0.3333333 0.6875 0.4166666 0.6875 0.4166666 0.6875 0.5 0.6666667 0.5 0.6875 0.5 0.7083333 0.5 0.7083333 0.5833333 0.7083333 0.5833333 0.7083333 0.6666667 0.6875 0.6666667 0.7083333 0.6666667 0.7083333 0.75 0.6875 0.75 0.6875 0.75 0.7083333 0.75 0.7083333 0.8333333 0.6875 0.8333333 0.7083333 0.8333333 0.7083333 0.9166667 0.7083333 0.9166667 0.7083333 1 0.6875 1 0.7083333 0 0.7083333 0.08333331 0.6875 0.08333331 0.7083333 0.08333331 0.7083333 0.1666666 0.6875 0.1666666 0.6875 0.1666666 0.7083333 0.1666666 0.7083333 0.25 0.7083333 0.25 0.7083333 0.3333333 0.6875 0.3333333 0.7083333 0.3333333 0.7083333 0.4166666 0.6875 0.4166666 0.7083333 0.4166666 0.7083333 0.5 0.6875 0.5 0.7083333 0.5 0.7291667 0.5 0.7291667 0.5833333 0.7083333 0.5833333 0.7291667 0.5833333 0.7291667 0.6666667 0.7083333 0.6666667 0.7291667 0.6666667 0.7291667 0.75 0.7291667 0.75 0.7291667 0.8333333 0.7083333 0.8333333 0.7083333 0.8333333 0.7291667 0.8333333 0.7291667 0.9166667 0.7083333 0.9166667 0.7291667 0.9166667 0.7291667 1 0.7083333 0 0.7291667 0 0.7291667 0.08333331 0.7083333 0.08333331 0.7291667 0.08333331 0.7291667 0.1666666 0.7083333 0.1666666 0.7291667 0.1666666 0.7291667 0.25 0.7291667 0.25 0.7291667 0.3333333 0.7083333 0.3333333 0.7291667 0.3333333 0.7291667 0.4166666 0.7083333 0.4166666 0.7291667 0.4166666 0.7291667 0.5 0.7083333 0.5 0.7291667 0.5 0.75 0.5 0.75 0.5833333 0.7291667 0.5833333 0.75 0.5833333 0.75 0.6666667 0.75 0.6666667 0.75 0.75 0.7291667 0.75 0.75 0.75 0.75 0.8333333 0.7291667 0.8333333 0.75 0.8333333 0.75 0.9166667 0.7291667 0.9166667 0.75 0.9166667 0.75 1 0.7291667 1 0.75 0 0.75 0.08333331 0.7291667 0.08333331 0.75 0.08333331 0.75 0.1666666 0.7291667 0.1666666 0.7291667 0.1666666 0.75 0.1666666 0.75 0.25 0.7291667 0.25 0.75 0.25 0.75 0.3333333 0.7291667 0.3333333 0.75 0.3333333 0.75 0.4166666 0.7291667 0.4166666 0.75 0.4166666 0.75 0.5 0.7708333 0.5 0.7708333 0.5833333 0.75 0.5833333 0.75 0.5833333 0.7708333 0.5833333 0.7708333 0.6666667 0.7708333 0.6666667 0.7708333 0.75 0.75 0.75 0.75 0.75 0.7708333 0.75 0.7708333 0.8333333 0.7708333 0.8333333 0.7708333 0.9166667 0.75 0.9166667 0.7708333 0.9166667 0.7708333 1 0.75 1 0.7708333 0 0.7708333 0.08333331 0.75 0.08333331 0.7708333 0.08333331 0.7708333 0.1666666 0.75 0.1666666 0.7708333 0.1666666 0.7708333 0.25 0.75 0.25 0.7708333 0.25 0.7708333 0.3333333 0.75 0.3333333 0.7708333 0.3333333 0.7708333 0.4166666 0.75 0.4166666 0.75 0.4166666 0.7708333 0.4166666 0.7708333 0.5 0.7708333 0.5 0.7916667 0.5 0.7916667 0.5833333 0.7916667 0.5833333 0.7916667 0.6666667 0.7708333 0.6666667 0.7916667 0.6666667 0.7916667 0.75 0.7708333 0.75 0.7916667 0.75 0.7916667 0.8333333 0.7708333 0.8333333 0.7708333 0.8333333 0.7916667 0.8333333 0.7916667 0.9166667 0.7708333 0.9166667 0.7916667 0.9166667 0.7916667 1 0.7708333 0 0.7916667 0 0.7916667 0.08333331 0.7708333 0.08333331 0.7916667 0.08333331 0.7916667 0.1666666 0.7916667 0.1666666 0.7916667 0.25 0.7708333 0.25 0.7708333 0.25 0.7916667 0.25 0.7916667 0.3333333 0.7708333 0.3333333 0.7916667 0.3333333 0.7916667 0.4166666 0.7916667 0.4166666 0.7916667 0.5 0.7708333 0.5 0.8125 0.5 0.8125 0.5833333 0.7916667 0.5833333 0.8125 0.5833333 0.8125 0.6666667 0.7916667 0.6666667 0.7916667 0.6666667 0.8125 0.6666667 0.8125 0.75 0.7916667 0.75 0.8125 0.75 0.8125 0.8333333 0.7916667 0.8333333 0.8125 0.8333333 0.8125 0.9166667 0.8125 0.9166667 0.8125 1 0.7916667 1 0.8125 0 0.8125 0.08333331 0.7916667 0.08333331 0.8125 0.08333331 0.8125 0.1666666 0.7916667 0.1666666 0.8125 0.1666666 0.8125 0.25 0.7916667 0.25 0.8125 0.25 0.8125 0.3333333 0.7916667 0.3333333 0.8125 0.3333333 0.8125 0.4166666 0.7916667 0.4166666 0.7916667 0.4166666 0.8125 0.4166666 0.8125 0.5 0.8333333 0.5 0.8333333 0.5833333 0.8125 0.5833333 0.8125 0.5833333 0.8333333 0.5833333 0.8333333 0.6666667 0.8125 0.6666667 0.8333333 0.6666667 0.8333333 0.75 0.8125 0.75 0.8333333 0.75 0.8333333 0.8333333 0.8125 0.8333333 0.8333333 0.8333333 0.8333333 0.9166667 0.8125 0.9166667 0.8333333 0.9166667 0.8333333 1 0.8125 0 0.8333333 0 0.8333333 0.08333331 0.8333333 0.08333331 0.8333333 0.1666666 0.8125 0.1666666 0.8333333 0.1666666 0.8333333 0.25 0.8125 0.25 0.8333333 0.25 0.8333333 0.3333333 0.8125 0.3333333 0.8333333 0.3333333 0.8333333 0.4166666 0.8125 0.4166666 0.8333333 0.4166666 0.8333333 0.5 0.8125 0.5 0.8541667 0.5 0.8541667 0.5833333 0.8333333 0.5833333 0.8333333 0.5833333 0.8541667 0.5833333 0.8541667 0.6666667 0.8541667 0.6666667 0.8541667 0.75 0.8333333 0.75 0.8541667 0.75 0.8541667 0.8333333 0.8333333 0.8333333 0.8541667 0.8333333 0.8541667 0.9166667 0.8333333 0.9166667 0.8541667 0.9166667 0.8541667 1 0.8333333 1 0.8333333 0 0.8541667 0 0.8541667 0.08333331 0.8541667 0.08333331 0.8541667 0.1666666 0.8333333 0.1666666 0.8541667 0.1666666 0.8541667 0.25 0.8333333 0.25 0.8333333 0.25 0.8541667 0.25 0.8541667 0.3333333 0.8333333 0.3333333 0.8541667 0.3333333 0.8541667 0.4166666 0.8333333 0.4166666 0.8541667 0.4166666 0.8541667 0.5 0.8541667 0.5 0.875 0.5 0.875 0.5833333 0.8541667 0.5833333 0.875 0.5833333 0.875 0.6666667 0.8541667 0.6666667 0.875 0.6666667 0.875 0.75 0.875 0.75 0.875 0.8333333 0.8541667 0.8333333 0.875 0.8333333 0.875 0.9166667 0.8541667 0.9166667 0.8541667 0.9166667 0.875 0.9166667 0.875 1 0.875 0 0.875 0.08333331 0.8541667 0.08333331 0.8541667 0.08333331 0.875 0.08333331 0.875 0.1666666 0.8541667 0.1666666 0.875 0.1666666 0.875 0.25 0.875 0.25 0.875 0.3333333 0.8541667 0.3333333 0.8541667 0.3333333 0.875 0.3333333 0.875 0.4166666 0.875 0.4166666 0.875 0.5 0.8541667 0.5 0.8958333 0.5 0.8958333 0.5833333 0.875 0.5833333 0.8958333 0.5833333 0.8958333 0.6666667 0.875 0.6666667 0.875 0.6666667 0.8958333 0.6666667 0.8958333 0.75 0.875 0.75 0.8958333 0.75 0.8958333 0.8333333 0.875 0.8333333 0.8958333 0.8333333 0.8958333 0.9166667 0.875 0.9166667 0.8958333 0.9166667 0.8958333 1 0.875 0 0.8958333 0 0.8958333 0.08333331 0.8958333 0.08333331 0.8958333 0.1666666 0.875 0.1666666 0.8958333 0.1666666 0.8958333 0.25 0.875 0.25 0.875 0.25 0.8958333 0.25 0.8958333 0.3333333 0.875 0.3333333 0.8958333 0.3333333 0.8958333 0.4166666 0.8958333 0.4166666 0.8958333 0.5 0.875 0.5 0.8958333 0.5 0.9166667 0.5 0.9166667 0.5833333 0.9166667 0.5833333 0.9166667 0.6666667 0.8958333 0.6666667 0.8958333 0.6666667 0.9166667 0.6666667 0.9166667 0.75 0.8958333 0.75 0.9166667 0.75 0.9166667 0.8333333 0.9166667 0.8333333 0.9166667 0.9166667 0.8958333 0.9166667 0.9166667 0.9166667 0.9166667 1 0.8958333 1 0.9166667 0 0.9166667 0.08333331 0.8958333 0.08333331 0.9166667 0.08333331 0.9166667 0.1666666 0.8958333 0.1666666 0.8958333 0.1666666 0.9166667 0.1666666 0.9166667 0.25 0.8958333 0.25 0.9166667 0.25 0.9166667 0.3333333 0.9166667 0.3333333 0.9166667 0.4166666 0.8958333 0.4166666 0.8958333 0.4166666 0.9166667 0.4166666 0.9166667 0.5 0.9166667 0.5 0.9375 0.5 0.9375 0.5833333 0.9375 0.5833333 0.9375 0.6666667 0.9166667 0.6666667 0.9166667 0.6666667 0.9375 0.6666667 0.9375 0.75 0.9166667 0.75 0.9375 0.75 0.9375 0.8333333 0.9375 0.8333333 0.9375 0.9166667 0.9166667 0.9166667 0.9375 0.9166667 0.9375 1 0.9166667 1 0.9166667 0 0.9375 0 0.9375 0.08333331 0.9375 0.08333331 0.9375 0.1666666 0.9166667 0.1666666 0.9166667 0.1666666 0.9375 0.1666666 0.9375 0.25 0.9375 0.25 0.9375 0.3333333 0.9166667 0.3333333 0.9375 0.3333333 0.9375 0.4166666 0.9166667 0.4166666 0.9375 0.4166666 0.9375 0.5 0.9166667 0.5 0.9375 0.5 0.9583333 0.5 0.9583333 0.5833333 0.9583333 0.5833333 0.9583333 0.6666667 0.9375 0.6666667 0.9583333 0.6666667 0.9583333 0.75 0.9375 0.75 0.9583333 0.75 0.9583333 0.8333333 0.9375 0.8333333 0.9375 0.8333333 0.9583333 0.8333333 0.9583333 0.9166667 0.9375 0.9166667 0.9583333 0.9166667 0.9583333 1 0.9375 0 0.9583333 0 0.9583333 0.08333331 0.9583333 0.08333331 0.9583333 0.1666666 0.9375 0.1666666 0.9375 0.1666666 0.9583333 0.1666666 0.9583333 0.25 0.9375 0.25 0.9583333 0.25 0.9583333 0.3333333 0.9583333 0.3333333 0.9583333 0.4166666 0.9375 0.4166666 0.9583333 0.4166666 0.9583333 0.5 0.9375 0.5 0.9583333 0.5 0.9791667 0.5 0.9791667 0.5833333 0.9791667 0.5833333 0.9791667 0.6666667 0.9583333 0.6666667 0.9791667 0.6666667 0.9791667 0.75 0.9583333 0.75 0.9791667 0.75 0.9791667 0.8333333 0.9583333 0.8333333 0.9791667 0.8333333 0.9791667 0.9166667 0.9583333 0.9166667 0.9583333 0.9166667 0.9791667 0.9166667 0.9791667 1 0.9791667 0 0.9791667 0.08333331 0.9583333 0.08333331 0.9791667 0.08333331 0.9791667 0.1666666 0.9583333 0.1666666 0.9583333 0.1666666 0.9791667 0.1666666 0.9791667 0.25 0.9583333 0.25 0.9791667 0.25 0.9791667 0.3333333 0.9583333 0.3333333 0.9791667 0.3333333 0.9791667 0.4166666 0.9583333 0.4166666 0.9791667 0.4166666 0.9791667 0.5 0.9791667 0.5 1 0.5 1 0.5833333 0.9791667 0.5833333 1 0.5833333 1 0.6666667 0.9791667 0.6666667 1 0.6666667 1 0.75 1 0.75 1 0.8333333 0.9791667 0.8333333 1 0.8333333 1 0.9166667 0.9791667 0.9166667 1 0.9166667 1 1 0.9791667 1 0.9791667 0 1 0 1 0.08333331 0.9791667 0.08333331 1 0.08333331 1 0.1666666 1 0.1666666 1 0.25 0.9791667 0.25 1 0.25 1 0.3333333 0.9791667 0.3333333 1 0.3333333 1 0.4166666 0.9791667 0.4166666 1 0.4166666 1 0.5 0.9791667 0.5 0.02083331 0.5 0.02083331 0.5833333 0 0.5833333 0.02083331 0.5833333 0.02083331 0.6666667 0 0.6666667 0.02083331 0.6666667 0.02083331 0.75 0 0.75 0 0.75 0.02083331 0.75 0.02083331 0.8333333 0 0.8333333 0.02083331 0.8333333 0.02083331 0.9166667 0.02083331 0.9166667 0.02083331 1 0 1 0.02083331 0 0.02083331 0.08333331 0 0.08333331 0.02083331 0.08333331 0.02083331 0.1666666 0 0.1666666 0 0.1666666 0.02083331 0.1666666 0.02083331 0.25 0 0.25 0.02083331 0.25 0.02083331 0.3333333 0 0.3333333 0.02083331 0.3333333 0.02083331 0.4166666 0 0.4166666 0.02083331 0.4166666 0.02083331 0.5 0.04166662 0.5 0.04166662 0.5833333 0.02083331 0.5833333 0.02083331 0.5833333 0.04166662 0.5833333 0.04166662 0.6666667 0.02083331 0.6666667 0.04166662 0.6666667 0.04166662 0.75 0.02083331 0.75 0.04166662 0.75 0.04166662 0.8333333 0.02083331 0.8333333 0.04166662 0.8333333 0.04166662 0.9166667 0.04166662 0.9166667 0.04166662 1 0.02083331 1 0.04166662 0 0.04166662 0.08333331 0.02083331 0.08333331 0.04166662 0.08333331 0.04166662 0.1666666 0.02083331 0.1666666 0.04166662 0.1666666 0.04166662 0.25 0.02083331 0.25 0.04166662 0.25 0.04166662 0.3333333 0.02083331 0.3333333 0.02083331 0.3333333 0.04166662 0.3333333 0.04166662 0.4166666 0.04166662 0.4166666 0.04166662 0.5 0.02083331 0.5 0.04166662 0.5 0.0625 0.5 0.0625 0.5833333 0.04166662 0.5833333 0.0625 0.5833333 0.0625 0.6666667 0.04166662 0.6666667 0.0625 0.6666667 0.0625 0.75 0.04166662 0.75 0.0625 0.75 0.0625 0.8333333 0.0625 0.8333333 0.0625 0.9166667 0.04166662 0.9166667 0.0625 0.9166667 0.0625 1 0.04166662 1 0.0625 0 0.0625 0.08333331 0.04166662 0.08333331 0.04166662 0.08333331 0.0625 0.08333331 0.0625 0.1666666 0.0625 0.1666666 0.0625 0.25 0.04166662 0.25 0.0625 0.25 0.0625 0.3333333 0.04166662 0.3333333 0.0625 0.3333333 0.0625 0.4166666 0.04166662 0.4166666 0.04166662 0.4166666 0.0625 0.4166666 0.0625 0.5 0.08333331 0.5 0.08333331 0.5833333 0.0625 0.5833333 0.08333331 0.5833333 0.08333331 0.6666667 0.0625 0.6666667 0.08333331 0.6666667 0.08333331 0.75 0.0625 0.75 0.0625 0.75 0.08333331 0.75 0.08333331 0.8333333 0.0625 0.8333333 0.08333331 0.8333333 0.08333331 0.9166667 0.0625 0.9166667 0.08333331 0.9166667 0.08333331 1 0.08333331 0 0.08333331 0.08333331 0.0625 0.08333331 0.08333331 0.08333331 0.08333331 0.1666666 0.0625 0.1666666 0.08333331 0.1666666 0.08333331 0.25 0.0625 0.25 0.0625 0.25 0.08333331 0.25 0.08333331 0.3333333 0.0625 0.3333333 0.08333331 0.3333333 0.08333331 0.4166666 0.08333331 0.4166666 0.08333331 0.5 0.0625 0.5 0.1041666 0.5 0.1041666 0.5833333 0.08333331 0.5833333 0.08333331 0.5833333 0.1041666 0.5833333 0.1041666 0.6666667 0.1041666 0.6666667 0.1041666 0.75 0.08333331 0.75 0.1041666 0.75 0.1041666 0.8333333 0.08333331 0.8333333 0.08333331 0.8333333 0.1041666 0.8333333 0.1041666 0.9166667 0.1041666 0.9166667 0.1041666 1 0.08333331 1 0.08333331 0 0.1041666 0 0.1041666 0.08333331 0.08333331 0.08333331 0.1041666 0.08333331 0.1041666 0.1666666 0.1041666 0.1666666 0.1041666 0.25 0.08333331 0.25 0.1041666 0.25 0.1041666 0.3333333 0.08333331 0.3333333 0.08333331 0.3333333 0.1041666 0.3333333 0.1041666 0.4166666 0.1041666 0.4166666 0.1041666 0.5 0.08333331 0.5 0.125 0.5 0.125 0.5833333 0.1041666 0.5833333 0.1041666 0.5833333 0.125 0.5833333 0.125 0.6666667 0.125 0.6666667 0.125 0.75 0.1041666 0.75 0.125 0.75 0.125 0.8333333 0.1041666 0.8333333 0.1041666 0.8333333 0.125 0.8333333 0.125 0.9166667 0.125 0.9166667 0.125 1 0.1041666 1 0.125 0 0.125 0.08333331 0.1041666 0.08333331 0.1041666 0.08333331 0.125 0.08333331 0.125 0.1666666 0.1041666 0.1666666 0.125 0.1666666 0.125 0.25 0.125 0.25 0.125 0.3333333 0.1041666 0.3333333 0.125 0.3333333 0.125 0.4166666 0.1041666 0.4166666 0.1041666 0.4166666 0.125 0.4166666 0.125 0.5 0.1458333 0.5 0.1458333 0.5833333 0.125 0.5833333 0.1458333 0.5833333 0.1458333 0.6666667 0.125 0.6666667 0.1458333 0.6666667 0.1458333 0.75 0.125 0.75 0.1458333 0.75 0.1458333 0.8333333 0.125 0.8333333 0.1458333 0.8333333 0.1458333 0.9166667 0.125 0.9166667 0.1458333 0.9166667 0.1458333 1 0.125 1 0.1458333 0 0.1458333 0.08333331 0.125 0.08333331 0.1458333 0.08333331 0.1458333 0.1666666 0.125 0.1666666 0.1458333 0.1666666 0.1458333 0.25 0.125 0.25 0.125 0.25 0.1458333 0.25 0.1458333 0.3333333 0.1458333 0.3333333 0.1458333 0.4166666 0.125 0.4166666 0.125 0.4166666 0.1458333 0.4166666 0.1458333 0.5 0.1458333 0.5 0.1666666 0.5 0.1666666 0.5833333 0.1666666 0.5833333 0.1666666 0.6666667 0.1458333 0.6666667 0.1666666 0.6666667 0.1666666 0.75 0.1458333 0.75 0.1458333 0.75 0.1666666 0.75 0.1666666 0.8333333 0.1458333 0.8333333 0.1666666 0.8333333 0.1666666 0.9166667 0.1458333 0.9166667 0.1666666 0.9166667 0.1666666 1 0.1666666 0 0.1666666 0.08333331 0.1458333 0.08333331 0.1458333 0.08333331 0.1666666 0.08333331 0.1666666 0.1666666 0.1458333 0.1666666 0.1666666 0.1666666 0.1666666 0.25 0.1666666 0.25 0.1666666 0.3333333 0.1458333 0.3333333 0.1666666 0.3333333 0.1666666 0.4166666 0.1458333 0.4166666 0.1666666 0.4166666 0.1666666 0.5 0.1458333 0.5 0.1666666 0.5 0.1875 0.5 0.1875 0.5833333 0.1875 0.5833333 0.1875 0.6666667 0.1666666 0.6666667 0.1666666 0.6666667 0.1875 0.6666667 0.1875 0.75 0.1666666 0.75 0.1875 0.75 0.1875 0.8333333 0.1875 0.8333333 0.1875 0.9166667 0.1666666 0.9166667 0.1875 0.9166667 0.1875 1 0.1666666 1 0.1875 0 0.1875 0.08333331 0.1666666 0.08333331 0.1666666 0.08333331 0.1875 0.08333331 0.1875 0.1666666 0.1875 0.1666666 0.1875 0.25 0.1666666 0.25 0.1875 0.25 0.1875 0.3333333 0.1666666 0.3333333 0.1875 0.3333333 0.1875 0.4166666 0.1666666 0.4166666 0.1666666 0.4166666 0.1875 0.4166666 0.1875 0.5 0.1875 0.5 0.2083333 0.5 0.2083333 0.5833333 0.2083333 0.5833333 0.2083333 0.6666667 0.1875 0.6666667 0.2083333 0.6666667 0.2083333 0.75 0.1875 0.75 0.1875 0.75 0.2083333 0.75 0.2083333 0.8333333 0.1875 0.8333333 0.2083333 0.8333333 0.2083333 0.9166667 0.1875 0.9166667 0.2083333 0.9166667 0.2083333 1 0.1875 0 0.2083333 0 0.2083333 0.08333331 0.2083333 0.08333331 0.2083333 0.1666666 0.1875 0.1666666 0.2083333 0.1666666 0.2083333 0.25 0.1875 0.25 0.1875 0.25 0.2083333 0.25 0.2083333 0.3333333 0.1875 0.3333333 0.2083333 0.3333333 0.2083333 0.4166666 0.2083333 0.4166666 0.2083333 0.5 0.1875 0.5 0.2083333 0.5 0.2291666 0.5 0.2291666 0.5833333 0.2083333 0.5833333 0.2291666 0.5833333 0.2291666 0.6666667 0.2291666 0.6666667 0.2291666 0.75 0.2083333 0.75 0.2291666 0.75 0.2291666 0.8333333 0.2083333 0.8333333 0.2291666 0.8333333 0.2291666 0.9166667 0.2083333 0.9166667 0.2291666 0.9166667 0.2291666 1 0.2083333 1 0.2291666 0 0.2291666 0.08333331 0.2083333 0.08333331 0.2291666 0.08333331 0.2291666 0.1666666 0.2083333 0.1666666 0.2083333 0.1666666 0.2291666 0.1666666 0.2291666 0.25 0.2083333 0.25 0.2291666 0.25 0.2291666 0.3333333 0.2291666 0.3333333 0.2291666 0.4166666 0.2083333 0.4166666 0.2291666 0.4166666 0.2291666 0.5 0.2083333 0.5 0.25 0.5 0.25 0.5833333 0.2291666 0.5833333 0.25 0.5833333 0.25 0.6666667 0.2291666 0.6666667 0.2291666 0.6666667 0.25 0.6666667 0.25 0.75 0.2291666 0.75 0.25 0.75 0.25 0.8333333 0.2291666 0.8333333 0.25 0.8333333 0.25 0.9166667 0.2291666 0.9166667 0.25 0.9166667 0.25 1 0.2291666 0 0.25 0 0.25 0.08333331 0.2291666 0.08333331 0.25 0.08333331 0.25 0.1666666 0.25 0.1666666 0.25 0.25 0.2291666 0.25 0.25 0.25 0.25 0.3333333 0.2291666 0.3333333 0.25 0.3333333 0.25 0.4166666 0.2291666 0.4166666 0.25 0.4166666 0.25 0.5 0.2291666 0.5 0.2708333 0.5 0.2708333 0.5833333 0.25 0.5833333 0.2708333 0.5833333 0.2708333 0.6666667 0.25 0.6666667 0.25 0.6666667 0.2708333 0.6666667 0.2708333 0.75 0.25 0.75 0.2708333 0.75 0.2708333 0.8333333 0.25 0.8333333 0.2708333 0.8333333 0.2708333 0.9166667 0.25 0.9166667 0.2708333 0.9166667 0.2708333 1 0.25 0 0.2708333 0 0.2708333 0.08333331 0.25 0.08333331 0.2708333 0.08333331 0.2708333 0.1666666 0.2708333 0.1666666 0.2708333 0.25 0.25 0.25 0.2708333 0.25 0.2708333 0.3333333 0.25 0.3333333 0.2708333 0.3333333 0.2708333 0.4166666 0.25 0.4166666 0.2708333 0.4166666 0.2708333 0.5 0.25 0.5 0.2916666 0.5 0.2916666 0.5833333 0.2708333 0.5833333 0.2916666 0.5833333 0.2916666 0.6666667 0.2708333 0.6666667 0.2916666 0.6666667 0.2916666 0.75 0.2708333 0.75 0.2916666 0.75 0.2916666 0.8333333 0.2708333 0.8333333 0.2916666 0.8333333 0.2916666 0.9166667 0.2708333 0.9166667 0.2916666 0.9166667 0.2916666 1 0.2708333 1 0.2916666 0 0.2916666 0.08333331 0.2708333 0.08333331 0.2916666 0.08333331 0.2916666 0.1666666 0.2708333 0.1666666 0.2708333 0.1666666 0.2916666 0.1666666 0.2916666 0.25 0.2708333 0.25 0.2916666 0.25 0.2916666 0.3333333 0.2708333 0.3333333 0.2916666 0.3333333 0.2916666 0.4166666 0.2916666 0.4166666 0.2916666 0.5 0.2708333 0.5 0.3125 0.5 0.3125 0.5833333 0.2916666 0.5833333 0.2916666 0.5833333 0.3125 0.5833333 0.3125 0.6666667 0.2916666 0.6666667 0.3125 0.6666667 0.3125 0.75 0.3125 0.75 0.3125 0.8333333 0.2916666 0.8333333 0.3125 0.8333333 0.3125 0.9166667 0.2916666 0.9166667 0.2916666 0.9166667 0.3125 0.9166667 0.3125 1 0.2916666 0 0.3125 0 0.3125 0.08333331 0.2916666 0.08333331 0.3125 0.08333331 0.3125 0.1666666 0.3125 0.1666666 0.3125 0.25 0.2916666 0.25 0.2916666 0.25 0.3125 0.25 0.3125 0.3333333 0.3125 0.3333333 0.3125 0.4166666 0.2916666 0.4166666 0.2916666 0.4166666 0.3125 0.4166666 0.3125 0.5 0.3125 0.5 0.3333333 0.5 0.3333333 0.5833333 0.3333333 0.5833333 0.3333333 0.6666667 0.3125 0.6666667 0.3333333 0.6666667 0.3333333 0.75 0.3125 0.75 0.3125 0.75 0.3333333 0.75 0.3333333 0.8333333 0.3125 0.8333333 0.3333333 0.8333333 0.3333333 0.9166667 0.3333333 0.9166667 0.3333333 1 0.3125 1 0.3333333 0 0.3333333 0.08333331 0.3125 0.08333331 0.3333333 0.08333331 0.3333333 0.1666666 0.3125 0.1666666 0.3333333 0.1666666 0.3333333 0.25 0.3125 0.25 0.3125 0.25 0.3333333 0.25 0.3333333 0.3333333 0.3333333 0.3333333 0.3333333 0.4166666 0.3125 0.4166666 0.3125 0.4166666 0.3333333 0.4166666 0.3333333 0.5 0.3333333 0.5 0.3541666 0.5 0.3541666 0.5833333 0.3541666 0.5833333 0.3541666 0.6666667 0.3333333 0.6666667 0.3541666 0.6666667 0.3541666 0.75 0.3333333 0.75 0.3541666 0.75 0.3541666 0.8333333 0.3333333 0.8333333 0.3333333 0.8333333 0.3541666 0.8333333 0.3541666 0.9166667 0.3541666 0.9166667 0.3541666 1 0.3333333 1 0.3333333 0 0.3541666 0 0.3541666 0.08333331 0.3333333 0.08333331 0.3541666 0.08333331 0.3541666 0.1666666 0.3333333 0.1666666 0.3541666 0.1666666 0.3541666 0.25 0.3541666 0.25 0.3541666 0.3333333 0.3333333 0.3333333 0.3541666 0.3333333 0.3541666 0.4166666 0.3333333 0.4166666 0.3541666 0.4166666 0.3541666 0.5 0.3333333 0.5 0.3541666 0.5 0.375 0.5 0.375 0.5833333 0.375 0.5833333 0.375 0.6666667 0.3541666 0.6666667 0.3541666 0.6666667 0.375 0.6666667 0.375 0.75 0.3541666 0.75 0.375 0.75 0.375 0.8333333 0.3541666 0.8333333 0.375 0.8333333 0.375 0.9166667 0.375 0.9166667 0.375 1 0.3541666 1 0.375 0 0.375 0.08333331 0.3541666 0.08333331 0.375 0.08333331 0.375 0.1666666 0.3541666 0.1666666 0.375 0.1666666 0.375 0.25 0.3541666 0.25 0.375 0.25 0.375 0.3333333 0.3541666 0.3333333 0.375 0.3333333 0.375 0.4166666 0.3541666 0.4166666 0.375 0.4166666 0.375 0.5 0.3541666 0.5 0.375 0.5 0.3958333 0.5 0.3958333 0.5833333 0.3958333 0.5833333 0.3958333 0.6666667 0.375 0.6666667 0.3958333 0.6666667 0.3958333 0.75 0.375 0.75 0.3958333 0.75 0.3958333 0.8333333 0.375 0.8333333 0.3958333 0.8333333 0.3958333 0.9166667 0.375 0.9166667 0.3958333 0.9166667 0.3958333 1 0.375 1 0.3958333 0 0.3958333 0.08333331 0.375 0.08333331 0.375 0.08333331 0.3958333 0.08333331 0.3958333 0.1666666 0.375 0.1666666 0.3958333 0.1666666 0.3958333 0.25 0.375 0.25 0.3958333 0.25 0.3958333 0.3333333 0.375 0.3333333 0.3958333 0.3333333 0.3958333 0.4166666 0.3958333 0.4166666 0.3958333 0.5 0.375 0.5 0.4166666 0.5 0.4166666 0.5833333 0.3958333 0.5833333 0.4166666 0.5833333 0.4166666 0.6666667 0.3958333 0.6666667 0.4166666 0.6666667 0.4166666 0.75 0.3958333 0.75 0.4166666 0.75 0.4166666 0.8333333 0.3958333 0.8333333 0.4166666 0.8333333 0.4166666 0.9166667 0.3958333 0.9166667 0.4166666 0.9166667 0.4166666 1 0.3958333 1 0.3958333 0 0.4166666 0 0.4166666 0.08333331 0.3958333 0.08333331 0.4166666 0.08333331 0.4166666 0.1666666 0.4166666 0.1666666 0.4166666 0.25 0.3958333 0.25 0.4166666 0.25 0.4166666 0.3333333 0.3958333 0.3333333 0.3958333 0.3333333 0.4166666 0.3333333 0.4166666 0.4166666 0.4166666 0.4166666 0.4166666 0.5 0.3958333 0.5 0.4166666 0.5 0.4375 0.5 0.4375 0.5833333 0.4166666 0.5833333 0.4375 0.5833333 0.4375 0.6666667 0.4166666 0.6666667 0.4375 0.6666667 0.4375 0.75 0.4166666 0.75 0.4375 0.75 0.4375 0.8333333 0.4166666 0.8333333 0.4375 0.8333333 0.4375 0.9166667 0.4166666 0.9166667 0.4375 0.9166667 0.4375 1 0.4375 0 0.4375 0.08333331 0.4166666 0.08333331 0.4166666 0.08333331 0.4375 0.08333331 0.4375 0.1666666 0.4375 0.1666666 0.4375 0.25 0.4166666 0.25 0.4375 0.25 0.4375 0.3333333 0.4166666 0.3333333 0.4166666 0.3333333 0.4375 0.3333333 0.4375 0.4166666 0.4375 0.4166666 0.4375 0.5 0.4166666 0.5 0.4375 0.5 0.4583333 0.5 0.4583333 0.5833333 0.4583333 0.5833333 0.4583333 0.6666667 0.4375 0.6666667 0.4583333 0.6666667 0.4583333 0.75 0.4375 0.75 0.4583333 0.75 0.4583333 0.8333333 0.4375 0.8333333 0.4583333 0.8333333 0.4583333 0.9166667 0.4375 0.9166667 0.4375 0.9166667 0.4583333 0.9166667 0.4583333 1 0.4583333 0 0.4583333 0.08333331 0.4375 0.08333331 0.4375 0.08333331 0.4583333 0.08333331 0.4583333 0.1666666 0.4583333 0.1666666 0.4583333 0.25 0.4375 0.25 0.4375 0.25 0.4583333 0.25 0.4583333 0.3333333 0.4375 0.3333333 0.4583333 0.3333333 0.4583333 0.4166666 0.4375 0.4166666 0.4583333 0.4166666 0.4583333 0.5 0.4791666 0.5 0.4791666 0.5833333 0.4583333 0.5833333 0.4583333 0.5833333 0.4791666 0.5833333 0.4791666 0.6666667 0.4583333 0.6666667 0.4791666 0.6666667 0.4791666 0.75 0.4583333 0.75 0.4791666 0.75 0.4791666 0.8333333 0.4583333 0.8333333 0.4791666 0.8333333 0.4791666 0.9166667 0.4791666 0.9166667 0.4791666 1 0.4583333 1 0.4791666 0 0.4791666 0.08333331 0.4583333 0.08333331 0.4791666 0.08333331 0.4791666 0.1666666 0.4583333 0.1666666 0.4791666 0.1666666 0.4791666 0.25 0.4583333 0.25 0.4791666 0.25 0.4791666 0.3333333 0.4583333 0.3333333 0.4791666 0.3333333 0.4791666 0.4166666 0.4583333 0.4166666 0.4791666 0.4166666 0.4791666 0.5 0.4583333 0.5 0.5 0.5 0.5 0.5833333 0.4791666 0.5833333 0.5 0.5833333 0.5 0.6666667 0.4791666 0.6666667 0.5 0.6666667 0.5 0.75 0.4791666 0.75 0.5 0.75 0.5 0.8333333 0.4791666 0.8333333 0.5 0.8333333 0.5 0.9166667 0.4791666 0.9166667 0.5 0.9166667 0.5 1 0.4791666 1 0.4791666 0 0.5 0 0.5 0.08333331 0.5 0.08333331 0.5 0.1666666 0.4791666 0.1666666 0.4791666 0.1666666 0.5 0.1666666 0.5 0.25 0.4791666 0.25 0.5 0.25 0.5 0.3333333 0.4791666 0.3333333 0.5 0.3333333 0.5 0.4166666 0.4791666 0.4166666 0.5 0.4166666 0.5 0.5 0 0 0 0 0 0 0 0 0 0 0 0 0 0 0 0 0 0 0 0 0 0 0 0 0 0 0 0 0 0 0 0 0 0 0 0 0 0 0 0 0 0 0 0 0 0 0 0 0 0 0 0 0 0 0 0 0 0 0 0 0 0 0 0 0 0 0 0 0 0 0 0 0 0 0 0 0 0 0 0 0 0 0 0 0 0 0 0 0 0 0 0 0 0 0 0 0 0 0 0 0 0 0 0 0 0 0 0 0 0 0 0 0 0 0 0 0 0 0 0 0 0 0 0 0 0 0 0 0 0 0 0 0 0 0 0 0 0 0 0 0 0 0 0 0 0 0 0 0 0 0 0 0 0 0 0 0 0 0 0 0 0 0 0 0 0 0 0 0 0 0 0 0 0 0 0 0 0 0 0 0 0 0 0 0 0 0 0 0 0 0 0 0 0 0 0 0 0 0 0 0 0 0 0 0 0 0 0 0 0 0 0 0 0 0 0 0 0 0 0 0 0 0 0 0 0 0 0 0 0 0 0 0 0 0 0 0 0 0 0 0 0 0 0 0 0 0 0 0 0 0 0 0 0 0 0 0 0 0 0 0 0 0 0 0 0 0 0 0 0 0 0 0 0 0 0 0 0 0 0 0 0 0 0 0 0 0 0 0 0 0 0 0 0 0 0 0 0 0 0 0 0 0 0 0 0 0 0 0 0 0 0 0 0 0 0 0 0 0 0 0 0 0 0 0 0 0 0 0 0 0 0 0 0 0 0 0 0 0 0 0 0 0 0 0 0 0 0 0 0 0 0 0 0 0 0 0 0 0 0 0 0 0 0 0 0 0 0 0 0 0 0 0 0 0 0 0 0 0 0 0 0 0 0 0 0 0 0 0 0 0 0 0 0 0 0 0 0 0 0 0 0 0 0 0 0 0 0 0 0 0 0 0 0 0 0 0 0 0 0 0 0 0 0 0 0 0 0 0 0 0 0 0 0 0 0 0 0 0 0 0 0 0 0 0 0 0 0 0 0 0 0 0 0 0 0 0 0 0 0 0 0 0 0 0 0 0 0 0 0 0 0 0 0 0 0 0 0 0 0 0 0 0 0 0 0 0 0 0 0 0 0 0 0 0 0 0 0 0 0 0 0 0 0 0 0 0 0 0 0 0 0 0 0 0 0 0 0 0 0 0 0 0 0 0 0 0 0 0 0 0 0 0 0 0 0 0 0 0 0 0 0 0 0 0 0 0 0 0 0 0 0 0 0 0 0 0 0 0 0 0 0 0 0 0 0 0 0 0 0 0 0 0 0 0 0 0 0 0 0 0 0 0 0 0 0 0 0 0 0 0 0 0 0 0 0 0 0 0 0 0 0 0 0 0 0 0 0 0 0 0 0 0 0 0 0 0 0 0 0 0 0 0 0 0 0 0 0 0 0 0 0 0 0 0 0 0 0 0 0 0 0 0 0 0 0 0 0 0 0 0 0 0 0 0 0 0 0 0 0 0 0 0 0 0 0 0 0 0 0 0 0 0 0 0 0 0 0 0 0 0 0 0 0 0 0 0 0 0 0 0 0 0 0 0 0 0 0 0 0 0 0 0 0 0 0 0 0 0 0 0 0 0 0 0 0 0 0 0 0 0 0 0 0 0 0 0 0 0 0 0 0 0 0 0 0 0 0 0 0 0 0 0 0 0 0 0 0 0 0 0 0 0 0 0 0 0 0 0 0 0 0 0 0 0 0 0 0 0 0 0 0 0 0 0 0 0 0 0 0 0 0 0 0 0 0 0 0 0 0 0 0 0 0 0 0 0 0 0 0 0 0 0 0 0 0 0 0 0 0 0 0 0 0 0 0 0 0 0 0 0 0 0 0 0 0 0 0 0 0 0 0 0 0 0 0 0 0 0 0 0 0 0 0 0 0 0 0 0 0 0 0 0 0 0 0 0 0 0 0 0 0 0 0 0 0 0 0 0 0 0 0 0 0 0 0 0 0 0 0 0 0 0 0 0 0 0 0 0 0 0 0 0 0 0 0 0 0 0 0 0 0 0 0 0 0 0 0 0 0 0 0 0 0 0 0 0 0 0 0 0 0 0 0 0 0 0 0 0 0 0 0 0 0 0 0 0 0 0 0 0 0 0.7813878 0.2186122 0.7813878 0.2186122 0.7813878 0.7813878 0 0 1 0 1 1 0 0 1 0 1 0 1 1 1 1 1 0 0 0 0 0 0 1 0 1 0 1 1 1 0.2186122 0.7813878 0.2186122 0.2186122 0 0 0.7813878 0.2186122 1 0 0 0 0.7813878 0.7813878 1 1 1 0 0.2186122 0.7813878 0 1 1 1 0.2186122 0.2186122 0.2186122 0.7813878 0.7813878 0.7813878 0.2186122 0.7813878 0.2186122 0.7813878 0.2186122 0.2186122 0.2186122 0.7813878 0.7813878 0.7813878 0.7813878 0.7813878 0.2186122 0.2186122 0.2186122 0.2186122 0.7813878 0.2186122 0.7813878 0.2186122 0.7813878 0.2186122 0.7813878 0.7813878 1 0 1 1 0 1 0 0 1 0 1 0 1 1 1 1 1 0 0 0 0 0 0 1 0 1 0 1 1 1 0.2186122 0.7813878 0.2186122 0.2186122 0 0 0.2186122 0.2186122 0.7813878 0.2186122 1 0 0.7813878 0.2186122 0.7813878 0.7813878 1 1 0.2186122 0.7813878 0 1 1 1 0.2186122 0.7813878 0.7813878 0.7813878 0.7813878 0.2186122 0.2186122 0.7813878 0.2186122 0.7813878 0.2186122 0.2186122 0.2186122 0.7813878 0.7813878 0.7813878 0.7813878 0.7813878 0.7813878 0.2186122 0.2186122 0.2186122 0.2186122 0.2186122 0.7813878 0.2186122 0.7813878 0.2186122 0.7813878 0.7813878 0 0 1 0 1 1 1 0 1 0 0 0 1 0 1 1 1 1 0 0 0 0 0 1 1 1 0 1 0 1 0.2186122 0.2186122 0 0 0 1 0.7813878 0.2186122 1 0 0 0 0.7813878 0.2186122 0.7813878 0.7813878 1 1 0.7813878 0.7813878 0.2186122 0.7813878 0 1 0.2186122 0.2186122 0.2186122 0.7813878 0.7813878 0.7813878 0.2186122 0.7813878 0.2186122 0.7813878 0.2186122 0.2186122 0.2186122 0.7813878 0.7813878 0.7813878 0.7813878 0.7813878 0.7813878 0.2186122 0.2186122 0.2186122 0.2186122 0.2186122 0.7813878 0.2186122 0.7813878 0.2186122 0.7813878 0.7813878 1 0 1 1 0 1 0 0 1 0 1 0 1 1 1 1 1 0 0 0 0 0 0 1 1 1 0 1 0 1 0.2186122 0.2186122 0 0 0 1 0.7813878 0.2186122 1 0 0 0 0.7813878 0.2186122 0.7813878 0.7813878 1 1 0.2186122 0.7813878 0 1 1 1 0.2186122 0.2186122 0.2186122 0.7813878 0.7813878 0.7813878 0.2186122 0.7813878 0.2186122 0.7813878 0.2186122 0.2186122 0.7813878 0.7813878 0.7813878 0.7813878 0.2186122 0.7813878 0.2186122 0.2186122 0.2186122 0.2186122 0.7813878 0.2186122 0.7813878 0.7813878 0.7813878 0.2186122 0.7813878 0.2186122 1 0 1 1 0 1 1 0 1 0 0 0 1 1 1 1 1 0 0 1 0 0 0 0 1 1 0 1 0 1 0.2186122 0.7813878 0.2186122 0.2186122 0 0 0.2186122 0.2186122 0.7813878 0.2186122 1 0 0.7813878 0.7813878 1 1 1 0 0.2186122 0.7813878 0 1 1 1 0.2186122 0.7813878 0.7813878 0.7813878 0.7813878 0.2186122 0.2186122 0.7813878 0.2186122 0.7813878 0.2186122 0.2186122 0.7813878 0.7813878 0.7813878 0.7813878 0.2186122 0.7813878 0.2186122 0.2186122 0.2186122 0.2186122 0.7813878 0.2186122 1 0.5 1 1 0.8 1 0.8 0.5 0.8 1 0.6 1 0.6 1 0.4 1 0.4 0.5 0.3910685 0.0558359 0.4782536 0.3241641 0.25 0.49 0.25 0.49 0.02174639 0.3241641 0.1089315 0.0558359 0.4 1 0.2 1 0.2 0.5 0.2 1 0 1 0 0.5 0.5217465 0.3241641 0.75 0.49 0.9782536 0.3241641 0.9782536 0.3241641 0.8910685 0.0558359 0.6089316 0.0558359</float_array>
          <technique_common>
            <accessor source="#Circle_002-mesh-map-0-array" count="6108" stride="2">
              <param name="S" type="float"/>
              <param name="T" type="float"/>
            </accessor>
          </technique_common>
        </source>
        <vertices id="Circle_002-mesh-vertices">
          <input semantic="POSITION" source="#Circle_002-mesh-positions"/>
        </vertices>
        <triangles material="Llanta_mat_001-material" count="442">
          <input semantic="VERTEX" source="#Circle_002-mesh-vertices" offset="0"/>
          <input semantic="NORMAL" source="#Circle_002-mesh-normals" offset="1"/>
          <input semantic="TEXCOORD" source="#Circle_002-mesh-map-0" offset="2" set="0"/>
          <p>117 0 0 73 1 1 115 2 2 101 3 3 64 4 4 97 5 5 98 6 6 95 7 7 159 8 8 105 9 9 67 10 10 103 11 11 107 12 12 68 13 13 105 9 14 109 14 15 69 15 16 107 12 17 111 16 18 70 17 19 109 14 20 113 18 21 71 19 22 111 16 23 112 20 24 9 21 25 114 22 26 115 2 27 72 23 28 113 18 29 119 24 30 74 25 31 117 0 32 121 26 33 75 27 34 119 24 35 121 26 36 77 28 37 76 29 38 125 30 39 77 28 40 123 31 41 125 30 42 79 32 43 78 33 44 129 34 45 79 32 46 127 35 47 131 36 48 80 37 49 129 34 50 131 36 51 82 38 52 81 39 53 135 40 54 82 38 55 133 41 56 137 42 57 83 43 58 135 40 59 139 44 60 84 45 61 137 42 62 141 46 63 85 47 64 139 44 65 143 48 66 86 49 67 141 46 68 145 50 69 87 51 70 143 48 71 147 52 72 88 53 73 145 50 74 149 54 75 89 55 76 147 52 77 151 56 78 90 57 79 149 54 80 153 58 81 91 59 82 151 56 83 155 60 84 92 61 85 153 58 86 157 62 87 93 63 88 155 60 89 159 8 90 94 64 91 157 62 92 55 65 93 47 66 94 39 67 95 103 11 96 66 68 97 101 3 98 89 55 99 39 67 100 88 53 101 142 69 102 22 70 103 23 71 104 116 72 105 9 21 106 10 73 107 142 69 108 24 74 109 144 75 110 116 72 111 11 76 112 118 77 113 146 78 114 24 74 115 25 79 116 118 77 117 12 80 118 120 81 119 146 78 120 26 70 121 148 82 122 122 83 123 12 80 124 13 84 125 148 82 126 27 70 127 150 85 128 124 86 129 13 84 130 14 87 131 99 88 132 1 89 133 96 90 134 150 85 135 28 91 136 152 92 137 124 86 138 15 93 139 126 94 140 100 95 141 1 89 142 2 96 143 154 97 144 28 91 145 29 98 146 128 99 147 15 93 148 16 70 149 102 100 150 2 96 151 3 101 152 154 97 153 30 102 154 156 103 155 128 99 156 17 104 157 130 105 158 102 100 159 4 106 160 104 107 161 156 103 162 31 108 163 158 109 164 132 110 165 17 104 166 18 111 167 106 112 168 4 106 169 5 113 170 99 88 171 31 108 172 0 70 173 132 110 174 19 114 175 134 115 176 108 116 177 5 113 178 6 117 179 134 115 180 20 118 181 136 119 182 108 116 183 7 120 184 110 121 185 138 122 186 20 118 187 21 70 188 112 20 189 7 120 190 8 123 191 140 124 192 21 70 193 22 70 194 98 6 195 96 90 196 97 5 197 97 5 198 100 95 199 101 3 200 101 3 201 102 100 202 103 11 203 103 11 204 104 107 205 105 9 206 107 12 207 104 107 208 106 112 209 107 12 210 108 116 211 109 14 212 109 14 213 110 121 214 111 16 215 111 16 216 112 20 217 113 18 218 115 2 219 112 20 220 114 22 221 117 0 222 114 22 223 116 72 224 119 24 225 116 72 226 118 77 227 121 26 228 118 77 229 120 81 230 123 31 231 120 81 232 122 83 233 123 31 234 124 86 235 125 30 236 127 35 237 124 86 238 126 94 239 129 34 240 126 94 241 128 99 242 129 34 243 130 105 244 131 36 245 133 41 246 130 105 247 132 110 248 135 40 249 132 110 250 134 115 251 135 40 252 136 119 253 137 42 254 137 42 255 138 122 256 139 44 257 139 44 258 140 124 259 141 46 260 143 48 261 140 124 262 142 69 263 143 48 264 144 75 265 145 50 266 145 50 267 146 78 268 147 52 269 147 52 270 148 82 271 149 54 272 149 54 273 150 85 274 151 56 275 151 56 276 152 92 277 153 58 278 155 60 279 152 92 280 154 97 281 157 62 282 154 97 283 156 103 284 157 62 285 158 109 286 159 8 287 98 6 288 158 109 289 99 88 290 97 5 291 65 125 292 98 6 293 76 29 294 52 126 295 75 27 296 90 57 297 38 127 298 89 55 299 77 28 300 51 128 301 76 29 302 91 59 303 37 129 304 90 57 305 78 33 306 50 130 307 77 28 308 64 4 309 62 131 310 65 125 311 92 61 312 36 132 313 91 59 314 79 32 315 49 133 316 78 33 317 66 68 318 63 134 319 64 4 320 93 63 321 35 135 322 92 61 323 80 37 324 48 136 325 79 32 326 67 10 327 61 137 328 66 68 329 94 64 330 34 138 331 93 63 332 81 39 333 47 66 334 80 37 335 67 10 336 59 139 337 60 140 338 95 7 339 33 141 340 94 64 341 82 38 342 46 142 343 81 39 344 69 15 345 59 139 346 68 13 347 65 125 348 32 143 349 95 7 350 83 43 351 45 144 352 82 38 353 70 17 354 58 145 355 69 15 356 84 45 357 44 146 358 83 43 359 71 19 360 57 147 361 70 17 362 85 47 363 43 148 364 84 45 365 72 23 366 56 149 367 71 19 368 86 49 369 42 150 370 85 47 371 73 1 372 55 65 373 72 23 374 87 51 375 41 151 376 86 49 377 74 25 378 54 152 379 73 1 380 88 53 381 40 153 382 87 51 383 75 27 384 53 154 385 74 25 386 161 155 387 175 156 388 163 157 389 165 158 390 167 159 391 164 160 392 170 161 393 165 158 394 169 162 395 171 163 396 166 164 397 170 161 398 168 165 399 165 158 400 164 160 401 168 165 402 167 159 403 171 163 404 162 166 405 169 162 406 168 165 407 161 155 408 169 162 409 160 167 410 163 157 411 170 161 412 161 155 413 162 166 414 171 163 415 163 157 416 173 168 417 175 156 418 174 169 419 162 166 420 173 168 421 160 167 422 162 166 423 175 156 424 172 170 425 160 167 426 174 169 427 161 155 428 177 171 429 191 172 430 179 173 431 181 174 432 183 175 433 180 176 434 186 177 435 181 174 436 185 178 437 187 179 438 182 180 439 186 177 440 185 178 441 180 176 442 184 181 443 187 179 444 180 176 445 183 175 446 178 182 447 185 178 448 184 181 449 176 183 450 186 177 451 185 178 452 177 171 453 187 179 454 186 177 455 179 173 456 184 181 457 187 179 458 188 184 459 190 185 460 189 186 461 176 183 462 188 184 463 189 186 464 179 173 465 188 184 466 178 182 467 176 183 468 190 185 469 177 171 470 195 187 471 206 188 472 207 189 473 198 190 474 196 191 475 197 192 476 202 193 477 197 192 478 201 194 479 203 195 480 198 190 481 202 193 482 200 196 483 197 192 484 196 191 485 203 195 486 196 191 487 199 197 488 192 198 489 200 196 490 194 199 491 192 198 492 202 193 493 201 194 494 193 200 495 203 195 496 202 193 497 195 187 498 200 196 499 203 195 500 204 201 501 206 188 502 205 202 503 194 199 504 205 202 505 192 198 506 195 187 507 204 201 508 194 199 509 192 198 510 206 188 511 193 200 512 209 203 513 223 204 514 211 205 515 213 206 516 215 207 517 212 208 518 218 209 519 213 206 520 217 210 521 218 209 522 215 207 523 214 211 524 217 210 525 212 208 526 216 212 527 216 212 528 215 207 529 219 213 530 210 214 531 217 210 532 216 212 533 209 203 534 217 210 535 208 215 536 209 203 537 219 213 538 218 209 539 211 205 540 216 212 541 219 213 542 221 216 543 223 204 544 222 217 545 210 214 546 221 216 547 208 215 548 210 214 549 223 204 550 220 218 551 208 215 552 222 217 553 209 203 554 225 219 555 239 220 556 227 221 557 230 222 558 228 223 559 229 224 560 233 225 561 230 222 562 229 224 563 235 226 564 230 222 565 234 227 566 233 225 567 228 223 568 232 228 569 232 228 570 231 229 571 235 226 572 226 230 573 233 225 574 232 228 575 224 231 576 234 227 577 233 225 578 227 221 579 234 227 580 225 219 581 226 230 582 235 226 583 227 221 584 236 232 585 238 233 586 237 234 587 226 230 588 237 234 589 224 231 590 227 221 591 236 232 592 226 230 593 224 231 594 238 233 595 225 219 596 240 235 597 243 236 598 242 237 599 243 236 600 244 238 601 242 237 602 245 239 603 246 240 604 244 238 605 241 241 606 247 242 607 245 239 608 247 242 609 248 243 610 246 240 611 248 243 612 241 241 613 240 235 614 242 237 615 246 240 616 248 243 617 117 0 2964 74 25 2965 73 1 2966 101 3 2967 66 68 2968 64 4 2969 98 6 2970 65 125 2971 95 7 2972 105 9 2973 68 13 2974 67 10 2975 107 12 2976 69 15 2977 68 13 2978 109 14 2979 70 17 2980 69 15 2981 111 16 2982 71 19 2983 70 17 2984 113 18 2985 72 23 2986 71 19 2987 112 20 2988 8 123 2989 9 21 2990 115 2 2991 73 1 2992 72 23 2993 119 24 2994 75 27 2995 74 25 2996 121 26 2997 76 29 2998 75 27 2999 121 26 3000 123 31 3001 77 28 3002 125 30 3003 78 33 3004 77 28 3005 125 30 3006 127 35 3007 79 32 3008 129 34 3009 80 37 3010 79 32 3011 131 36 3012 81 39 3013 80 37 3014 131 36 3015 133 41 3016 82 38 3017 135 40 3018 83 43 3019 82 38 3020 137 42 3021 84 45 3022 83 43 3023 139 44 3024 85 47 3025 84 45 3026 141 46 3027 86 49 3028 85 47 3029 143 48 3030 87 51 3031 86 49 3032 145 50 3033 88 53 3034 87 51 3035 147 52 3036 89 55 3037 88 53 3038 149 54 3039 90 57 3040 89 55 3041 151 56 3042 91 59 3043 90 57 3044 153 58 3045 92 61 3046 91 59 3047 155 60 3048 93 63 3049 92 61 3050 157 62 3051 94 64 3052 93 63 3053 159 8 3054 95 7 3055 94 64 3056 62 131 3057 63 134 3058 61 137 3059 61 137 3060 60 140 3061 59 139 3062 59 139 3063 58 145 3064 57 147 3065 57 147 3066 56 149 3067 55 65 3068 55 65 3069 54 152 3070 53 154 3071 53 154 3072 52 126 3073 55 65 3074 52 126 3075 51 128 3076 55 65 3077 51 128 3078 50 130 3079 49 133 3080 49 133 3081 48 136 3082 51 128 3083 48 136 3084 47 66 3085 51 128 3086 47 66 3087 46 142 3088 43 148 3089 46 142 3090 45 144 3091 43 148 3092 45 144 3093 44 146 3094 43 148 3095 43 148 3096 42 150 3097 41 151 3098 41 151 3099 40 153 3100 43 148 3101 40 153 3102 39 67 3103 43 148 3104 39 67 3105 38 127 3106 35 135 3107 38 127 3108 37 129 3109 35 135 3110 37 129 3111 36 132 3112 35 135 3113 35 135 3114 34 138 3115 62 131 3116 34 138 3117 33 141 3118 62 131 3119 33 141 3120 32 143 3121 62 131 3122 62 131 3123 61 137 3124 59 139 3125 59 139 3126 57 147 3127 55 65 3128 62 131 3129 59 139 3130 55 65 3131 55 65 3132 51 128 3133 47 66 3134 47 66 3135 43 148 3136 39 67 3137 39 67 3138 35 135 3139 62 131 3140 62 131 3141 55 65 3142 39 67 3143 103 11 3144 67 10 3145 66 68 3146 89 55 3147 38 127 3148 39 67 3149 142 69 3150 140 124 3151 22 70 3152 116 72 3153 114 22 3154 9 21 3155 142 69 3156 23 71 3157 24 74 3158 116 72 3159 10 73 3160 11 76 3161 146 78 3162 144 75 3163 24 74 3164 118 77 3165 11 76 3166 12 80 3167 146 78 3168 25 79 3169 26 70 3170 122 83 3171 120 81 3172 12 80 3173 148 82 3174 26 70 3175 27 70 3176 124 86 3177 122 83 3178 13 84 3179 99 88 3180 0 70 3181 1 89 3182 150 85 3183 27 70 3184 28 91 3185 124 86 3186 14 87 3187 15 93 3188 100 95 3189 96 90 3190 1 89 3191 154 97 3192 152 92 3193 28 91 3194 128 99 3195 126 94 3196 15 93 3197 102 100 3198 100 95 3199 2 96 3200 154 97 3201 29 98 3202 30 102 3203 128 99 3204 16 70 3205 17 104 3206 102 100 3207 3 101 3208 4 106 3209 156 103 3210 30 102 3211 31 108 3212 132 110 3213 130 105 3214 17 104 3215 106 112 3216 104 107 3217 4 106 3218 99 88 3219 158 109 3220 31 108 3221 132 110 3222 18 111 3223 19 114 3224 108 116 3225 106 112 3226 5 113 3227 134 115 3228 19 114 3229 20 118 3230 108 116 3231 6 117 3232 7 120 3233 138 122 3234 136 119 3235 20 118 3236 112 20 3237 110 121 3238 7 120 3239 140 124 3240 138 122 3241 21 70 3242 98 6 3243 99 88 3244 96 90 3245 97 5 3246 96 90 3247 100 95 3248 101 3 3249 100 95 3250 102 100 3251 103 11 3252 102 100 3253 104 107 3254 107 12 3255 105 9 3256 104 107 3257 107 12 3258 106 112 3259 108 116 3260 109 14 3261 108 116 3262 110 121 3263 111 16 3264 110 121 3265 112 20 3266 115 2 3267 113 18 3268 112 20 3269 117 0 3270 115 2 3271 114 22 3272 119 24 3273 117 0 3274 116 72 3275 121 26 3276 119 24 3277 118 77 3278 123 31 3279 121 26 3280 120 81 3281 123 31 3282 122 83 3283 124 86 3284 127 35 3285 125 30 3286 124 86 3287 129 34 3288 127 35 3289 126 94 3290 129 34 3291 128 99 3292 130 105 3293 133 41 3294 131 36 3295 130 105 3296 135 40 3297 133 41 3298 132 110 3299 135 40 3300 134 115 3301 136 119 3302 137 42 3303 136 119 3304 138 122 3305 139 44 3306 138 122 3307 140 124 3308 143 48 3309 141 46 3310 140 124 3311 143 48 3312 142 69 3313 144 75 3314 145 50 3315 144 75 3316 146 78 3317 147 52 3318 146 78 3319 148 82 3320 149 54 3321 148 82 3322 150 85 3323 151 56 3324 150 85 3325 152 92 3326 155 60 3327 153 58 3328 152 92 3329 157 62 3330 155 60 3331 154 97 3332 157 62 3333 156 103 3334 158 109 3335 98 6 3336 159 8 3337 158 109 3338 97 5 3339 64 4 3340 65 125 3341 76 29 3342 51 128 3343 52 126 3344 90 57 3345 37 129 3346 38 127 3347 77 28 3348 50 130 3349 51 128 3350 91 59 3351 36 132 3352 37 129 3353 78 33 3354 49 133 3355 50 130 3356 64 4 3357 63 134 3358 62 131 3359 92 61 3360 35 135 3361 36 132 3362 79 32 3363 48 136 3364 49 133 3365 66 68 3366 61 137 3367 63 134 3368 93 63 3369 34 138 3370 35 135 3371 80 37 3372 47 66 3373 48 136 3374 67 10 3375 60 140 3376 61 137 3377 94 64 3378 33 141 3379 34 138 3380 81 39 3381 46 142 3382 47 66 3383 67 10 3384 68 13 3385 59 139 3386 95 7 3387 32 143 3388 33 141 3389 82 38 3390 45 144 3391 46 142 3392 69 15 3393 58 145 3394 59 139 3395 65 125 3396 62 131 3397 32 143 3398 83 43 3399 44 146 3400 45 144 3401 70 17 3402 57 147 3403 58 145 3404 84 45 3405 43 148 3406 44 146 3407 71 19 3408 56 149 3409 57 147 3410 85 47 3411 42 150 3412 43 148 3413 72 23 3414 55 65 3415 56 149 3416 86 49 3417 41 151 3418 42 150 3419 73 1 3420 54 152 3421 55 65 3422 87 51 3423 40 153 3424 41 151 3425 74 25 3426 53 154 3427 54 152 3428 88 53 3429 39 67 3430 40 153 3431 75 27 3432 52 126 3433 53 154 3434 161 155 3435 174 169 3436 175 156 3437 165 158 3438 166 164 3439 167 159 3440 170 161 3441 166 164 3442 165 158 3443 171 163 3444 167 159 3445 166 164 3446 168 165 3447 169 162 3448 165 158 3449 168 165 3450 164 160 3451 167 159 3452 162 166 3453 160 167 3454 169 162 3455 161 155 3456 170 161 3457 169 162 3458 163 157 3459 171 163 3460 170 161 3461 162 166 3462 168 165 3463 171 163 3464 173 168 3465 172 170 3466 175 156 3467 162 166 3468 172 170 3469 173 168 3470 162 166 3471 163 157 3472 175 156 3473 160 167 3474 173 168 3475 174 169 3476 177 171 3477 190 185 3478 191 172 3479 181 174 3480 182 180 3481 183 175 3482 186 177 3483 182 180 3484 181 174 3485 187 179 3486 183 175 3487 182 180 3488 185 178 3489 181 174 3490 180 176 3491 187 179 3492 184 181 3493 180 176 3494 178 182 3495 176 183 3496 185 178 3497 176 183 3498 177 171 3499 186 177 3500 177 171 3501 179 173 3502 187 179 3503 179 173 3504 178 182 3505 184 181 3506 188 184 3507 191 172 3508 190 185 3509 176 183 3510 178 182 3511 188 184 3512 179 173 3513 191 172 3514 188 184 3515 176 183 3516 189 186 3517 190 185 3518 195 187 3519 193 200 3520 206 188 3521 198 190 3522 199 197 3523 196 191 3524 202 193 3525 198 190 3526 197 192 3527 203 195 3528 199 197 3529 198 190 3530 200 196 3531 201 194 3532 197 192 3533 203 195 3534 200 196 3535 196 191 3536 192 198 3537 201 194 3538 200 196 3539 192 198 3540 193 200 3541 202 193 3542 193 200 3543 195 187 3544 203 195 3545 195 187 3546 194 199 3547 200 196 3548 204 201 3549 207 189 3550 206 188 3551 194 199 3552 204 201 3553 205 202 3554 195 187 3555 207 189 3556 204 201 3557 192 198 3558 205 202 3559 206 188 3560 209 203 3561 222 217 3562 223 204 3563 213 206 3564 214 211 3565 215 207 3566 218 209 3567 214 211 3568 213 206 3569 218 209 3570 219 213 3571 215 207 3572 217 210 3573 213 206 3574 212 208 3575 216 212 3576 212 208 3577 215 207 3578 210 214 3579 208 215 3580 217 210 3581 209 203 3582 218 209 3583 217 210 3584 209 203 3585 211 205 3586 219 213 3587 211 205 3588 210 214 3589 216 212 3590 221 216 3591 220 218 3592 223 204 3593 210 214 3594 220 218 3595 221 216 3596 210 214 3597 211 205 3598 223 204 3599 208 215 3600 221 216 3601 222 217 3602 225 219 3603 238 233 3604 239 220 3605 230 222 3606 231 229 3607 228 223 3608 233 225 3609 234 227 3610 230 222 3611 235 226 3612 231 229 3613 230 222 3614 233 225 3615 229 224 3616 228 223 3617 232 228 3618 228 223 3619 231 229 3620 226 230 3621 224 231 3622 233 225 3623 224 231 3624 225 219 3625 234 227 3626 227 221 3627 235 226 3628 234 227 3629 226 230 3630 232 228 3631 235 226 3632 236 232 3633 239 220 3634 238 233 3635 226 230 3636 236 232 3637 237 234 3638 227 221 3639 239 220 3640 236 232 3641 224 231 3642 237 234 3643 238 233 3644 240 235 3645 241 241 3646 243 236 3647 243 236 3648 245 239 3649 244 238 3650 245 239 3651 247 242 3652 246 240 3653 245 239 3654 243 236 3655 241 241 3656 241 241 3657 249 1069 3658 247 242 3659 247 242 3660 249 1069 3661 248 243 3662 248 243 3663 249 1069 3664 241 241 3665 248 243 3666 240 235 3667 242 237 3668 242 237 3669 244 238 3670 246 240 3671</p>
        </triangles>
        <triangles material="Rueda_mat-material" count="1152">
          <input semantic="VERTEX" source="#Circle_002-mesh-vertices" offset="0"/>
          <input semantic="NORMAL" source="#Circle_002-mesh-normals" offset="1"/>
          <input semantic="TEXCOORD" source="#Circle_002-mesh-map-0" offset="2" set="0"/>
          <p>250 244 618 263 245 619 251 246 620 251 246 621 264 247 622 252 248 623 252 248 624 265 249 625 253 250 626 253 250 627 266 251 628 254 252 629 266 251 630 255 253 631 254 252 632 255 253 633 268 254 634 256 255 635 268 254 636 257 256 637 256 255 638 269 257 639 258 258 640 257 256 641 270 259 642 259 260 643 258 258 644 271 261 645 260 262 646 259 260 647 272 263 648 261 264 649 260 262 650 273 265 651 250 244 652 261 264 653 274 266 654 263 245 655 262 267 656 275 268 657 264 247 658 263 245 659 276 269 660 265 249 661 264 247 662 277 270 663 266 251 664 265 249 665 278 271 666 267 272 667 266 251 668 267 272 669 280 273 670 268 254 671 280 273 672 269 257 673 268 254 674 281 274 675 270 259 676 269 257 677 270 259 678 283 275 679 271 261 680 283 275 681 272 263 682 271 261 683 272 263 684 285 276 685 273 265 686 273 265 687 274 266 688 262 267 689 286 277 690 275 268 691 274 266 692 287 278 693 276 269 694 275 268 695 276 269 696 289 279 697 277 270 698 277 270 699 290 280 700 278 271 701 278 271 702 291 281 703 279 282 704 279 282 705 292 283 706 280 273 707 292 283 708 281 274 709 280 273 710 293 284 711 282 285 712 281 274 713 282 285 714 295 286 715 283 275 716 283 275 717 296 287 718 284 288 719 296 287 720 285 276 721 284 288 722 297 289 723 274 266 724 285 276 725 298 290 726 287 278 727 286 277 728 299 291 729 288 292 730 287 278 731 300 293 732 289 279 733 288 292 734 301 294 735 290 280 736 289 279 737 302 295 738 291 281 739 290 280 740 303 296 741 292 283 742 291 281 743 304 297 744 293 284 745 292 283 746 305 298 747 294 299 748 293 284 749 294 299 750 307 300 751 295 286 752 295 286 753 308 301 754 296 287 755 308 301 756 297 289 757 296 287 758 297 289 759 298 290 760 286 277 761 298 290 762 311 302 763 299 291 764 299 291 765 312 303 766 300 293 767 300 293 768 313 304 769 301 294 770 313 304 771 302 295 772 301 294 773 314 305 774 303 296 775 302 295 776 303 296 777 316 306 778 304 297 779 316 306 780 305 298 781 304 297 782 317 307 783 306 308 784 305 298 785 306 308 786 319 309 787 307 300 788 307 300 789 320 310 790 308 301 791 320 310 792 309 311 793 308 301 794 309 311 795 310 312 796 298 290 797 322 313 798 311 302 799 310 312 800 311 302 801 324 314 802 312 303 803 312 303 804 325 315 805 313 304 806 325 315 807 314 305 808 313 304 809 326 316 810 315 317 811 314 305 812 315 317 813 328 318 814 316 306 815 316 306 816 329 319 817 317 307 818 329 319 819 318 320 820 317 307 821 318 320 822 331 321 823 319 309 824 319 309 825 332 322 826 320 310 827 320 310 828 333 323 829 321 324 830 333 323 831 310 312 832 321 324 833 334 325 834 323 326 835 322 313 836 323 326 837 336 327 838 324 314 839 336 327 840 325 315 841 324 314 842 337 328 843 326 316 844 325 315 845 326 316 846 339 329 847 327 330 848 327 330 849 340 331 850 328 318 851 328 318 852 341 332 853 329 319 854 341 332 855 330 333 856 329 319 857 330 333 858 343 334 859 331 321 860 343 334 861 332 322 862 331 321 863 332 322 864 345 335 865 333 323 866 345 335 867 322 313 868 333 323 869 346 336 870 335 337 871 334 325 872 335 337 873 348 338 874 336 327 875 336 327 876 349 339 877 337 328 878 337 328 879 350 340 880 338 341 881 338 341 882 351 342 883 339 329 884 351 342 885 340 331 886 339 329 887 340 331 888 353 343 889 341 332 890 353 343 891 342 344 892 341 332 893 354 345 894 343 334 895 342 344 896 355 346 897 344 347 898 343 334 899 344 347 900 357 348 901 345 335 902 345 335 903 346 336 904 334 325 905 358 349 906 347 350 907 346 336 908 359 351 909 348 338 910 347 350 911 348 338 912 361 352 913 349 339 914 349 339 915 362 353 916 350 340 917 362 353 918 351 342 919 350 340 920 363 354 921 352 355 922 351 342 923 364 356 924 353 343 925 352 355 926 353 343 927 366 357 928 354 345 929 366 357 930 355 346 931 354 345 932 367 358 933 356 359 934 355 346 935 356 359 936 369 360 937 357 348 938 369 360 939 346 336 940 357 348 941 358 349 942 371 361 943 359 351 944 371 361 945 360 362 946 359 351 947 372 363 948 361 352 949 360 362 950 361 352 951 374 364 952 362 353 953 362 353 954 375 365 955 363 354 956 375 365 957 364 356 958 363 354 959 376 366 960 365 367 961 364 356 962 377 368 963 366 357 964 365 367 965 366 357 966 379 369 967 367 358 968 379 369 969 368 370 970 367 358 971 380 371 972 369 360 973 368 370 974 381 372 975 358 349 976 369 360 977 370 373 978 383 374 979 371 361 980 371 361 981 384 375 982 372 363 983 372 363 984 385 376 985 373 377 986 385 376 987 374 364 988 373 377 989 374 364 990 387 378 991 375 365 992 375 365 993 388 379 994 376 366 995 376 366 996 389 380 997 377 368 998 377 368 999 390 381 1000 378 382 1001 378 382 1002 391 383 1003 379 369 1004 391 383 1005 380 371 1006 379 369 1007 392 384 1008 381 372 1009 380 371 1010 393 385 1011 370 373 1012 381 372 1013 382 386 1014 395 387 1015 383 374 1016 383 374 1017 396 388 1018 384 375 1019 396 388 1020 385 376 1021 384 375 1022 397 389 1023 386 390 1024 385 376 1025 398 391 1026 387 378 1027 386 390 1028 399 392 1029 388 379 1030 387 378 1031 400 393 1032 389 380 1033 388 379 1034 401 394 1035 390 381 1036 389 380 1037 390 381 1038 403 395 1039 391 383 1040 391 383 1041 404 396 1042 392 384 1043 392 384 1044 405 397 1045 393 385 1046 393 385 1047 394 398 1048 382 386 1049 406 399 1050 395 387 1051 394 398 1052 395 387 1053 408 400 1054 396 388 1055 408 400 1056 397 389 1057 396 388 1058 397 389 1059 410 401 1060 398 391 1061 410 401 1062 399 392 1063 398 391 1064 411 402 1065 400 393 1066 399 392 1067 412 403 1068 401 394 1069 400 393 1070 413 404 1071 402 405 1072 401 394 1073 414 406 1074 403 395 1075 402 405 1076 415 407 1077 404 396 1078 403 395 1079 416 408 1080 405 397 1081 404 396 1082 405 397 1083 406 399 1084 394 398 1085 406 399 1086 419 409 1087 407 410 1088 419 409 1089 408 400 1090 407 410 1091 420 411 1092 409 412 1093 408 400 1094 421 413 1095 410 401 1096 409 412 1097 410 401 1098 423 414 1099 411 402 1100 411 402 1101 424 415 1102 412 403 1103 412 403 1104 425 416 1105 413 404 1106 413 404 1107 426 417 1108 414 406 1109 426 417 1110 415 407 1111 414 406 1112 415 407 1113 428 418 1114 416 408 1115 416 408 1116 429 419 1117 417 420 1118 429 419 1119 406 399 1120 417 420 1121 430 421 1122 419 409 1123 418 422 1124 431 423 1125 420 411 1126 419 409 1127 420 411 1128 433 424 1129 421 413 1130 421 413 1131 434 425 1132 422 426 1133 422 426 1134 435 427 1135 423 414 1136 435 427 1137 424 415 1138 423 414 1139 436 428 1140 425 416 1141 424 415 1142 437 429 1143 426 417 1144 425 416 1145 438 430 1146 427 431 1147 426 417 1148 439 432 1149 428 418 1150 427 431 1151 440 433 1152 429 419 1153 428 418 1154 429 419 1155 430 421 1156 418 422 1157 442 434 1158 431 423 1159 430 421 1160 431 423 1161 444 435 1162 432 436 1163 432 436 1164 445 437 1165 433 424 1166 433 424 1167 446 438 1168 434 425 1169 434 425 1170 447 439 1171 435 427 1172 435 427 1173 448 440 1174 436 428 1175 436 428 1176 449 441 1177 437 429 1178 449 441 1179 438 430 1180 437 429 1181 450 442 1182 439 432 1183 438 430 1184 451 443 1185 440 433 1186 439 432 1187 452 444 1188 441 445 1189 440 433 1190 453 446 1191 430 421 1192 441 445 1193 454 447 1194 443 448 1195 442 434 1196 443 448 1197 456 449 1198 444 435 1199 456 449 1200 445 437 1201 444 435 1202 457 450 1203 446 438 1204 445 437 1205 458 451 1206 447 439 1207 446 438 1208 459 452 1209 448 440 1210 447 439 1211 448 440 1212 461 453 1213 449 441 1214 461 453 1215 450 442 1216 449 441 1217 462 454 1218 451 443 1219 450 442 1220 451 443 1221 464 455 1222 452 444 1223 452 444 1224 465 456 1225 453 446 1226 453 446 1227 454 447 1228 442 434 1229 454 447 1230 467 457 1231 455 458 1232 455 458 1233 468 459 1234 456 449 1235 456 449 1236 469 460 1237 457 450 1238 469 460 1239 458 451 1240 457 450 1241 470 461 1242 459 452 1243 458 451 1244 459 452 1245 472 462 1246 460 463 1247 472 462 1248 461 453 1249 460 463 1250 461 453 1251 474 464 1252 462 454 1253 462 454 1254 475 465 1255 463 466 1256 475 465 1257 464 455 1258 463 466 1259 464 455 1260 477 467 1261 465 456 1262 477 467 1263 454 447 1264 465 456 1265 478 468 1266 467 457 1267 466 469 1268 479 470 1269 468 459 1270 467 457 1271 468 459 1272 481 471 1273 469 460 1274 469 460 1275 482 472 1276 470 461 1277 470 461 1278 483 473 1279 471 474 1280 471 474 1281 484 475 1282 472 462 1283 472 462 1284 485 476 1285 473 477 1286 485 476 1287 474 464 1288 473 477 1289 486 478 1290 475 465 1291 474 464 1292 475 465 1293 488 479 1294 476 480 1295 476 480 1296 489 481 1297 477 467 1298 489 481 1299 466 469 1300 477 467 1301 478 468 1302 491 482 1303 479 470 1304 491 482 1305 480 483 1306 479 470 1307 480 483 1308 493 484 1309 481 471 1310 481 471 1311 494 485 1312 482 472 1313 494 485 1314 483 473 1315 482 472 1316 495 486 1317 484 475 1318 483 473 1319 496 487 1320 485 476 1321 484 475 1322 497 488 1323 486 478 1324 485 476 1325 486 478 1326 499 489 1327 487 490 1328 487 490 1329 500 491 1330 488 479 1331 500 491 1332 489 481 1333 488 479 1334 489 481 1335 490 492 1336 478 468 1337 490 492 1338 503 493 1339 491 482 1340 503 493 1341 492 494 1342 491 482 1343 492 494 1344 505 495 1345 493 484 1346 493 484 1347 506 496 1348 494 485 1349 506 496 1350 495 486 1351 494 485 1352 507 497 1353 496 487 1354 495 486 1355 496 487 1356 509 498 1357 497 488 1358 509 498 1359 498 499 1360 497 488 1361 498 499 1362 511 500 1363 499 489 1364 511 500 1365 500 491 1366 499 489 1367 512 501 1368 501 502 1369 500 491 1370 513 503 1371 490 492 1372 501 502 1373 502 504 1374 515 505 1375 503 493 1376 515 505 1377 504 506 1378 503 493 1379 516 507 1380 505 495 1381 504 506 1382 517 508 1383 506 496 1384 505 495 1385 506 496 1386 519 509 1387 507 497 1388 507 497 1389 520 510 1390 508 511 1391 508 511 1392 521 512 1393 509 498 1394 521 512 1395 510 513 1396 509 498 1397 510 513 1398 523 514 1399 511 500 1400 511 500 1401 524 515 1402 512 501 1403 524 515 1404 513 503 1405 512 501 1406 525 516 1407 502 504 1408 513 503 1409 514 517 1410 527 518 1411 515 505 1412 527 518 1413 516 507 1414 515 505 1415 528 519 1416 517 508 1417 516 507 1418 529 520 1419 518 521 1420 517 508 1421 530 522 1422 519 509 1423 518 521 1424 519 509 1425 532 523 1426 520 510 1427 532 523 1428 521 512 1429 520 510 1430 533 524 1431 522 525 1432 521 512 1433 522 525 1434 535 526 1435 523 514 1436 523 514 1437 536 527 1438 524 515 1439 524 515 1440 537 528 1441 525 516 1442 525 516 1443 526 529 1444 514 517 1445 526 529 1446 539 530 1447 527 518 1448 527 518 1449 540 531 1450 528 519 1451 528 519 1452 541 532 1453 529 520 1454 541 532 1455 530 522 1456 529 520 1457 542 533 1458 531 534 1459 530 522 1460 543 535 1461 532 523 1462 531 534 1463 532 523 1464 545 536 1465 533 524 1466 533 524 1467 546 537 1468 534 538 1469 546 537 1470 535 526 1471 534 538 1472 547 539 1473 536 527 1474 535 526 1475 548 540 1476 537 528 1477 536 527 1478 549 541 1479 526 529 1480 537 528 1481 550 542 1482 539 530 1483 538 543 1484 551 544 1485 540 531 1486 539 530 1487 552 545 1488 541 532 1489 540 531 1490 541 532 1491 554 546 1492 542 533 1493 542 533 1494 555 547 1495 543 535 1496 555 547 1497 544 548 1498 543 535 1499 556 549 1500 545 536 1501 544 548 1502 557 550 1503 546 537 1504 545 536 1505 546 537 1506 559 551 1507 547 539 1508 547 539 1509 560 552 1510 548 540 1511 548 540 1512 561 553 1513 549 541 1514 549 541 1515 550 542 1516 538 543 1517 562 554 1518 551 544 1519 550 542 1520 551 544 1521 564 555 1522 552 545 1523 552 545 1524 565 556 1525 553 557 1526 553 557 1527 566 558 1528 554 546 1529 554 546 1530 567 559 1531 555 547 1532 567 559 1533 556 549 1534 555 547 1535 568 560 1536 557 550 1537 556 549 1538 569 561 1539 558 562 1540 557 550 1541 570 563 1542 559 551 1543 558 562 1544 571 564 1545 560 552 1546 559 551 1547 560 552 1548 573 565 1549 561 553 1550 573 565 1551 550 542 1552 561 553 1553 562 554 1554 575 566 1555 563 567 1556 563 567 1557 576 568 1558 564 555 1559 564 555 1560 577 569 1561 565 556 1562 565 556 1563 578 570 1564 566 558 1565 578 570 1566 567 559 1567 566 558 1568 579 571 1569 568 560 1570 567 559 1571 580 572 1572 569 561 1573 568 560 1574 569 561 1575 582 573 1576 570 563 1577 582 573 1578 571 564 1579 570 563 1580 583 574 1581 572 575 1582 571 564 1583 584 576 1584 573 565 1585 572 575 1586 573 565 1587 574 577 1588 562 554 1589 586 578 1590 575 566 1591 574 577 1592 587 579 1593 576 568 1594 575 566 1595 588 580 1596 577 569 1597 576 568 1598 577 569 1599 590 581 1600 578 570 1601 578 570 1602 591 582 1603 579 571 1604 579 571 1605 592 583 1606 580 572 1607 592 583 1608 581 584 1609 580 572 1610 593 585 1611 582 573 1612 581 584 1613 594 586 1614 583 574 1615 582 573 1616 583 574 1617 596 587 1618 584 576 1619 584 576 1620 597 588 1621 585 589 1622 597 588 1623 574 577 1624 585 589 1625 598 590 1626 587 579 1627 586 578 1628 587 579 1629 600 591 1630 588 580 1631 600 591 1632 589 592 1633 588 580 1634 601 593 1635 590 581 1636 589 592 1637 590 581 1638 603 594 1639 591 582 1640 603 594 1641 592 583 1642 591 582 1643 592 583 1644 605 595 1645 593 585 1646 593 585 1647 606 596 1648 594 586 1649 606 596 1650 595 597 1651 594 586 1652 607 598 1653 596 587 1654 595 597 1655 596 587 1656 609 599 1657 597 588 1658 609 599 1659 586 578 1660 597 588 1661 610 600 1662 599 601 1663 598 590 1664 599 601 1665 612 602 1666 600 591 1667 612 602 1668 601 593 1669 600 591 1670 613 603 1671 602 604 1672 601 593 1673 602 604 1674 615 605 1675 603 594 1676 615 605 1677 604 606 1678 603 594 1679 616 607 1680 605 595 1681 604 606 1682 605 595 1683 618 608 1684 606 596 1685 606 596 1686 619 609 1687 607 598 1688 619 609 1689 608 610 1690 607 598 1691 620 611 1692 609 599 1693 608 610 1694 609 599 1695 610 600 1696 598 590 1697 622 612 1698 611 613 1699 610 600 1700 623 614 1701 612 602 1702 611 613 1703 624 615 1704 613 603 1705 612 602 1706 625 616 1707 614 617 1708 613 603 1709 626 618 1710 615 605 1711 614 617 1712 627 619 1713 616 607 1714 615 605 1715 628 620 1716 617 621 1717 616 607 1718 629 622 1719 618 608 1720 617 621 1721 630 623 1722 619 609 1723 618 608 1724 619 609 1725 632 624 1726 620 611 1727 632 624 1728 621 625 1729 620 611 1730 621 625 1731 622 612 1732 610 600 1733 622 612 1734 635 626 1735 623 614 1736 635 626 1737 624 615 1738 623 614 1739 636 627 1740 625 616 1741 624 615 1742 625 616 1743 638 628 1744 626 618 1745 626 618 1746 639 629 1747 627 619 1748 627 619 1749 640 630 1750 628 620 1751 640 630 1752 629 622 1753 628 620 1754 629 622 1755 642 631 1756 630 623 1757 630 623 1758 643 632 1759 631 633 1760 643 632 1761 632 624 1762 631 633 1763 644 634 1764 633 635 1765 632 624 1766 645 636 1767 622 612 1768 633 635 1769 634 637 1770 647 638 1771 635 626 1772 647 638 1773 636 627 1774 635 626 1775 636 627 1776 649 639 1777 637 640 1778 637 640 1779 650 641 1780 638 628 1781 650 641 1782 639 629 1783 638 628 1784 651 642 1785 640 630 1786 639 629 1787 652 643 1788 641 644 1789 640 630 1790 641 644 1791 654 645 1792 642 631 1793 654 645 1794 643 632 1795 642 631 1796 655 646 1797 644 634 1798 643 632 1799 656 647 1800 645 636 1801 644 634 1802 645 636 1803 646 648 1804 634 637 1805 646 648 1806 659 649 1807 647 638 1808 659 649 1809 648 650 1810 647 638 1811 660 651 1812 649 639 1813 648 650 1814 649 639 1815 662 652 1816 650 641 1817 650 641 1818 663 653 1819 651 642 1820 651 642 1821 664 654 1822 652 643 1823 652 643 1824 665 655 1825 653 656 1826 665 655 1827 654 645 1828 653 656 1829 666 657 1830 655 646 1831 654 645 1832 655 646 1833 668 658 1834 656 647 1835 656 647 1836 669 659 1837 657 660 1838 669 659 1839 646 648 1840 657 660 1841 658 661 1842 671 662 1843 659 649 1844 659 649 1845 672 663 1846 660 651 1847 672 663 1848 661 664 1849 660 651 1850 673 665 1851 662 652 1852 661 664 1853 674 666 1854 663 653 1855 662 652 1856 675 667 1857 664 654 1858 663 653 1859 676 668 1860 665 655 1861 664 654 1862 677 669 1863 666 657 1864 665 655 1865 666 657 1866 679 670 1867 667 671 1868 667 671 1869 680 672 1870 668 658 1871 680 672 1872 669 659 1873 668 658 1874 681 673 1875 658 661 1876 669 659 1877 682 674 1878 671 662 1879 670 675 1880 683 676 1881 672 663 1882 671 662 1883 672 663 1884 685 677 1885 673 665 1886 673 665 1887 686 678 1888 674 666 1889 674 666 1890 687 679 1891 675 667 1892 675 667 1893 688 680 1894 676 668 1895 676 668 1896 689 681 1897 677 669 1898 677 669 1899 690 682 1900 678 683 1901 690 682 1902 679 670 1903 678 683 1904 691 684 1905 680 672 1906 679 670 1907 692 685 1908 681 673 1909 680 672 1910 693 686 1911 670 675 1912 681 673 1913 694 687 1914 683 676 1915 682 674 1916 695 688 1917 684 689 1918 683 676 1919 684 689 1920 697 690 1921 685 677 1922 685 677 1923 698 691 1924 686 678 1925 686 678 1926 699 692 1927 687 679 1928 687 679 1929 700 693 1930 688 680 1931 688 680 1932 701 694 1933 689 681 1934 689 681 1935 702 695 1936 690 682 1937 702 695 1938 691 684 1939 690 682 1940 703 696 1941 692 685 1942 691 684 1943 704 697 1944 693 686 1945 692 685 1946 705 698 1947 682 674 1948 693 686 1949 706 699 1950 695 688 1951 694 687 1952 707 700 1953 696 701 1954 695 688 1955 708 702 1956 697 690 1957 696 701 1958 709 703 1959 698 691 1960 697 690 1961 710 704 1962 699 692 1963 698 691 1964 711 705 1965 700 693 1966 699 692 1967 712 706 1968 701 694 1969 700 693 1970 713 707 1971 702 695 1972 701 694 1973 702 695 1974 715 708 1975 703 696 1976 703 696 1977 716 709 1978 704 697 1979 704 697 1980 717 710 1981 705 698 1982 717 710 1983 694 687 1984 705 698 1985 718 711 1986 707 700 1987 706 699 1988 707 700 1989 720 712 1990 708 702 1991 708 702 1992 721 713 1993 709 703 1994 721 713 1995 710 704 1996 709 703 1997 722 714 1998 711 705 1999 710 704 2000 711 705 2001 724 715 2002 712 706 2003 712 706 2004 725 716 2005 713 707 2006 713 707 2007 726 717 2008 714 718 2009 726 717 2010 715 708 2011 714 718 2012 715 708 2013 728 719 2014 716 709 2015 728 719 2016 717 710 2017 716 709 2018 717 710 2019 718 711 2020 706 699 2021 718 711 2022 731 720 2023 719 721 2024 731 720 2025 720 712 2026 719 721 2027 732 722 2028 721 713 2029 720 712 2030 721 713 2031 734 723 2032 722 714 2033 722 714 2034 735 724 2035 723 725 2036 735 724 2037 724 715 2038 723 725 2039 736 726 2040 725 716 2041 724 715 2042 737 727 2043 726 717 2044 725 716 2045 738 728 2046 727 729 2047 726 717 2048 727 729 2049 740 730 2050 728 719 2051 740 730 2052 729 731 2053 728 719 2054 729 731 2055 730 732 2056 718 711 2057 730 732 2058 743 733 2059 731 720 2060 743 733 2061 732 722 2062 731 720 2063 744 734 2064 733 735 2065 732 722 2066 745 736 2067 734 723 2068 733 735 2069 734 723 2070 747 737 2071 735 724 2072 747 737 2073 736 726 2074 735 724 2075 736 726 2076 749 738 2077 737 727 2078 737 727 2079 750 739 2080 738 728 2081 738 728 2082 751 740 2083 739 741 2084 751 740 2085 740 730 2086 739 741 2087 752 742 2088 741 743 2089 740 730 2090 753 744 2091 730 732 2092 741 743 2093 742 745 2094 755 746 2095 743 733 2096 755 746 2097 744 734 2098 743 733 2099 744 734 2100 757 747 2101 745 736 2102 745 736 2103 758 748 2104 746 749 2105 746 749 2106 759 750 2107 747 737 2108 759 750 2109 748 751 2110 747 737 2111 760 752 2112 749 738 2113 748 751 2114 761 753 2115 750 739 2116 749 738 2117 762 754 2118 751 740 2119 750 739 2120 763 755 2121 752 742 2122 751 740 2123 764 756 2124 753 744 2125 752 742 2126 765 757 2127 742 745 2128 753 744 2129 754 758 2130 767 759 2131 755 746 2132 767 759 2133 756 760 2134 755 746 2135 768 761 2136 757 747 2137 756 760 2138 769 762 2139 758 748 2140 757 747 2141 770 763 2142 759 750 2143 758 748 2144 771 764 2145 760 752 2146 759 750 2147 772 765 2148 761 753 2149 760 752 2150 761 753 2151 774 766 2152 762 754 2153 762 754 2154 775 767 2155 763 755 2156 763 755 2157 776 768 2158 764 756 2159 764 756 2160 777 769 2161 765 757 2162 777 769 2163 754 758 2164 765 757 2165 778 770 2166 767 759 2167 766 771 2168 779 772 2169 768 761 2170 767 759 2171 780 773 2172 769 762 2173 768 761 2174 781 774 2175 770 763 2176 769 762 2177 782 775 2178 771 764 2179 770 763 2180 783 776 2181 772 765 2182 771 764 2183 772 765 2184 785 777 2185 773 778 2186 773 778 2187 786 779 2188 774 766 2189 786 779 2190 775 767 2191 774 766 2192 787 780 2193 776 768 2194 775 767 2195 776 768 2196 789 781 2197 777 769 2198 789 781 2199 766 771 2200 777 769 2201 778 770 2202 791 782 2203 779 772 2204 779 772 2205 792 783 2206 780 773 2207 780 773 2208 793 784 2209 781 774 2210 781 774 2211 794 785 2212 782 775 2213 782 775 2214 795 786 2215 783 776 2216 783 776 2217 796 787 2218 784 788 2219 796 787 2220 785 777 2221 784 788 2222 785 777 2223 798 789 2224 786 779 2225 798 789 2226 787 780 2227 786 779 2228 799 790 2229 788 791 2230 787 780 2231 788 791 2232 801 792 2233 789 781 2234 801 792 2235 778 770 2236 789 781 2237 790 793 2238 803 794 2239 791 782 2240 803 794 2241 792 783 2242 791 782 2243 804 795 2244 793 784 2245 792 783 2246 805 796 2247 794 785 2248 793 784 2249 806 797 2250 795 786 2251 794 785 2252 795 786 2253 808 798 2254 796 787 2255 808 798 2256 797 799 2257 796 787 2258 797 799 2259 810 800 2260 798 789 2261 810 800 2262 799 790 2263 798 789 2264 799 790 2265 812 801 2266 800 802 2267 800 802 2268 813 803 2269 801 792 2270 801 792 2271 802 804 2272 790 793 2273 814 805 2274 803 794 2275 802 804 2276 803 794 2277 816 806 2278 804 795 2279 804 795 2280 817 807 2281 805 796 2282 805 796 2283 818 808 2284 806 797 2285 806 797 2286 819 809 2287 807 810 2288 819 809 2289 808 798 2290 807 810 2291 820 811 2292 809 812 2293 808 798 2294 821 813 2295 810 800 2296 809 812 2297 822 814 2298 811 815 2299 810 800 2300 823 816 2301 812 801 2302 811 815 2303 824 817 2304 813 803 2305 812 801 2306 825 818 2307 802 804 2308 813 803 2309 250 244 2310 815 819 2311 814 805 2312 251 246 2313 816 806 2314 815 819 2315 252 248 2316 817 807 2317 816 806 2318 253 250 2319 818 808 2320 817 807 2321 254 252 2322 819 809 2323 818 808 2324 255 253 2325 820 811 2326 819 809 2327 820 811 2328 257 256 2329 821 813 2330 257 256 2331 822 814 2332 821 813 2333 822 814 2334 259 260 2335 823 816 2336 823 816 2337 260 262 2338 824 817 2339 824 817 2340 261 264 2341 825 818 2342 825 818 2343 250 244 2344 814 805 2345 250 244 3672 262 267 3673 263 245 3674 251 246 3675 263 245 3676 264 247 3677 252 248 3678 264 247 3679 265 249 3680 253 250 3681 265 249 3682 266 251 3683 266 251 3684 267 272 3685 255 253 3686 255 253 3687 267 272 3688 268 254 3689 268 254 3690 269 257 3691 257 256 3692 269 257 3693 270 259 3694 258 258 3695 270 259 3696 271 261 3697 259 260 3698 271 261 3699 272 263 3700 260 262 3701 272 263 3702 273 265 3703 261 264 3704 273 265 3705 262 267 3706 250 244 3707 274 266 3708 275 268 3709 263 245 3710 275 268 3711 276 269 3712 264 247 3713 276 269 3714 277 270 3715 265 249 3716 277 270 3717 278 271 3718 266 251 3719 278 271 3720 279 282 3721 267 272 3722 267 272 3723 279 282 3724 280 273 3725 280 273 3726 281 274 3727 269 257 3728 281 274 3729 282 285 3730 270 259 3731 270 259 3732 282 285 3733 283 275 3734 283 275 3735 284 288 3736 272 263 3737 272 263 3738 284 288 3739 285 276 3740 273 265 3741 285 276 3742 274 266 3743 286 277 3744 287 278 3745 275 268 3746 287 278 3747 288 292 3748 276 269 3749 276 269 3750 288 292 3751 289 279 3752 277 270 3753 289 279 3754 290 280 3755 278 271 3756 290 280 3757 291 281 3758 279 282 3759 291 281 3760 292 283 3761 292 283 3762 293 284 3763 281 274 3764 293 284 3765 294 299 3766 282 285 3767 282 285 3768 294 299 3769 295 286 3770 283 275 3771 295 286 3772 296 287 3773 296 287 3774 297 289 3775 285 276 3776 297 289 3777 286 277 3778 274 266 3779 298 290 3780 299 291 3781 287 278 3782 299 291 3783 300 293 3784 288 292 3785 300 293 3786 301 294 3787 289 279 3788 301 294 3789 302 295 3790 290 280 3791 302 295 3792 303 296 3793 291 281 3794 303 296 3795 304 297 3796 292 283 3797 304 297 3798 305 298 3799 293 284 3800 305 298 3801 306 308 3802 294 299 3803 294 299 3804 306 308 3805 307 300 3806 295 286 3807 307 300 3808 308 301 3809 308 301 3810 309 311 3811 297 289 3812 297 289 3813 309 311 3814 298 290 3815 298 290 3816 310 312 3817 311 302 3818 299 291 3819 311 302 3820 312 303 3821 300 293 3822 312 303 3823 313 304 3824 313 304 3825 314 305 3826 302 295 3827 314 305 3828 315 317 3829 303 296 3830 303 296 3831 315 317 3832 316 306 3833 316 306 3834 317 307 3835 305 298 3836 317 307 3837 318 320 3838 306 308 3839 306 308 3840 318 320 3841 319 309 3842 307 300 3843 319 309 3844 320 310 3845 320 310 3846 321 324 3847 309 311 3848 309 311 3849 321 324 3850 310 312 3851 322 313 3852 323 326 3853 311 302 3854 311 302 3855 323 326 3856 324 314 3857 312 303 3858 324 314 3859 325 315 3860 325 315 3861 326 316 3862 314 305 3863 326 316 3864 327 330 3865 315 317 3866 315 317 3867 327 330 3868 328 318 3869 316 306 3870 328 318 3871 329 319 3872 329 319 3873 330 333 3874 318 320 3875 318 320 3876 330 333 3877 331 321 3878 319 309 3879 331 321 3880 332 322 3881 320 310 3882 332 322 3883 333 323 3884 333 323 3885 322 313 3886 310 312 3887 334 325 3888 335 337 3889 323 326 3890 323 326 3891 335 337 3892 336 327 3893 336 327 3894 337 328 3895 325 315 3896 337 328 3897 338 341 3898 326 316 3899 326 316 3900 338 341 3901 339 329 3902 327 330 3903 339 329 3904 340 331 3905 328 318 3906 340 331 3907 341 332 3908 341 332 3909 342 344 3910 330 333 3911 330 333 3912 342 344 3913 343 334 3914 343 334 3915 344 347 3916 332 322 3917 332 322 3918 344 347 3919 345 335 3920 345 335 3921 334 325 3922 322 313 3923 346 336 3924 347 350 3925 335 337 3926 335 337 3927 347 350 3928 348 338 3929 336 327 3930 348 338 3931 349 339 3932 337 328 3933 349 339 3934 350 340 3935 338 341 3936 350 340 3937 351 342 3938 351 342 3939 352 355 3940 340 331 3941 340 331 3942 352 355 3943 353 343 3944 353 343 3945 354 345 3946 342 344 3947 354 345 3948 355 346 3949 343 334 3950 355 346 3951 356 359 3952 344 347 3953 344 347 3954 356 359 3955 357 348 3956 345 335 3957 357 348 3958 346 336 3959 358 349 3960 359 351 3961 347 350 3962 359 351 3963 360 362 3964 348 338 3965 348 338 3966 360 362 3967 361 352 3968 349 339 3969 361 352 3970 362 353 3971 362 353 3972 363 354 3973 351 342 3974 363 354 3975 364 356 3976 352 355 3977 364 356 3978 365 367 3979 353 343 3980 353 343 3981 365 367 3982 366 357 3983 366 357 3984 367 358 3985 355 346 3986 367 358 3987 368 370 3988 356 359 3989 356 359 3990 368 370 3991 369 360 3992 369 360 3993 358 349 3994 346 336 3995 358 349 3996 370 373 3997 371 361 3998 371 361 3999 372 363 4000 360 362 4001 372 363 4002 373 377 4003 361 352 4004 361 352 4005 373 377 4006 374 364 4007 362 353 4008 374 364 4009 375 365 4010 375 365 4011 376 366 4012 364 356 4013 376 366 4014 377 368 4015 365 367 4016 377 368 4017 378 382 4018 366 357 4019 366 357 4020 378 382 4021 379 369 4022 379 369 4023 380 371 4024 368 370 4025 380 371 4026 381 372 4027 369 360 4028 381 372 4029 370 373 4030 358 349 4031 370 373 4032 382 386 4033 383 374 4034 371 361 4035 383 374 4036 384 375 4037 372 363 4038 384 375 4039 385 376 4040 385 376 4041 386 390 4042 374 364 4043 374 364 4044 386 390 4045 387 378 4046 375 365 4047 387 378 4048 388 379 4049 376 366 4050 388 379 4051 389 380 4052 377 368 4053 389 380 4054 390 381 4055 378 382 4056 390 381 4057 391 383 4058 391 383 4059 392 384 4060 380 371 4061 392 384 4062 393 385 4063 381 372 4064 393 385 4065 382 386 4066 370 373 4067 382 386 4068 394 398 4069 395 387 4070 383 374 4071 395 387 4072 396 388 4073 396 388 4074 397 389 4075 385 376 4076 397 389 4077 398 391 4078 386 390 4079 398 391 4080 399 392 4081 387 378 4082 399 392 4083 400 393 4084 388 379 4085 400 393 4086 401 394 4087 389 380 4088 401 394 4089 402 405 4090 390 381 4091 390 381 4092 402 405 4093 403 395 4094 391 383 4095 403 395 4096 404 396 4097 392 384 4098 404 396 4099 405 397 4100 393 385 4101 405 397 4102 394 398 4103 406 399 4104 407 410 4105 395 387 4106 395 387 4107 407 410 4108 408 400 4109 408 400 4110 409 412 4111 397 389 4112 397 389 4113 409 412 4114 410 401 4115 410 401 4116 411 402 4117 399 392 4118 411 402 4119 412 403 4120 400 393 4121 412 403 4122 413 404 4123 401 394 4124 413 404 4125 414 406 4126 402 405 4127 414 406 4128 415 407 4129 403 395 4130 415 407 4131 416 408 4132 404 396 4133 416 408 4134 417 420 4135 405 397 4136 405 397 4137 417 420 4138 406 399 4139 406 399 4140 418 422 4141 419 409 4142 419 409 4143 420 411 4144 408 400 4145 420 411 4146 421 413 4147 409 412 4148 421 413 4149 422 426 4150 410 401 4151 410 401 4152 422 426 4153 423 414 4154 411 402 4155 423 414 4156 424 415 4157 412 403 4158 424 415 4159 425 416 4160 413 404 4161 425 416 4162 426 417 4163 426 417 4164 427 431 4165 415 407 4166 415 407 4167 427 431 4168 428 418 4169 416 408 4170 428 418 4171 429 419 4172 429 419 4173 418 422 4174 406 399 4175 430 421 4176 431 423 4177 419 409 4178 431 423 4179 432 436 4180 420 411 4181 420 411 4182 432 436 4183 433 424 4184 421 413 4185 433 424 4186 434 425 4187 422 426 4188 434 425 4189 435 427 4190 435 427 4191 436 428 4192 424 415 4193 436 428 4194 437 429 4195 425 416 4196 437 429 4197 438 430 4198 426 417 4199 438 430 4200 439 432 4201 427 431 4202 439 432 4203 440 433 4204 428 418 4205 440 433 4206 441 445 4207 429 419 4208 429 419 4209 441 445 4210 430 421 4211 442 434 4212 443 448 4213 431 423 4214 431 423 4215 443 448 4216 444 435 4217 432 436 4218 444 435 4219 445 437 4220 433 424 4221 445 437 4222 446 438 4223 434 425 4224 446 438 4225 447 439 4226 435 427 4227 447 439 4228 448 440 4229 436 428 4230 448 440 4231 449 441 4232 449 441 4233 450 442 4234 438 430 4235 450 442 4236 451 443 4237 439 432 4238 451 443 4239 452 444 4240 440 433 4241 452 444 4242 453 446 4243 441 445 4244 453 446 4245 442 434 4246 430 421 4247 454 447 4248 455 458 4249 443 448 4250 443 448 4251 455 458 4252 456 449 4253 456 449 4254 457 450 4255 445 437 4256 457 450 4257 458 451 4258 446 438 4259 458 451 4260 459 452 4261 447 439 4262 459 452 4263 460 463 4264 448 440 4265 448 440 4266 460 463 4267 461 453 4268 461 453 4269 462 454 4270 450 442 4271 462 454 4272 463 466 4273 451 443 4274 451 443 4275 463 466 4276 464 455 4277 452 444 4278 464 455 4279 465 456 4280 453 446 4281 465 456 4282 454 447 4283 454 447 4284 466 469 4285 467 457 4286 455 458 4287 467 457 4288 468 459 4289 456 449 4290 468 459 4291 469 460 4292 469 460 4293 470 461 4294 458 451 4295 470 461 4296 471 474 4297 459 452 4298 459 452 4299 471 474 4300 472 462 4301 472 462 4302 473 477 4303 461 453 4304 461 453 4305 473 477 4306 474 464 4307 462 454 4308 474 464 4309 475 465 4310 475 465 4311 476 480 4312 464 455 4313 464 455 4314 476 480 4315 477 467 4316 477 467 4317 466 469 4318 454 447 4319 478 468 4320 479 470 4321 467 457 4322 479 470 4323 480 483 4324 468 459 4325 468 459 4326 480 483 4327 481 471 4328 469 460 4329 481 471 4330 482 472 4331 470 461 4332 482 472 4333 483 473 4334 471 474 4335 483 473 4336 484 475 4337 472 462 4338 484 475 4339 485 476 4340 485 476 4341 486 478 4342 474 464 4343 486 478 4344 487 490 4345 475 465 4346 475 465 4347 487 490 4348 488 479 4349 476 480 4350 488 479 4351 489 481 4352 489 481 4353 478 468 4354 466 469 4355 478 468 4356 490 492 4357 491 482 4358 491 482 4359 492 494 4360 480 483 4361 480 483 4362 492 494 4363 493 484 4364 481 471 4365 493 484 4366 494 485 4367 494 485 4368 495 486 4369 483 473 4370 495 486 4371 496 487 4372 484 475 4373 496 487 4374 497 488 4375 485 476 4376 497 488 4377 498 499 4378 486 478 4379 486 478 4380 498 499 4381 499 489 4382 487 490 4383 499 489 4384 500 491 4385 500 491 4386 501 502 4387 489 481 4388 489 481 4389 501 502 4390 490 492 4391 490 492 4392 502 504 4393 503 493 4394 503 493 4395 504 506 4396 492 494 4397 492 494 4398 504 506 4399 505 495 4400 493 484 4401 505 495 4402 506 496 4403 506 496 4404 507 497 4405 495 486 4406 507 497 4407 508 511 4408 496 487 4409 496 487 4410 508 511 4411 509 498 4412 509 498 4413 510 513 4414 498 499 4415 498 499 4416 510 513 4417 511 500 4418 511 500 4419 512 501 4420 500 491 4421 512 501 4422 513 503 4423 501 502 4424 513 503 4425 502 504 4426 490 492 4427 502 504 4428 514 517 4429 515 505 4430 515 505 4431 516 507 4432 504 506 4433 516 507 4434 517 508 4435 505 495 4436 517 508 4437 518 521 4438 506 496 4439 506 496 4440 518 521 4441 519 509 4442 507 497 4443 519 509 4444 520 510 4445 508 511 4446 520 510 4447 521 512 4448 521 512 4449 522 525 4450 510 513 4451 510 513 4452 522 525 4453 523 514 4454 511 500 4455 523 514 4456 524 515 4457 524 515 4458 525 516 4459 513 503 4460 525 516 4461 514 517 4462 502 504 4463 514 517 4464 526 529 4465 527 518 4466 527 518 4467 528 519 4468 516 507 4469 528 519 4470 529 520 4471 517 508 4472 529 520 4473 530 522 4474 518 521 4475 530 522 4476 531 534 4477 519 509 4478 519 509 4479 531 534 4480 532 523 4481 532 523 4482 533 524 4483 521 512 4484 533 524 4485 534 538 4486 522 525 4487 522 525 4488 534 538 4489 535 526 4490 523 514 4491 535 526 4492 536 527 4493 524 515 4494 536 527 4495 537 528 4496 525 516 4497 537 528 4498 526 529 4499 526 529 4500 538 543 4501 539 530 4502 527 518 4503 539 530 4504 540 531 4505 528 519 4506 540 531 4507 541 532 4508 541 532 4509 542 533 4510 530 522 4511 542 533 4512 543 535 4513 531 534 4514 543 535 4515 544 548 4516 532 523 4517 532 523 4518 544 548 4519 545 536 4520 533 524 4521 545 536 4522 546 537 4523 546 537 4524 547 539 4525 535 526 4526 547 539 4527 548 540 4528 536 527 4529 548 540 4530 549 541 4531 537 528 4532 549 541 4533 538 543 4534 526 529 4535 550 542 4536 551 544 4537 539 530 4538 551 544 4539 552 545 4540 540 531 4541 552 545 4542 553 557 4543 541 532 4544 541 532 4545 553 557 4546 554 546 4547 542 533 4548 554 546 4549 555 547 4550 555 547 4551 556 549 4552 544 548 4553 556 549 4554 557 550 4555 545 536 4556 557 550 4557 558 562 4558 546 537 4559 546 537 4560 558 562 4561 559 551 4562 547 539 4563 559 551 4564 560 552 4565 548 540 4566 560 552 4567 561 553 4568 549 541 4569 561 553 4570 550 542 4571 562 554 4572 563 567 4573 551 544 4574 551 544 4575 563 567 4576 564 555 4577 552 545 4578 564 555 4579 565 556 4580 553 557 4581 565 556 4582 566 558 4583 554 546 4584 566 558 4585 567 559 4586 567 559 4587 568 560 4588 556 549 4589 568 560 4590 569 561 4591 557 550 4592 569 561 4593 570 563 4594 558 562 4595 570 563 4596 571 564 4597 559 551 4598 571 564 4599 572 575 4600 560 552 4601 560 552 4602 572 575 4603 573 565 4604 573 565 4605 562 554 4606 550 542 4607 562 554 4608 574 577 4609 575 566 4610 563 567 4611 575 566 4612 576 568 4613 564 555 4614 576 568 4615 577 569 4616 565 556 4617 577 569 4618 578 570 4619 578 570 4620 579 571 4621 567 559 4622 579 571 4623 580 572 4624 568 560 4625 580 572 4626 581 584 4627 569 561 4628 569 561 4629 581 584 4630 582 573 4631 582 573 4632 583 574 4633 571 564 4634 583 574 4635 584 576 4636 572 575 4637 584 576 4638 585 589 4639 573 565 4640 573 565 4641 585 589 4642 574 577 4643 586 578 4644 587 579 4645 575 566 4646 587 579 4647 588 580 4648 576 568 4649 588 580 4650 589 592 4651 577 569 4652 577 569 4653 589 592 4654 590 581 4655 578 570 4656 590 581 4657 591 582 4658 579 571 4659 591 582 4660 592 583 4661 592 583 4662 593 585 4663 581 584 4664 593 585 4665 594 586 4666 582 573 4667 594 586 4668 595 597 4669 583 574 4670 583 574 4671 595 597 4672 596 587 4673 584 576 4674 596 587 4675 597 588 4676 597 588 4677 586 578 4678 574 577 4679 598 590 4680 599 601 4681 587 579 4682 587 579 4683 599 601 4684 600 591 4685 600 591 4686 601 593 4687 589 592 4688 601 593 4689 602 604 4690 590 581 4691 590 581 4692 602 604 4693 603 594 4694 603 594 4695 604 606 4696 592 583 4697 592 583 4698 604 606 4699 605 595 4700 593 585 4701 605 595 4702 606 596 4703 606 596 4704 607 598 4705 595 597 4706 607 598 4707 608 610 4708 596 587 4709 596 587 4710 608 610 4711 609 599 4712 609 599 4713 598 590 4714 586 578 4715 610 600 4716 611 613 4717 599 601 4718 599 601 4719 611 613 4720 612 602 4721 612 602 4722 613 603 4723 601 593 4724 613 603 4725 614 617 4726 602 604 4727 602 604 4728 614 617 4729 615 605 4730 615 605 4731 616 607 4732 604 606 4733 616 607 4734 617 621 4735 605 595 4736 605 595 4737 617 621 4738 618 608 4739 606 596 4740 618 608 4741 619 609 4742 619 609 4743 620 611 4744 608 610 4745 620 611 4746 621 625 4747 609 599 4748 609 599 4749 621 625 4750 610 600 4751 622 612 4752 623 614 4753 611 613 4754 623 614 4755 624 615 4756 612 602 4757 624 615 4758 625 616 4759 613 603 4760 625 616 4761 626 618 4762 614 617 4763 626 618 4764 627 619 4765 615 605 4766 627 619 4767 628 620 4768 616 607 4769 628 620 4770 629 622 4771 617 621 4772 629 622 4773 630 623 4774 618 608 4775 630 623 4776 631 633 4777 619 609 4778 619 609 4779 631 633 4780 632 624 4781 632 624 4782 633 635 4783 621 625 4784 621 625 4785 633 635 4786 622 612 4787 622 612 4788 634 637 4789 635 626 4790 635 626 4791 636 627 4792 624 615 4793 636 627 4794 637 640 4795 625 616 4796 625 616 4797 637 640 4798 638 628 4799 626 618 4800 638 628 4801 639 629 4802 627 619 4803 639 629 4804 640 630 4805 640 630 4806 641 644 4807 629 622 4808 629 622 4809 641 644 4810 642 631 4811 630 623 4812 642 631 4813 643 632 4814 643 632 4815 644 634 4816 632 624 4817 644 634 4818 645 636 4819 633 635 4820 645 636 4821 634 637 4822 622 612 4823 634 637 4824 646 648 4825 647 638 4826 647 638 4827 648 650 4828 636 627 4829 636 627 4830 648 650 4831 649 639 4832 637 640 4833 649 639 4834 650 641 4835 650 641 4836 651 642 4837 639 629 4838 651 642 4839 652 643 4840 640 630 4841 652 643 4842 653 656 4843 641 644 4844 641 644 4845 653 656 4846 654 645 4847 654 645 4848 655 646 4849 643 632 4850 655 646 4851 656 647 4852 644 634 4853 656 647 4854 657 660 4855 645 636 4856 645 636 4857 657 660 4858 646 648 4859 646 648 4860 658 661 4861 659 649 4862 659 649 4863 660 651 4864 648 650 4865 660 651 4866 661 664 4867 649 639 4868 649 639 4869 661 664 4870 662 652 4871 650 641 4872 662 652 4873 663 653 4874 651 642 4875 663 653 4876 664 654 4877 652 643 4878 664 654 4879 665 655 4880 665 655 4881 666 657 4882 654 645 4883 666 657 4884 667 671 4885 655 646 4886 655 646 4887 667 671 4888 668 658 4889 656 647 4890 668 658 4891 669 659 4892 669 659 4893 658 661 4894 646 648 4895 658 661 4896 670 675 4897 671 662 4898 659 649 4899 671 662 4900 672 663 4901 672 663 4902 673 665 4903 661 664 4904 673 665 4905 674 666 4906 662 652 4907 674 666 4908 675 667 4909 663 653 4910 675 667 4911 676 668 4912 664 654 4913 676 668 4914 677 669 4915 665 655 4916 677 669 4917 678 683 4918 666 657 4919 666 657 4920 678 683 4921 679 670 4922 667 671 4923 679 670 4924 680 672 4925 680 672 4926 681 673 4927 669 659 4928 681 673 4929 670 675 4930 658 661 4931 682 674 4932 683 676 4933 671 662 4934 683 676 4935 684 689 4936 672 663 4937 672 663 4938 684 689 4939 685 677 4940 673 665 4941 685 677 4942 686 678 4943 674 666 4944 686 678 4945 687 679 4946 675 667 4947 687 679 4948 688 680 4949 676 668 4950 688 680 4951 689 681 4952 677 669 4953 689 681 4954 690 682 4955 690 682 4956 691 684 4957 679 670 4958 691 684 4959 692 685 4960 680 672 4961 692 685 4962 693 686 4963 681 673 4964 693 686 4965 682 674 4966 670 675 4967 694 687 4968 695 688 4969 683 676 4970 695 688 4971 696 701 4972 684 689 4973 684 689 4974 696 701 4975 697 690 4976 685 677 4977 697 690 4978 698 691 4979 686 678 4980 698 691 4981 699 692 4982 687 679 4983 699 692 4984 700 693 4985 688 680 4986 700 693 4987 701 694 4988 689 681 4989 701 694 4990 702 695 4991 702 695 4992 703 696 4993 691 684 4994 703 696 4995 704 697 4996 692 685 4997 704 697 4998 705 698 4999 693 686 5000 705 698 5001 694 687 5002 682 674 5003 706 699 5004 707 700 5005 695 688 5006 707 700 5007 708 702 5008 696 701 5009 708 702 5010 709 703 5011 697 690 5012 709 703 5013 710 704 5014 698 691 5015 710 704 5016 711 705 5017 699 692 5018 711 705 5019 712 706 5020 700 693 5021 712 706 5022 713 707 5023 701 694 5024 713 707 5025 714 718 5026 702 695 5027 702 695 5028 714 718 5029 715 708 5030 703 696 5031 715 708 5032 716 709 5033 704 697 5034 716 709 5035 717 710 5036 717 710 5037 706 699 5038 694 687 5039 718 711 5040 719 721 5041 707 700 5042 707 700 5043 719 721 5044 720 712 5045 708 702 5046 720 712 5047 721 713 5048 721 713 5049 722 714 5050 710 704 5051 722 714 5052 723 725 5053 711 705 5054 711 705 5055 723 725 5056 724 715 5057 712 706 5058 724 715 5059 725 716 5060 713 707 5061 725 716 5062 726 717 5063 726 717 5064 727 729 5065 715 708 5066 715 708 5067 727 729 5068 728 719 5069 728 719 5070 729 731 5071 717 710 5072 717 710 5073 729 731 5074 718 711 5075 718 711 5076 730 732 5077 731 720 5078 731 720 5079 732 722 5080 720 712 5081 732 722 5082 733 735 5083 721 713 5084 721 713 5085 733 735 5086 734 723 5087 722 714 5088 734 723 5089 735 724 5090 735 724 5091 736 726 5092 724 715 5093 736 726 5094 737 727 5095 725 716 5096 737 727 5097 738 728 5098 726 717 5099 738 728 5100 739 741 5101 727 729 5102 727 729 5103 739 741 5104 740 730 5105 740 730 5106 741 743 5107 729 731 5108 729 731 5109 741 743 5110 730 732 5111 730 732 5112 742 745 5113 743 733 5114 743 733 5115 744 734 5116 732 722 5117 744 734 5118 745 736 5119 733 735 5120 745 736 5121 746 749 5122 734 723 5123 734 723 5124 746 749 5125 747 737 5126 747 737 5127 748 751 5128 736 726 5129 736 726 5130 748 751 5131 749 738 5132 737 727 5133 749 738 5134 750 739 5135 738 728 5136 750 739 5137 751 740 5138 751 740 5139 752 742 5140 740 730 5141 752 742 5142 753 744 5143 741 743 5144 753 744 5145 742 745 5146 730 732 5147 742 745 5148 754 758 5149 755 746 5150 755 746 5151 756 760 5152 744 734 5153 744 734 5154 756 760 5155 757 747 5156 745 736 5157 757 747 5158 758 748 5159 746 749 5160 758 748 5161 759 750 5162 759 750 5163 760 752 5164 748 751 5165 760 752 5166 761 753 5167 749 738 5168 761 753 5169 762 754 5170 750 739 5171 762 754 5172 763 755 5173 751 740 5174 763 755 5175 764 756 5176 752 742 5177 764 756 5178 765 757 5179 753 744 5180 765 757 5181 754 758 5182 742 745 5183 754 758 5184 766 771 5185 767 759 5186 767 759 5187 768 761 5188 756 760 5189 768 761 5190 769 762 5191 757 747 5192 769 762 5193 770 763 5194 758 748 5195 770 763 5196 771 764 5197 759 750 5198 771 764 5199 772 765 5200 760 752 5201 772 765 5202 773 778 5203 761 753 5204 761 753 5205 773 778 5206 774 766 5207 762 754 5208 774 766 5209 775 767 5210 763 755 5211 775 767 5212 776 768 5213 764 756 5214 776 768 5215 777 769 5216 777 769 5217 766 771 5218 754 758 5219 778 770 5220 779 772 5221 767 759 5222 779 772 5223 780 773 5224 768 761 5225 780 773 5226 781 774 5227 769 762 5228 781 774 5229 782 775 5230 770 763 5231 782 775 5232 783 776 5233 771 764 5234 783 776 5235 784 788 5236 772 765 5237 772 765 5238 784 788 5239 785 777 5240 773 778 5241 785 777 5242 786 779 5243 786 779 5244 787 780 5245 775 767 5246 787 780 5247 788 791 5248 776 768 5249 776 768 5250 788 791 5251 789 781 5252 789 781 5253 778 770 5254 766 771 5255 778 770 5256 790 793 5257 791 782 5258 779 772 5259 791 782 5260 792 783 5261 780 773 5262 792 783 5263 793 784 5264 781 774 5265 793 784 5266 794 785 5267 782 775 5268 794 785 5269 795 786 5270 783 776 5271 795 786 5272 796 787 5273 796 787 5274 797 799 5275 785 777 5276 785 777 5277 797 799 5278 798 789 5279 798 789 5280 799 790 5281 787 780 5282 799 790 5283 800 802 5284 788 791 5285 788 791 5286 800 802 5287 801 792 5288 801 792 5289 790 793 5290 778 770 5291 790 793 5292 802 804 5293 803 794 5294 803 794 5295 804 795 5296 792 783 5297 804 795 5298 805 796 5299 793 784 5300 805 796 5301 806 797 5302 794 785 5303 806 797 5304 807 810 5305 795 786 5306 795 786 5307 807 810 5308 808 798 5309 808 798 5310 809 812 5311 797 799 5312 797 799 5313 809 812 5314 810 800 5315 810 800 5316 811 815 5317 799 790 5318 799 790 5319 811 815 5320 812 801 5321 800 802 5322 812 801 5323 813 803 5324 801 792 5325 813 803 5326 802 804 5327 814 805 5328 815 819 5329 803 794 5330 803 794 5331 815 819 5332 816 806 5333 804 795 5334 816 806 5335 817 807 5336 805 796 5337 817 807 5338 818 808 5339 806 797 5340 818 808 5341 819 809 5342 819 809 5343 820 811 5344 808 798 5345 820 811 5346 821 813 5347 809 812 5348 821 813 5349 822 814 5350 810 800 5351 822 814 5352 823 816 5353 811 815 5354 823 816 5355 824 817 5356 812 801 5357 824 817 5358 825 818 5359 813 803 5360 825 818 5361 814 805 5362 802 804 5363 250 244 5364 251 246 5365 815 819 5366 251 246 5367 252 248 5368 816 806 5369 252 248 5370 253 250 5371 817 807 5372 253 250 5373 254 252 5374 818 808 5375 254 252 5376 255 253 5377 819 809 5378 255 253 5379 256 255 5380 820 811 5381 820 811 5382 256 255 5383 257 256 5384 257 256 5385 258 258 5386 822 814 5387 822 814 5388 258 258 5389 259 260 5390 823 816 5391 259 260 5392 260 262 5393 824 817 5394 260 262 5395 261 264 5396 825 818 5397 261 264 5398 250 244 5399</p>
        </triangles>
        <triangles material="Llanta_Mat-material" count="442">
          <input semantic="VERTEX" source="#Circle_002-mesh-vertices" offset="0"/>
          <input semantic="NORMAL" source="#Circle_002-mesh-normals" offset="1"/>
          <input semantic="TEXCOORD" source="#Circle_002-mesh-map-0" offset="2" set="0"/>
          <p>943 820 2346 899 821 2347 941 822 2348 927 823 2349 890 824 2350 923 825 2351 985 826 2352 891 827 2353 921 828 2354 931 829 2355 893 830 2356 929 831 2357 933 832 2358 894 833 2359 931 829 2360 933 832 2361 896 834 2362 895 835 2363 935 836 2364 897 837 2365 896 834 2366 937 838 2367 898 839 2368 897 837 2369 938 840 2370 835 841 2371 940 842 2372 939 843 2373 899 821 2374 898 839 2375 945 844 2376 900 845 2377 943 820 2378 947 846 2379 901 847 2380 945 844 2381 949 848 2382 902 849 2383 947 846 2384 951 850 2385 903 851 2386 949 848 2387 953 852 2388 904 853 2389 951 850 2390 955 854 2391 905 855 2392 953 852 2393 955 854 2394 907 856 2395 906 857 2396 957 858 2397 908 859 2398 907 856 2399 959 860 2400 909 861 2401 908 859 2402 961 862 2403 910 863 2404 909 861 2405 963 864 2406 911 865 2407 910 863 2408 967 866 2409 911 865 2410 965 867 2411 969 868 2412 912 869 2413 967 866 2414 971 870 2415 913 871 2416 969 868 2417 973 872 2418 914 873 2419 971 870 2420 975 874 2421 915 875 2422 973 872 2423 977 876 2424 916 877 2425 975 874 2426 977 876 2427 918 878 2428 917 879 2429 979 880 2430 919 881 2431 918 878 2432 981 882 2433 920 883 2434 919 881 2435 983 884 2436 921 828 2437 920 883 2438 861 885 2439 888 886 2440 873 887 2441 929 831 2442 892 888 2443 927 823 2444 914 873 2445 864 889 2446 865 890 2447 966 891 2448 849 892 2449 968 893 2450 940 842 2451 836 894 2452 942 895 2453 970 896 2454 849 892 2455 850 897 2456 942 895 2457 837 898 2458 944 899 2459 970 896 2460 851 900 2461 972 901 2462 946 902 2463 837 898 2464 838 903 2465 974 904 2466 851 900 2467 852 905 2468 948 906 2469 838 903 2470 839 907 2471 976 908 2472 852 905 2473 853 909 2474 950 910 2475 839 907 2476 840 911 2477 925 912 2478 827 913 2479 922 914 2480 976 908 2481 854 915 2482 978 916 2483 952 917 2484 840 911 2485 841 918 2486 922 914 2487 828 919 2488 926 920 2489 980 921 2490 854 915 2491 855 922 2492 952 917 2493 842 923 2494 954 924 2495 928 925 2496 828 919 2497 829 926 2498 980 921 2499 856 927 2500 982 928 2501 956 929 2502 842 923 2503 843 930 2504 928 925 2505 830 931 2506 930 932 2507 984 933 2508 856 927 2509 857 934 2510 956 929 2511 844 935 2512 958 936 2513 930 932 2514 831 937 2515 932 938 2516 925 912 2517 857 934 2518 826 923 2519 958 936 2520 845 939 2521 960 940 2522 934 941 2523 831 937 2524 832 942 2525 960 940 2526 846 943 2527 962 944 2528 934 941 2529 833 945 2530 936 946 2531 962 944 2532 847 947 2533 964 948 2534 938 840 2535 833 945 2536 834 949 2537 964 948 2538 848 950 2539 966 891 2540 924 951 2541 922 914 2542 923 825 2543 927 823 2544 922 914 2545 926 920 2546 927 823 2547 928 925 2548 929 831 2549 929 831 2550 930 932 2551 931 829 2552 933 832 2553 930 932 2554 932 938 2555 933 832 2556 934 941 2557 935 836 2558 937 838 2559 934 941 2560 936 946 2561 939 843 2562 936 946 2563 938 840 2564 939 843 2565 940 842 2566 941 822 2567 941 822 2568 942 895 2569 943 820 2570 943 820 2571 944 899 2572 945 844 2573 945 844 2574 946 902 2575 947 846 2576 949 848 2577 946 902 2578 948 906 2579 951 850 2580 948 906 2581 950 910 2582 951 850 2583 952 917 2584 953 852 2585 955 854 2586 952 917 2587 954 924 2588 955 854 2589 956 929 2590 957 858 2591 957 858 2592 958 936 2593 959 860 2594 961 862 2595 958 936 2596 960 940 2597 961 862 2598 962 944 2599 963 864 2600 965 867 2601 962 944 2602 964 948 2603 967 866 2604 964 948 2605 966 891 2606 967 866 2607 968 893 2608 969 868 2609 969 868 2610 970 896 2611 971 870 2612 971 870 2613 972 901 2614 973 872 2615 975 874 2616 972 901 2617 974 904 2618 977 876 2619 974 904 2620 976 908 2621 977 876 2622 978 916 2623 979 880 2624 979 880 2625 980 921 2626 981 882 2627 981 882 2628 982 928 2629 983 884 2630 983 884 2631 984 933 2632 985 826 2633 924 951 2634 984 933 2635 925 912 2636 923 825 2637 891 827 2638 924 951 2639 901 847 2640 877 952 2641 878 953 2642 915 875 2643 863 954 2644 864 889 2645 902 849 2646 876 955 2647 877 952 2648 916 877 2649 862 956 2650 863 954 2651 903 851 2652 875 957 2653 876 955 2654 891 827 2655 889 958 2656 888 886 2657 918 878 2658 862 956 2659 917 879 2660 904 853 2661 874 959 2662 875 957 2663 890 824 2664 887 960 2665 889 958 2666 919 881 2667 861 885 2668 918 878 2669 905 855 2670 873 887 2671 874 959 2672 892 888 2673 886 961 2674 887 960 2675 920 883 2676 860 962 2677 919 881 2678 907 856 2679 873 887 2680 906 857 2681 893 830 2682 885 963 2683 886 961 2684 921 828 2685 859 964 2686 920 883 2687 908 859 2688 872 965 2689 907 856 2690 894 833 2691 884 966 2692 885 963 2693 891 827 2694 858 967 2695 921 828 2696 909 861 2697 871 968 2698 908 859 2699 896 834 2700 884 966 2701 895 835 2702 910 863 2703 870 969 2704 909 861 2705 897 837 2706 883 970 2707 896 834 2708 911 865 2709 869 971 2710 910 863 2711 898 839 2712 882 972 2713 897 837 2714 912 869 2715 868 973 2716 911 865 2717 899 821 2718 881 974 2719 898 839 2720 912 869 2721 866 975 2722 867 976 2723 900 845 2724 880 977 2725 899 821 2726 913 871 2727 865 890 2728 866 975 2729 901 847 2730 879 978 2731 900 845 2732 987 979 2733 1001 980 2734 989 981 2735 991 982 2736 993 983 2737 990 984 2738 995 985 2739 992 986 2740 991 982 2741 997 987 2742 992 986 2743 996 988 2744 995 985 2745 990 984 2746 994 989 2747 994 989 2748 993 983 2749 997 987 2750 988 990 2751 995 985 2752 994 989 2753 987 979 2754 995 985 2755 986 991 2756 989 981 2757 996 988 2758 987 979 2759 988 990 2760 997 987 2761 989 981 2762 999 992 2763 1001 980 2764 1000 993 2765 988 990 2766 999 992 2767 986 991 2768 988 990 2769 1001 980 2770 998 994 2771 986 991 2772 1000 993 2773 987 979 2774 1003 995 2775 1017 996 2776 1005 997 2777 1008 998 2778 1006 999 2779 1007 1000 2780 1011 1001 2781 1008 998 2782 1007 1000 2783 1013 1002 2784 1008 998 2785 1012 1003 2786 1011 1001 2787 1006 999 2788 1010 1004 2789 1010 1004 2790 1009 1005 2791 1013 1002 2792 1004 1006 2793 1011 1001 2794 1010 1004 2795 1002 1007 2796 1012 1003 2797 1011 1001 2798 1003 995 2799 1013 1002 2800 1012 1003 2801 1004 1006 2802 1013 1002 2803 1005 997 2804 1014 1008 2805 1016 1009 2806 1015 1010 2807 1004 1006 2808 1015 1010 2809 1002 1007 2810 1004 1006 2811 1017 996 2812 1014 1008 2813 1003 995 2814 1015 1010 2815 1016 1009 2816 1019 1011 2817 1033 1012 2818 1021 1013 2819 1023 1014 2820 1025 1015 2821 1022 1016 2822 1028 1017 2823 1023 1014 2824 1027 1018 2825 1028 1017 2826 1025 1015 2827 1024 1019 2828 1027 1018 2829 1022 1016 2830 1026 1020 2831 1029 1021 2832 1022 1016 2833 1025 1015 2834 1018 1022 2835 1026 1020 2836 1020 1023 2837 1019 1011 2838 1027 1018 2839 1018 1022 2840 1019 1011 2841 1029 1021 2842 1028 1017 2843 1021 1013 2844 1026 1020 2845 1029 1021 2846 1031 1024 2847 1033 1012 2848 1032 1025 2849 1020 1023 2850 1031 1024 2851 1018 1022 2852 1020 1023 2853 1033 1012 2854 1030 1026 2855 1019 1011 2856 1031 1024 2857 1032 1025 2858 1035 1027 2859 1049 1028 2860 1037 1029 2861 1040 1030 2862 1038 1031 2863 1039 1032 2864 1043 1033 2865 1040 1030 2866 1039 1032 2867 1045 1034 2868 1040 1030 2869 1044 1035 2870 1043 1033 2871 1038 1031 2872 1042 1036 2873 1045 1034 2874 1038 1031 2875 1041 1037 2876 1034 1038 2877 1042 1036 2878 1036 1039 2879 1035 1027 2880 1043 1033 2881 1034 1038 2882 1035 1027 2883 1045 1034 2884 1044 1035 2885 1036 1039 2886 1045 1034 2887 1037 1029 2888 1047 1040 2889 1049 1028 2890 1048 1041 2891 1036 1039 2892 1047 1040 2893 1034 1038 2894 1037 1029 2895 1046 1042 2896 1036 1039 2897 1034 1038 2898 1048 1041 2899 1035 1027 2900 1053 1043 2901 1064 1044 2902 1065 1045 2903 1056 1046 2904 1054 1047 2905 1055 1048 2906 1060 1049 2907 1055 1048 2908 1059 1050 2909 1061 1051 2910 1056 1046 2911 1060 1049 2912 1058 1052 2913 1055 1048 2914 1054 1047 2915 1061 1051 2916 1054 1047 2917 1057 1053 2918 1052 1054 2919 1059 1050 2920 1058 1052 2921 1050 1055 2922 1060 1049 2923 1059 1050 2924 1053 1043 2925 1060 1049 2926 1051 1056 2927 1052 1054 2928 1061 1051 2929 1053 1043 2930 1062 1057 2931 1064 1044 2932 1063 1058 2933 1052 1054 2934 1063 1058 2935 1050 1055 2936 1053 1043 2937 1062 1057 2938 1052 1054 2939 1050 1055 2940 1064 1044 2941 1051 1056 2942 1066 1059 2943 1069 1060 2944 1068 1061 2945 1068 1061 2946 1071 1062 2947 1070 1063 2948 1071 1062 2949 1072 1064 2950 1070 1063 2951 1067 1065 2952 1073 1066 2953 1071 1062 2954 1073 1066 2955 1074 1067 2956 1072 1064 2957 1075 1068 2958 1066 1059 2959 1074 1067 2960 1068 1061 2961 1072 1064 2962 1074 1067 2963 943 820 5400 900 845 5401 899 821 5402 927 823 5403 892 888 5404 890 824 5405 985 826 5406 924 951 5407 891 827 5408 931 829 5409 894 833 5410 893 830 5411 933 832 5412 895 835 5413 894 833 5414 933 832 5415 935 836 5416 896 834 5417 935 836 5418 937 838 5419 897 837 5420 937 838 5421 939 843 5422 898 839 5423 938 840 5424 834 949 5425 835 841 5426 939 843 5427 941 822 5428 899 821 5429 945 844 5430 901 847 5431 900 845 5432 947 846 5433 902 849 5434 901 847 5435 949 848 5436 903 851 5437 902 849 5438 951 850 5439 904 853 5440 903 851 5441 953 852 5442 905 855 5443 904 853 5444 955 854 5445 906 857 5446 905 855 5447 955 854 5448 957 858 5449 907 856 5450 957 858 5451 959 860 5452 908 859 5453 959 860 5454 961 862 5455 909 861 5456 961 862 5457 963 864 5458 910 863 5459 963 864 5460 965 867 5461 911 865 5462 967 866 5463 912 869 5464 911 865 5465 969 868 5466 913 871 5467 912 869 5468 971 870 5469 914 873 5470 913 871 5471 973 872 5472 915 875 5473 914 873 5474 975 874 5475 916 877 5476 915 875 5477 977 876 5478 917 879 5479 916 877 5480 977 876 5481 979 880 5482 918 878 5483 979 880 5484 981 882 5485 919 881 5486 981 882 5487 983 884 5488 920 883 5489 983 884 5490 985 826 5491 921 828 5492 888 886 5493 889 958 5494 885 963 5495 889 958 5496 887 960 5497 885 963 5498 887 960 5499 886 961 5500 885 963 5501 885 963 5502 884 966 5503 883 970 5504 883 970 5505 882 972 5506 885 963 5507 882 972 5508 881 974 5509 885 963 5510 881 974 5511 880 977 5512 877 952 5513 880 977 5514 879 978 5515 877 952 5516 879 978 5517 878 953 5518 877 952 5519 877 952 5520 876 955 5521 875 957 5522 875 957 5523 874 959 5524 877 952 5525 874 959 5526 873 887 5527 877 952 5528 873 887 5529 872 965 5530 871 968 5531 871 968 5532 870 969 5533 869 971 5534 869 971 5535 868 973 5536 867 976 5537 867 976 5538 866 975 5539 869 971 5540 866 975 5541 865 890 5542 869 971 5543 865 890 5544 864 889 5545 861 885 5546 864 889 5547 863 954 5548 861 885 5549 863 954 5550 862 956 5551 861 885 5552 861 885 5553 860 962 5554 859 964 5555 859 964 5556 858 967 5557 861 885 5558 858 967 5559 888 886 5560 861 885 5561 873 887 5562 871 968 5563 865 890 5564 871 968 5565 869 971 5566 865 890 5567 888 886 5568 885 963 5569 881 974 5570 881 974 5571 877 952 5572 888 886 5573 877 952 5574 873 887 5575 888 886 5576 865 890 5577 861 885 5578 873 887 5579 929 831 5580 893 830 5581 892 888 5582 914 873 5583 915 875 5584 864 889 5585 966 891 5586 848 950 5587 849 892 5588 940 842 5589 835 841 5590 836 894 5591 970 896 5592 968 893 5593 849 892 5594 942 895 5595 836 894 5596 837 898 5597 970 896 5598 850 897 5599 851 900 5600 946 902 5601 944 899 5602 837 898 5603 974 904 5604 972 901 5605 851 900 5606 948 906 5607 946 902 5608 838 903 5609 976 908 5610 974 904 5611 852 905 5612 950 910 5613 948 906 5614 839 907 5615 925 912 5616 826 923 5617 827 913 5618 976 908 5619 853 909 5620 854 915 5621 952 917 5622 950 910 5623 840 911 5624 922 914 5625 827 913 5626 828 919 5627 980 921 5628 978 916 5629 854 915 5630 952 917 5631 841 918 5632 842 923 5633 928 925 5634 926 920 5635 828 919 5636 980 921 5637 855 922 5638 856 927 5639 956 929 5640 954 924 5641 842 923 5642 928 925 5643 829 926 5644 830 931 5645 984 933 5646 982 928 5647 856 927 5648 956 929 5649 843 930 5650 844 935 5651 930 932 5652 830 931 5653 831 937 5654 925 912 5655 984 933 5656 857 934 5657 958 936 5658 844 935 5659 845 939 5660 934 941 5661 932 938 5662 831 937 5663 960 940 5664 845 939 5665 846 943 5666 934 941 5667 832 942 5668 833 945 5669 962 944 5670 846 943 5671 847 947 5672 938 840 5673 936 946 5674 833 945 5675 964 948 5676 847 947 5677 848 950 5678 924 951 5679 925 912 5680 922 914 5681 927 823 5682 923 825 5683 922 914 5684 927 823 5685 926 920 5686 928 925 5687 929 831 5688 928 925 5689 930 932 5690 933 832 5691 931 829 5692 930 932 5693 933 832 5694 932 938 5695 934 941 5696 937 838 5697 935 836 5698 934 941 5699 939 843 5700 937 838 5701 936 946 5702 939 843 5703 938 840 5704 940 842 5705 941 822 5706 940 842 5707 942 895 5708 943 820 5709 942 895 5710 944 899 5711 945 844 5712 944 899 5713 946 902 5714 949 848 5715 947 846 5716 946 902 5717 951 850 5718 949 848 5719 948 906 5720 951 850 5721 950 910 5722 952 917 5723 955 854 5724 953 852 5725 952 917 5726 955 854 5727 954 924 5728 956 929 5729 957 858 5730 956 929 5731 958 936 5732 961 862 5733 959 860 5734 958 936 5735 961 862 5736 960 940 5737 962 944 5738 965 867 5739 963 864 5740 962 944 5741 967 866 5742 965 867 5743 964 948 5744 967 866 5745 966 891 5746 968 893 5747 969 868 5748 968 893 5749 970 896 5750 971 870 5751 970 896 5752 972 901 5753 975 874 5754 973 872 5755 972 901 5756 977 876 5757 975 874 5758 974 904 5759 977 876 5760 976 908 5761 978 916 5762 979 880 5763 978 916 5764 980 921 5765 981 882 5766 980 921 5767 982 928 5768 983 884 5769 982 928 5770 984 933 5771 924 951 5772 985 826 5773 984 933 5774 923 825 5775 890 824 5776 891 827 5777 901 847 5778 902 849 5779 877 952 5780 915 875 5781 916 877 5782 863 954 5783 902 849 5784 903 851 5785 876 955 5786 916 877 5787 917 879 5788 862 956 5789 903 851 5790 904 853 5791 875 957 5792 891 827 5793 890 824 5794 889 958 5795 918 878 5796 861 885 5797 862 956 5798 904 853 5799 905 855 5800 874 959 5801 890 824 5802 892 888 5803 887 960 5804 919 881 5805 860 962 5806 861 885 5807 905 855 5808 906 857 5809 873 887 5810 892 888 5811 893 830 5812 886 961 5813 920 883 5814 859 964 5815 860 962 5816 907 856 5817 872 965 5818 873 887 5819 893 830 5820 894 833 5821 885 963 5822 921 828 5823 858 967 5824 859 964 5825 908 859 5826 871 968 5827 872 965 5828 894 833 5829 895 835 5830 884 966 5831 891 827 5832 888 886 5833 858 967 5834 909 861 5835 870 969 5836 871 968 5837 896 834 5838 883 970 5839 884 966 5840 910 863 5841 869 971 5842 870 969 5843 897 837 5844 882 972 5845 883 970 5846 911 865 5847 868 973 5848 869 971 5849 898 839 5850 881 974 5851 882 972 5852 912 869 5853 867 976 5854 868 973 5855 899 821 5856 880 977 5857 881 974 5858 912 869 5859 913 871 5860 866 975 5861 900 845 5862 879 978 5863 880 977 5864 913 871 5865 914 873 5866 865 890 5867 901 847 5868 878 953 5869 879 978 5870 987 979 5871 1000 993 5872 1001 980 5873 991 982 5874 992 986 5875 993 983 5876 995 985 5877 996 988 5878 992 986 5879 997 987 5880 993 983 5881 992 986 5882 995 985 5883 991 982 5884 990 984 5885 994 989 5886 990 984 5887 993 983 5888 988 990 5889 986 991 5890 995 985 5891 987 979 5892 996 988 5893 995 985 5894 989 981 5895 997 987 5896 996 988 5897 988 990 5898 994 989 5899 997 987 5900 999 992 5901 998 994 5902 1001 980 5903 988 990 5904 998 994 5905 999 992 5906 988 990 5907 989 981 5908 1001 980 5909 986 991 5910 999 992 5911 1000 993 5912 1003 995 5913 1016 1009 5914 1017 996 5915 1008 998 5916 1009 1005 5917 1006 999 5918 1011 1001 5919 1012 1003 5920 1008 998 5921 1013 1002 5922 1009 1005 5923 1008 998 5924 1011 1001 5925 1007 1000 5926 1006 999 5927 1010 1004 5928 1006 999 5929 1009 1005 5930 1004 1006 5931 1002 1007 5932 1011 1001 5933 1002 1007 5934 1003 995 5935 1012 1003 5936 1003 995 5937 1005 997 5938 1013 1002 5939 1004 1006 5940 1010 1004 5941 1013 1002 5942 1014 1008 5943 1017 996 5944 1016 1009 5945 1004 1006 5946 1014 1008 5947 1015 1010 5948 1004 1006 5949 1005 997 5950 1017 996 5951 1003 995 5952 1002 1007 5953 1015 1010 5954 1019 1011 5955 1032 1025 5956 1033 1012 5957 1023 1014 5958 1024 1019 5959 1025 1015 5960 1028 1017 5961 1024 1019 5962 1023 1014 5963 1028 1017 5964 1029 1021 5965 1025 1015 5966 1027 1018 5967 1023 1014 5968 1022 1016 5969 1029 1021 5970 1026 1020 5971 1022 1016 5972 1018 1022 5973 1027 1018 5974 1026 1020 5975 1019 1011 5976 1028 1017 5977 1027 1018 5978 1019 1011 5979 1021 1013 5980 1029 1021 5981 1021 1013 5982 1020 1023 5983 1026 1020 5984 1031 1024 5985 1030 1026 5986 1033 1012 5987 1020 1023 5988 1030 1026 5989 1031 1024 5990 1020 1023 5991 1021 1013 5992 1033 1012 5993 1019 1011 5994 1018 1022 5995 1031 1024 5996 1035 1027 5997 1048 1041 5998 1049 1028 5999 1040 1030 6000 1041 1037 6001 1038 1031 6002 1043 1033 6003 1044 1035 6004 1040 1030 6005 1045 1034 6006 1041 1037 6007 1040 1030 6008 1043 1033 6009 1039 1032 6010 1038 1031 6011 1045 1034 6012 1042 1036 6013 1038 1031 6014 1034 1038 6015 1043 1033 6016 1042 1036 6017 1035 1027 6018 1044 1035 6019 1043 1033 6020 1035 1027 6021 1037 1029 6022 1045 1034 6023 1036 1039 6024 1042 1036 6025 1045 1034 6026 1047 1040 6027 1046 1042 6028 1049 1028 6029 1036 1039 6030 1046 1042 6031 1047 1040 6032 1037 1029 6033 1049 1028 6034 1046 1042 6035 1034 1038 6036 1047 1040 6037 1048 1041 6038 1053 1043 6039 1051 1056 6040 1064 1044 6041 1056 1046 6042 1057 1053 6043 1054 1047 6044 1060 1049 6045 1056 1046 6046 1055 1048 6047 1061 1051 6048 1057 1053 6049 1056 1046 6050 1058 1052 6051 1059 1050 6052 1055 1048 6053 1061 1051 6054 1058 1052 6055 1054 1047 6056 1052 1054 6057 1050 1055 6058 1059 1050 6059 1050 1055 6060 1051 1056 6061 1060 1049 6062 1053 1043 6063 1061 1051 6064 1060 1049 6065 1052 1054 6066 1058 1052 6067 1061 1051 6068 1062 1057 6069 1065 1045 6070 1064 1044 6071 1052 1054 6072 1062 1057 6073 1063 1058 6074 1053 1043 6075 1065 1045 6076 1062 1057 6077 1050 1055 6078 1063 1058 6079 1064 1044 6080 1066 1059 6081 1067 1065 6082 1069 1060 6083 1068 1061 6084 1069 1060 6085 1071 1062 6086 1071 1062 6087 1073 1066 6088 1072 1064 6089 1071 1062 6090 1069 1060 6091 1067 1065 6092 1067 1065 6093 1075 1068 6094 1073 1066 6095 1073 1066 6096 1075 1068 6097 1074 1067 6098 1075 1068 6099 1067 1065 6100 1066 1059 6101 1074 1067 6102 1066 1059 6103 1068 1061 6104 1068 1061 6105 1070 1063 6106 1072 1064 6107</p>
        </triangles>
      </mesh>
    </geometry>
  </library_geometries>
  <library_visual_scenes>
    <visual_scene id="Scene" name="Scene">
      <node id="tmp_export_Circle_002" name="tmp_export_Circle.002" type="NODE">
        <matrix sid="transform">1 0 0 0 0 1 0 0 0 0 1 0 0 0 0 1</matrix>
        <instance_geometry url="#Circle_002-mesh" name="tmp_export_Circle.002">
          <bind_material>
            <technique_common>
              <instance_material symbol="Llanta_mat_001-material" target="#Llanta_mat_001-material">
                <bind_vertex_input semantic="UVMap" input_semantic="TEXCOORD" input_set="0"/>
              </instance_material>
              <instance_material symbol="Rueda_mat-material" target="#Rueda_mat-material">
                <bind_vertex_input semantic="UVMap" input_semantic="TEXCOORD" input_set="0"/>
              </instance_material>
              <instance_material symbol="Llanta_Mat-material" target="#Llanta_Mat-material">
                <bind_vertex_input semantic="UVMap" input_semantic="TEXCOORD" input_set="0"/>
              </instance_material>
            </technique_common>
          </bind_material>
        </instance_geometry>
      </node>
    </visual_scene>
  </library_visual_scenes>
  <scene>
    <instance_visual_scene url="#Scene"/>
  </scene>
</COLLADA>