<?xml version="1.0" encoding="utf-8"?>
<COLLADA xmlns="http://www.collada.org/2005/11/COLLADASchema" version="1.4.1" xmlns:xsi="http://www.w3.org/2001/XMLSchema-instance">
  <asset>
    <contributor>
      <author>Blender User</author>
      <authoring_tool>Blender 4.2.18 LTS commit date:2026-02-16, commit time:13:37, hash:d71e3422e438</authoring_tool>
    </contributor>
    <created>2026-04-03T18:41:27</created>
    <modified>2026-04-03T18:41:27</modified>
    <unit name="meter" meter="1"/>
    <up_axis>Z_UP</up_axis>
  </asset>
  <library_effects>
    <effect id="Llanta_mat_005-effect">
      <profile_COMMON>
        <technique sid="common">
          <lambert>
            <emission>
              <color sid="emission">0 0 0 1</color>
            </emission>
            <diffuse>
              <color sid="diffuse">0.09190308 0.09190308 0.09190308 1</color>
            </diffuse>
            <index_of_refraction>
              <float sid="ior">1.5</float>
            </index_of_refraction>
          </lambert>
        </technique>
      </profile_COMMON>
    </effect>
    <effect id="Rueda_mat_004-effect">
      <profile_COMMON>
        <technique sid="common">
          <lambert>
            <emission>
              <color sid="emission">0 0 0 1</color>
            </emission>
            <diffuse>
              <color sid="diffuse">0.01661927 0.01661927 0.01661927 1</color>
            </diffuse>
            <index_of_refraction>
              <float sid="ior">1.5</float>
            </index_of_refraction>
          </lambert>
        </technique>
      </profile_COMMON>
    </effect>
    <effect id="Llanta_Mat_004-effect">
      <profile_COMMON>
        <technique sid="common">
          <lambert>
            <emission>
              <color sid="emission">0 0 0 1</color>
            </emission>
            <diffuse>
              <color sid="diffuse">0.09190308 0.09190308 0.09190308 1</color>
            </diffuse>
            <index_of_refraction>
              <float sid="ior">1.5</float>
            </index_of_refraction>
          </lambert>
        </technique>
      </profile_COMMON>
    </effect>
  </library_effects>
  <library_images/>
  <library_materials>
    <material id="Llanta_mat_005-material" name="Llanta_mat.005">
      <instance_effect url="#Llanta_mat_005-effect"/>
    </material>
    <material id="Rueda_mat_004-material" name="Rueda_mat.004">
      <instance_effect url="#Rueda_mat_004-effect"/>
    </material>
    <material id="Llanta_Mat_004-material" name="Llanta_Mat.004">
      <instance_effect url="#Llanta_Mat_004-effect"/>
    </material>
  </library_materials>
  <library_geometries>
    <geometry id="Circle_008-mesh" name="Circle.008">
      <mesh>
        <source id="Circle_008-mesh-positions">
          <float_array id="Circle_008-mesh-positions-array" count="3228">-0.1304263 -0.287379 -2.98873e-5 -0.1304263 -0.2818411 -0.05625677 -0.1304263 -0.2654403 -0.1103229 -0.1304263 -0.2388069 -0.1601505 -0.1304264 -0.2029643 -0.2038248 -0.1304264 -0.15929 -0.2396674 -0.1304264 -0.1094624 -0.2663009 -0.1304264 -0.05539619 -0.2827017 -0.1304264 8.30659e-4 -0.2882395 -0.1304264 0.05705755 -0.2827017 -0.1304264 0.1111237 -0.2663009 -0.1304265 0.1609513 -0.2396674 -0.1304265 0.2046256 -0.2038248 -0.1304265 0.2404682 -0.1601505 -0.1304265 0.2671017 -0.1103229 -0.1304265 0.2835025 -0.05625677 -0.1304265 0.2890403 -2.98873e-5 -0.1304265 0.2835025 0.05619698 -0.1304265 0.2671017 0.1102631 -0.1304264 0.2404682 0.1600908 -0.1304264 0.2046256 0.2037651 -0.1304264 0.1609513 0.2396076 -0.1304264 0.1111237 0.2662411 -0.1304264 0.05705755 0.2826419 -0.1304264 8.30659e-4 0.2881798 -0.1304264 -0.05539619 0.2826419 -0.1304263 -0.1094624 0.2662411 -0.1304263 -0.15929 0.2396076 -0.1304263 -0.2029643 0.2037651 -0.1304263 -0.2388069 0.1600908 -0.1304263 -0.2654403 0.1102631 -0.1304263 -0.2818411 0.05619698 -0.1068201 -0.2328206 0.0464462 -0.1068201 -0.219264 0.09113633 -0.1068201 -0.1972493 0.1323229 -0.1068201 -0.1676225 0.1684233 -0.1068201 -0.1315221 0.1980501 -0.1068201 -0.09033554 0.2200648 -0.1068201 -0.04564541 0.2336214 -0.1068202 8.30667e-4 0.2381989 -0.1068202 0.04730677 0.2336214 -0.1068202 0.09199684 0.2200648 -0.1068202 0.1331835 0.1980501 -0.1068202 0.1692838 0.1684233 -0.1068202 0.1989107 0.1323229 -0.1068202 0.2209253 0.09113633 -0.1068202 0.2344819 0.0464462 -0.1068202 0.2390595 -2.98891e-5 -0.1068202 0.2344819 -0.04650598 -0.1068202 0.2209253 -0.09119611 -0.1068202 0.1989107 -0.1323827 -0.1068202 0.1692838 -0.168483 -0.1068202 0.1331835 -0.1981098 -0.1068202 0.09199684 -0.2201246 -0.1068202 0.04730677 -0.2336812 -0.1068202 8.30667e-4 -0.2382586 -0.1068202 -0.04564541 -0.2336812 -0.1068202 -0.09033554 -0.2201246 -0.1068201 -0.1315221 -0.1981098 -0.1068201 -0.1676225 -0.168483 -0.1068201 -0.1972493 -0.1323827 -0.1068201 -0.219264 -0.09119611 -0.1068201 -0.2373981 -2.98891e-5 -0.1068201 -0.2328206 -0.04650598 -0.1024383 -0.2328206 -0.04650598 -0.1024383 -0.2373981 -2.98894e-5 -0.1024383 -0.219264 -0.09119611 -0.1024383 -0.1972493 -0.1323827 -0.1024383 -0.1676225 -0.168483 -0.1024383 -0.1315221 -0.1981098 -0.1024383 -0.09033554 -0.2201246 -0.1024383 -0.04564541 -0.2336812 -0.1024384 8.30668e-4 -0.2382586 -0.1024384 0.04730677 -0.2336812 -0.1024384 0.09199684 -0.2201246 -0.1024384 0.1331835 -0.1981098 -0.1024385 0.1692838 -0.168483 -0.1024385 0.1989107 -0.1323827 -0.1024385 0.2209253 -0.09119611 -0.1024385 0.2344819 -0.04650598 -0.1024385 0.2390595 -2.98894e-5 -0.1024385 0.2344819 0.0464462 -0.1024385 0.2209253 0.09113633 -0.1024384 0.1989107 0.1323229 -0.1024384 0.1692838 0.1684233 -0.1024384 0.1331835 0.1980501 -0.1024384 0.09199684 0.2200648 -0.1024383 0.04730677 0.2336214 -0.1024383 8.30668e-4 0.2381989 -0.1024383 -0.04564541 0.2336214 -0.1024383 -0.09033554 0.2200648 -0.1024383 -0.1315221 0.1980501 -0.1024383 -0.1676225 0.1684233 -0.1024383 -0.1972493 0.1323229 -0.1024383 -0.219264 0.09113633 -0.1024383 -0.2328206 0.0464462 -0.1304263 -0.2565045 -0.05121701 -0.1054335 -0.2328206 -0.04650598 -0.1054335 -0.2373981 -2.98892e-5 -0.1304263 -0.261546 -2.98873e-5 -0.1304263 -0.2415738 -0.1004371 -0.1054335 -0.219264 -0.09119611 -0.1304263 -0.2173275 -0.1457985 -0.1054335 -0.1972493 -0.1323827 -0.1304264 -0.1846976 -0.1855581 -0.1054335 -0.1676225 -0.168483 -0.1304264 -0.144938 -0.2181881 -0.1054335 -0.1315221 -0.1981098 -0.1304264 -0.09957653 -0.2424343 -0.1054335 -0.09033554 -0.2201246 -0.1304264 -0.05035644 -0.2573651 -0.1054335 -0.04564541 -0.2336812 -0.1304264 8.30659e-4 -0.2624065 -0.1054335 8.30667e-4 -0.2382586 -0.1304264 0.0520178 -0.2573651 -0.1054335 0.04730677 -0.2336812 -0.1304264 0.1012378 -0.2424343 -0.1054336 0.09199684 -0.2201246 -0.1304264 0.1465993 -0.2181881 -0.1054336 0.1331835 -0.1981098 -0.1304265 0.1863589 -0.1855581 -0.1054336 0.1692838 -0.168483 -0.1304265 0.2189888 -0.1457985 -0.1054336 0.1989107 -0.1323827 -0.1304265 0.2432351 -0.1004371 -0.1054336 0.2209253 -0.09119611 -0.1304265 0.2581658 -0.05121701 -0.1054336 0.2344819 -0.04650598 -0.1304265 0.2632073 -2.98873e-5 -0.1054336 0.2390595 -2.98892e-5 -0.1304265 0.2581658 0.05115723 -0.1054336 0.2344819 0.0464462 -0.1304265 0.2432351 0.1003773 -0.1054336 0.2209253 0.09113633 -0.1304264 0.2189888 0.1457388 -0.1054336 0.1989107 0.1323229 -0.1304264 0.1863589 0.1854984 -0.1054336 0.1692838 0.1684233 -0.1304264 0.1465993 0.2181283 -0.1054335 0.1331835 0.1980501 -0.1304264 0.1012378 0.2423745 -0.1054335 0.09199684 0.2200648 -0.1304264 0.0520178 0.2573053 -0.1054335 0.04730677 0.2336214 -0.1304264 8.30659e-4 0.2623468 -0.1054335 8.30667e-4 0.2381989 -0.1304264 -0.05035644 0.2573053 -0.1054335 -0.04564541 0.2336214 -0.1304264 -0.09957653 0.2423745 -0.1054335 -0.09033554 0.2200648 -0.1304263 -0.144938 0.2181283 -0.1054335 -0.1315221 0.1980501 -0.1304263 -0.1846976 0.1854984 -0.1054335 -0.1676225 0.1684233 -0.1304263 -0.2173275 0.1457388 -0.1054335 -0.1972493 0.1323229 -0.1304263 -0.2415738 0.1003773 -0.1054334 -0.219264 0.09113633 -0.1304263 -0.2565045 0.05115723 -0.1054334 -0.2328206 0.0464462 -0.1304264 0.06651443 0.2320178 -0.1304264 0.08434182 0.2262253 -0.1304264 0.01306122 0.06750553 -0.1304264 0.03088861 0.06171303 -0.08902519 -0.01462799 0.005850255 -0.08902525 0.08035343 0.2981733 -0.08902525 0.1120311 0.2878805 -0.08902525 0.01704961 -0.004442393 -0.1304264 -0.01462799 0.005850255 -0.1304264 0.08035343 0.2981733 -0.1304264 0.1120311 0.2878805 -0.1304264 0.01704961 -0.004442393 -0.1229671 0.01306122 0.06750553 -0.1229671 0.06651449 0.2320178 -0.1229671 0.08434188 0.2262253 -0.1229671 0.03088861 0.06171303 -0.1304263 -0.1986554 0.1333512 -0.1304263 -0.1876374 0.148516 -0.1304264 -0.05871295 0.031677 -0.1304264 -0.04769498 0.04684191 -0.08902525 -0.008631706 -0.01370948 -0.08902513 -0.2572965 0.166956 -0.08902513 -0.2377186 0.1939026 -0.08902525 0.01094609 0.01323705 -0.1304264 -0.008631765 -0.01370948 -0.1304263 -0.2572965 0.166956 -0.1304263 -0.2377187 0.1939026 -0.1304264 0.01094609 0.01323705 -0.1229671 -0.05871295 0.031677 -0.1229671 -0.1986554 0.1333512 -0.1229671 -0.1876374 0.148516 -0.1229671 -0.04769498 0.04684191 -0.1304264 -0.1862222 -0.1506004 -0.1304263 -0.1972401 -0.1354355 -0.1304264 -0.04627978 -0.04892623 -0.1304264 -0.05729776 -0.03376138 -0.08902525 0.01236122 -0.01532143 -0.08902519 -0.2363033 -0.195987 -0.08902513 -0.2558813 -0.1690405 -0.08902525 -0.007216572 0.01162511 -0.1304264 0.01236122 -0.01532143 -0.1304263 -0.2363033 -0.195987 -0.1304263 -0.2558813 -0.1690404 -0.1304264 -0.007216572 0.01162511 -0.1229671 -0.04627978 -0.04892629 -0.1229671 -0.1862222 -0.1506004 -0.1229671 -0.1972401 -0.1354355 -0.1229671 -0.05729776 -0.03376138 -0.1304264 0.08423513 -0.2257254 -0.1304264 0.06640774 -0.2315179 -0.1304264 0.0307818 -0.06121331 -0.1304264 0.01295441 -0.06700581 -0.08902525 0.01694279 0.004942119 -0.08902531 0.1119244 -0.2873807 -0.08902525 0.0802468 -0.2976734 -0.08902519 -0.0147348 -0.00535053 -0.1304264 0.01694273 0.004942119 -0.1304264 0.1119244 -0.2873807 -0.1304264 0.0802468 -0.2976734 -0.1304264 -0.0147348 -0.00535053 -0.1229671 0.0307818 -0.06121331 -0.1229672 0.08423513 -0.2257254 -0.1229671 0.06640774 -0.2315179 -0.1229671 0.01295441 -0.06700581 -0.1304265 0.2417477 0.009342491 -0.1304265 0.2417477 -0.009402275 -0.1304264 0.06876939 0.009342491 -0.1304264 0.06876939 -0.009402275 -0.08902525 0.00157535 0.01662403 -0.08902531 0.3089418 0.01662403 -0.08902531 0.3089418 -0.01668375 -0.08902525 0.00157535 -0.01668375 -0.1304264 0.001575291 0.01662403 -0.1304265 0.3089418 0.01662403 -0.1304265 0.3089418 -0.01668375 -0.1304264 0.00157535 -0.01668375 -0.1229671 0.06876939 0.009342491 -0.1229672 0.2417477 0.009342491 -0.1229672 0.2417477 -0.009402275 -0.1229671 0.06876945 -0.009402275 -0.130412 0.04732656 -2.98722e-5 -0.09116309 0.04732656 -2.98751e-5 -0.130412 0.01519864 -0.04425007 -0.09116309 0.0151987 -0.04425007 -0.130412 -0.0367853 -0.02735948 -0.09116309 -0.03678524 -0.02735948 -0.130412 -0.0367853 0.0272997 -0.09116309 -0.0367853 0.0272997 -0.130412 0.01519864 0.04419034 -0.09116309 0.01519864 0.04419034 -5.38342e-4 1.84289e-4 -0.3750299 -0.07553827 1.84264e-4 -0.3649818 -0.1304421 1.84247e-4 -0.3375298 -0.1505383 1.8424e-4 -0.3000298 -0.130442 1.84247e-4 -0.2625299 -0.07553827 1.84264e-4 -0.2350779 -5.38304e-4 1.84289e-4 -0.2250299 0.07446163 1.84313e-4 -0.235078 0.1293655 1.84331e-4 -0.2625299 0.1494616 1.84338e-4 -0.3000299 0.1293654 1.84331e-4 -0.3375299 0.07446163 1.84313e-4 -0.3649818 -5.38326e-4 -0.04876297 -0.3718217 -0.07553827 -0.04745149 -0.3618596 -0.130442 -0.0438683 -0.3346425 -0.1505382 -0.03897356 -0.2974633 -0.130442 -0.03407883 -0.2602841 -0.07553827 -0.03049564 -0.233067 -5.38294e-4 -0.0291841 -0.223105 0.07446163 -0.03049558 -0.2330671 0.1293655 -0.03407877 -0.2602842 0.1494616 -0.03897351 -0.2974634 0.1293654 -0.04386824 -0.3346425 0.07446163 -0.04745143 -0.3618596 -5.383e-4 -0.0968728 -0.3622521 -0.07553827 -0.09427219 -0.3525463 -0.130442 -0.08716714 -0.3260298 -0.1505382 -0.07746142 -0.2898076 -0.130442 -0.06775569 -0.2535854 -0.07553821 -0.06065064 -0.2270689 -5.38284e-4 -0.05804997 -0.2173632 0.07446169 -0.06065058 -0.2270689 0.1293655 -0.06775563 -0.2535854 0.1494616 -0.07746136 -0.2898077 0.1293655 -0.08716708 -0.3260299 0.07446163 -0.09427213 -0.3525463 -5.38284e-4 -0.1433219 -0.3464847 -0.07553821 -0.1394767 -0.3372015 -0.130442 -0.1289713 -0.3118392 -0.1505382 -0.1146208 -0.2771937 -0.130442 -0.1002701 -0.2425482 -0.07553821 -0.08976471 -0.217186 -5.38275e-4 -0.08591943 -0.2079027 0.07446169 -0.08976465 -0.217186 0.1293655 -0.10027 -0.2425483 0.1494616 -0.1146206 -0.2771938 0.1293655 -0.1289713 -0.3118393 0.07446169 -0.1394767 -0.3372015 -5.38268e-4 -0.1873157 -0.3247894 -0.07553821 -0.1822917 -0.3160875 -0.130442 -0.1685658 -0.2923134 -0.1505382 -0.1498157 -0.2598375 -0.130442 -0.1310658 -0.2273615 -0.07553821 -0.1173398 -0.2035874 -5.38256e-4 -0.1123157 -0.1948856 0.07446169 -0.1173397 -0.2035875 0.1293655 -0.1310657 -0.2273615 0.1494617 -0.1498157 -0.2598375 0.1293655 -0.1685656 -0.2923135 0.07446169 -0.1822916 -0.3160875 -5.38244e-4 -0.2281011 -0.2975375 -0.07553821 -0.2219843 -0.2895658 -0.130442 -0.2052727 -0.2677866 -0.1505382 -0.1824441 -0.2380359 -0.130442 -0.1596156 -0.2082851 -0.07553821 -0.1429039 -0.186506 -5.38247e-4 -0.136787 -0.1785343 0.07446169 -0.1429038 -0.1865061 0.1293655 -0.1596155 -0.2082852 0.1494617 -0.182444 -0.2380359 0.1293655 -0.2052726 -0.2677867 0.07446169 -0.2219843 -0.2895658 -5.38229e-4 -0.2649807 -0.2651949 -0.07553821 -0.2578757 -0.2580898 -0.130442 -0.2384642 -0.2386783 -0.1505382 -0.2119477 -0.2121618 -0.130442 -0.1854313 -0.1856454 -0.07553821 -0.1660198 -0.1662339 -5.38238e-4 -0.1589147 -0.1591289 0.07446175 -0.1660197 -0.166234 0.1293655 -0.1854312 -0.1856454 0.1494617 -0.2119477 -0.2121619 0.1293655 -0.2384642 -0.2386784 0.07446169 -0.2578756 -0.2580899 -5.38207e-4 -0.2973232 -0.2283154 -0.07553815 -0.2893515 -0.2221986 -0.130442 -0.2675724 -0.2054868 -0.1505382 -0.2378216 -0.1826583 -0.130442 -0.2080709 -0.1598297 -0.07553815 -0.1862919 -0.1431181 -5.38221e-4 -0.1783202 -0.1370012 0.07446175 -0.1862918 -0.1431182 0.1293655 -0.2080708 -0.1598298 0.1494617 -0.2378216 -0.1826584 0.1293655 -0.2675724 -0.2054869 0.07446175 -0.2893514 -0.2221986 -5.38186e-4 -0.3245753 -0.1875298 -0.07553815 -0.3158733 -0.1825058 -0.1304419 -0.2920993 -0.1687798 -0.1505381 -0.2596234 -0.1500298 -0.130442 -0.2271474 -0.1312798 -0.07553815 -0.2033733 -0.1175539 -5.38214e-4 -0.1946714 -0.1125299 0.07446175 -0.2033733 -0.1175539 0.1293655 -0.2271473 -0.1312799 0.1494618 -0.2596233 -0.1500298 0.1293655 -0.2920992 -0.1687799 0.07446175 -0.3158733 -0.1825058 -5.38176e-4 -0.3462705 -0.1435362 -0.07553815 -0.3369873 -0.139691 -0.1304419 -0.311625 -0.1291856 -0.1505381 -0.2769796 -0.1148349 -0.1304419 -0.2423341 -0.1004843 -0.07553815 -0.2169718 -0.08997893 -5.38208e-4 -0.2076886 -0.08613371 0.07446175 -0.2169718 -0.08997899 0.1293656 -0.242334 -0.1004844 0.1494618 -0.2769795 -0.114835 0.1293656 -0.311625 -0.1291856 0.07446175 -0.3369872 -0.139691 -5.38158e-4 -0.3620379 -0.09708702 -0.07553809 -0.3523322 -0.09448635 -0.1304419 -0.3258157 -0.0873813 -0.1505381 -0.2895935 -0.07767558 -0.1304419 -0.2533712 -0.06796985 -0.07553815 -0.2268547 -0.0608648 -5.38194e-4 -0.217149 -0.05826413 0.07446175 -0.2268546 -0.0608648 0.1293656 -0.2533712 -0.06796991 0.1494618 -0.2895934 -0.07767564 0.1293656 -0.3258156 -0.08738136 0.07446181 -0.3523321 -0.09448641 -5.38143e-4 -0.3716075 -0.04897713 -0.07553809 -0.3616455 -0.04766553 -0.1304419 -0.3344284 -0.04408234 -0.1505381 -0.2972492 -0.03918766 -0.1304419 -0.26007 -0.03429293 -0.07553815 -0.2328529 -0.03070974 -5.3819e-4 -0.2228908 -0.0293982 0.07446175 -0.2328529 -0.0307098 0.1293656 -0.2600699 -0.03429299 0.1494618 -0.2972491 -0.03918772 0.1293656 -0.3344283 -0.0440824 0.07446181 -0.3616454 -0.04766559 -5.38129e-4 -0.3748157 -2.99255e-5 -0.07553809 -0.3647676 -2.99081e-5 -0.1304419 -0.3373157 -2.9894e-5 -0.1505381 -0.2998158 -2.98867e-5 -0.1304419 -0.2623158 -2.98883e-5 -0.07553815 -0.2348638 -2.98983e-5 -5.38178e-4 -0.2248157 -2.99141e-5 0.07446175 -0.2348637 -2.99314e-5 0.1293656 -0.2623157 -2.99456e-5 0.1494618 -0.2998157 -2.99529e-5 0.1293656 -0.3373157 -2.99513e-5 0.07446181 -0.3647676 -2.99412e-5 -5.38117e-4 -0.3716075 0.04891747 -0.07553809 -0.3616454 0.04760593 -0.1304419 -0.3344283 0.04402273 -0.1505381 -0.2972492 0.039128 -0.1304419 -0.26007 0.03423327 -0.07553809 -0.2328529 0.03065007 -5.38167e-4 -0.2228907 0.02933847 0.07446181 -0.2328529 0.03065001 0.1293656 -0.2600699 0.03423321 0.1494618 -0.2972491 0.03912794 0.1293656 -0.3344283 0.04402267 0.07446181 -0.3616454 0.04760587 -5.38108e-4 -0.3620379 0.09702718 -0.07553809 -0.3523322 0.09442657 -0.1304419 -0.3258157 0.08732151 -0.150538 -0.2895935 0.07761579 -0.1304419 -0.2533713 0.06791007 -0.07553809 -0.2268548 0.06080502 -5.38167e-4 -0.217149 0.05820435 0.07446181 -0.2268547 0.06080496 0.1293656 -0.2533712 0.06791001 0.1494618 -0.2895934 0.07761573 0.1293656 -0.3258156 0.08732146 0.07446181 -0.3523322 0.09442651 -5.38101e-4 -0.3462705 0.1434764 -0.07553809 -0.3369873 0.1396312 -0.1304419 -0.3116251 0.1291258 -0.150538 -0.2769796 0.1147752 -0.1304419 -0.2423341 0.1004245 -0.07553809 -0.2169718 0.08991914 -5.38159e-4 -0.2076886 0.08607387 0.07446181 -0.2169718 0.08991909 0.1293656 -0.242334 0.1004245 0.1494618 -0.2769795 0.1147751 0.1293656 -0.311625 0.1291257 0.07446181 -0.3369873 0.1396312 -5.38104e-4 -0.3245753 0.18747 -0.07553803 -0.3158734 0.182446 -0.1304419 -0.2920993 0.1687201 -0.150538 -0.2596234 0.1499701 -0.1304419 -0.2271474 0.1312201 -0.07553809 -0.2033733 0.1174941 -5.38161e-4 -0.1946714 0.11247 0.07446181 -0.2033733 0.1174941 0.1293656 -0.2271474 0.13122 0.1494618 -0.2596233 0.14997 0.1293656 -0.2920992 0.16872 0.07446181 -0.3158733 0.182446 -5.38101e-4 -0.2973232 0.2282556 -0.07553803 -0.2893515 0.2221387 -0.1304419 -0.2675725 0.2054271 -0.150538 -0.2378217 0.1825985 -0.1304419 -0.208071 0.15977 -0.07553809 -0.1862919 0.1430583 -5.38165e-4 -0.1783202 0.1369414 0.07446181 -0.1862918 0.1430583 0.1293656 -0.2080709 0.1597699 0.1494618 -0.2378216 0.1825985 0.1293656 -0.2675724 0.205427 0.07446187 -0.2893515 0.2221387 -5.381e-4 -0.2649807 0.2651352 -0.07553803 -0.2578756 0.2580301 -0.1304419 -0.2384642 0.2386187 -0.150538 -0.2119477 0.2121022 -0.1304419 -0.1854312 0.1855857 -0.07553809 -0.1660197 0.1661742 -5.3816e-4 -0.1589147 0.1590691 0.07446181 -0.1660197 0.1661742 0.1293656 -0.1854311 0.1855856 0.1494618 -0.2119476 0.2121021 0.1293656 -0.2384641 0.2386186 0.07446187 -0.2578756 0.2580301 -5.3811e-4 -0.2281012 0.2974776 -0.07553809 -0.2219843 0.2895059 -0.1304419 -0.2052727 0.2677268 -0.1505381 -0.1824442 0.2379761 -0.1304419 -0.1596156 0.2082254 -0.07553809 -0.1429039 0.1864463 -5.38166e-4 -0.136787 0.1784746 0.07446175 -0.1429039 0.1864463 0.1293656 -0.1596155 0.2082253 0.1494618 -0.182444 0.237976 0.1293656 -0.2052726 0.2677268 0.07446187 -0.2219843 0.2895059 -5.38112e-4 -0.1873158 0.3247296 -0.07553809 -0.1822918 0.3160277 -0.1304419 -0.1685658 0.2922537 -0.1505381 -0.1498158 0.2597777 -0.1304419 -0.1310658 0.2273017 -0.07553809 -0.1173398 0.2035277 -5.38173e-4 -0.1123157 0.1948258 0.07446181 -0.1173398 0.2035276 0.1293656 -0.1310657 0.2273017 0.1494618 -0.1498157 0.2597777 0.1293656 -0.1685657 0.2922536 0.07446181 -0.1822917 0.3160277 -5.38125e-4 -0.143322 0.3464249 -0.07553809 -0.1394768 0.3371417 -0.1304419 -0.1289714 0.3117795 -0.1505381 -0.1146208 0.277134 -0.1304419 -0.1002702 0.2424885 -0.07553815 -0.08976477 0.2171262 -5.38172e-4 -0.08591949 0.207843 0.07446181 -0.08976471 0.2171261 0.1293656 -0.10027 0.2424884 0.1494618 -0.1146207 0.277134 0.1293656 -0.1289713 0.3117794 0.07446181 -0.1394767 0.3371417 -5.38139e-4 -0.0968728 0.3621923 -0.07553809 -0.09427219 0.3524866 -0.1304419 -0.08716714 0.3259701 -0.1505381 -0.07746142 0.2897479 -0.1304419 -0.06775569 0.2535257 -0.07553815 -0.06065058 0.2270091 -5.3818e-4 -0.05804991 0.2173034 0.07446175 -0.06065052 0.2270091 0.1293656 -0.06775563 0.2535256 0.1494618 -0.0774613 0.2897478 0.1293656 -0.08716702 0.32597 0.07446181 -0.09427213 0.3524866 -5.38145e-4 -0.04876303 0.3717619 -0.07553809 -0.04745155 0.3617998 -0.1304419 -0.04386836 0.3345828 -0.1505381 -0.03897362 0.2974036 -0.1304419 -0.03407889 0.2602244 -0.07553815 -0.0304957 0.2330073 -5.38189e-4 -0.0291841 0.2230452 0.07446175 -0.03049564 0.2330073 0.1293656 -0.03407877 0.2602244 0.1494618 -0.03897351 0.2974035 0.1293656 -0.04386824 0.3345827 0.07446181 -0.04745149 0.3617998 -5.3816e-4 1.84256e-4 0.3749701 -0.07553809 1.84233e-4 0.364922 -0.1304419 1.84217e-4 0.3374701 -0.1505381 1.84214e-4 0.2999702 -0.1304419 1.84224e-4 0.2624701 -0.07553815 1.84244e-4 0.2350182 -5.38198e-4 1.84269e-4 0.2249701 0.07446175 1.84293e-4 0.2350181 0.1293655 1.84308e-4 0.2624701 0.1494618 1.84312e-4 0.29997 0.1293656 1.84302e-4 0.3374701 0.07446181 1.84281e-4 0.364922 -5.38176e-4 0.04913163 0.3717619 -0.07553815 0.04782009 0.3617998 -0.1304419 0.04423683 0.3345828 -0.1505381 0.0393421 0.2974036 -0.1304419 0.03444737 0.2602244 -0.07553815 0.03086417 0.2330073 -5.38208e-4 0.02955269 0.2230452 0.07446175 0.03086423 0.2330073 0.1293655 0.03444749 0.2602244 0.1494618 0.03934222 0.2974035 0.1293656 0.04423695 0.3345827 0.07446175 0.04782015 0.3617998 -5.38202e-4 0.09724134 0.3621923 -0.07553815 0.09464073 0.3524866 -0.1304419 0.08753561 0.3259701 -0.1505381 0.07782989 0.2897479 -0.130442 0.06812417 0.2535257 -0.07553815 0.06101912 0.2270091 -5.38218e-4 0.05841851 0.2173034 0.07446175 0.06101918 0.2270091 0.1293655 0.06812429 0.2535256 0.1494618 0.07783001 0.2897478 0.1293655 0.08753567 0.32597 0.07446175 0.09464073 0.3524866 -5.38218e-4 0.1436904 0.346425 -0.07553815 0.1398451 0.3371418 -0.130442 0.1293398 0.3117796 -0.1505382 0.1149891 0.277134 -0.130442 0.1006385 0.2424885 -0.07553821 0.09013319 0.2171263 -5.38228e-4 0.08628797 0.207843 0.07446175 0.09013319 0.2171262 0.1293655 0.1006386 0.2424885 0.1494617 0.1149892 0.277134 0.1293655 0.1293398 0.3117795 0.07446175 0.1398452 0.3371418 -5.38234e-4 0.1876842 0.3247297 -0.07553821 0.1826601 0.3160278 -0.130442 0.1689342 0.2922537 -0.1505382 0.1501842 0.2597778 -0.130442 0.1314342 0.2273018 -0.07553821 0.1177082 0.2035278 -5.38246e-4 0.1126842 0.1948258 0.07446169 0.1177083 0.2035277 0.1293655 0.1314343 0.2273017 0.1494617 0.1501843 0.2597777 0.1293655 0.1689342 0.2922537 0.07446169 0.1826602 0.3160278 -5.38258e-4 0.2284698 0.2974776 -0.07553821 0.2223529 0.2895059 -0.130442 0.2056412 0.2677268 -0.1505382 0.1828126 0.2379761 -0.130442 0.1599841 0.2082254 -0.07553821 0.1432725 0.1864463 -5.38255e-4 0.1371556 0.1784746 0.07446169 0.1432725 0.1864463 0.1293655 0.1599842 0.2082253 0.1494617 0.1828128 0.237976 0.1293655 0.2056413 0.2677268 0.07446169 0.2223529 0.2895059 -5.38273e-4 0.2653493 0.2651352 -0.07553821 0.2582442 0.2580301 -0.130442 0.2388327 0.2386187 -0.1505382 0.2123162 0.2121022 -0.130442 0.1857997 0.1855857 -0.07553821 0.1663883 0.1661742 -5.38264e-4 0.1592832 0.1590691 0.07446169 0.1663883 0.1661742 0.1293655 0.1857998 0.1855856 0.1494616 0.2123163 0.2121021 0.1293655 0.2388328 0.2386186 0.07446169 0.2582442 0.2580301 -5.38295e-4 0.2976917 0.2282558 -0.07553827 0.2897199 0.2221389 -0.130442 0.2679409 0.2054272 -0.1505382 0.2381901 0.1825987 -0.130442 0.2084394 0.1597701 -0.07553821 0.1866604 0.1430584 -5.38281e-4 0.1786887 0.1369415 0.07446169 0.1866604 0.1430584 0.1293655 0.2084395 0.15977 0.1494616 0.2381902 0.1825986 0.1293655 0.2679409 0.2054272 0.07446169 0.28972 0.2221388 -5.38316e-4 0.3249439 0.18747 -0.07553827 0.3162419 0.182446 -0.130442 0.2924678 0.1687201 -0.1505382 0.2599919 0.1499701 -0.130442 0.2275159 0.1312201 -0.07553827 0.2037419 0.1174941 -5.38288e-4 0.19504 0.11247 0.07446163 0.2037419 0.1174941 0.1293655 0.227516 0.13122 0.1494616 0.259992 0.14997 0.1293655 0.2924679 0.16872 0.07446163 0.316242 0.182446 -5.38326e-4 0.3466391 0.1434764 -0.07553827 0.3373558 0.1396312 -0.130442 0.3119936 0.1291258 -0.1505382 0.2773481 0.1147752 -0.130442 0.2427026 0.1004245 -0.07553827 0.2173404 0.08991914 -5.38294e-4 0.2080571 0.08607387 0.07446163 0.2173404 0.08991909 0.1293655 0.2427027 0.1004245 0.1494616 0.2773482 0.1147751 0.1293654 0.3119937 0.1291257 0.07446163 0.3373559 0.1396312 -5.38344e-4 0.3624064 0.09702736 -0.07553827 0.3527007 0.09442669 -0.1304421 0.3261842 0.08732163 -0.1505382 0.2899619 0.07761591 -0.130442 0.2537398 0.06791019 -0.07553827 0.2272232 0.06080508 -5.38309e-4 0.2175176 0.05820441 0.07446163 0.2272233 0.06080508 0.1293654 0.2537398 0.06791013 0.1494616 0.2899621 0.07761585 0.1293654 0.3261842 0.08732157 0.07446163 0.3527007 0.09442669 -5.3836e-4 0.3719761 0.04891765 -0.07553833 0.3620139 0.04760611 -0.1304421 0.3347969 0.04402291 -0.1505383 0.2976177 0.03912812 -0.1304421 0.2604385 0.03423339 -0.07553827 0.2332214 0.03065019 -5.38313e-4 0.2232593 0.02933859 0.07446163 0.2332215 0.03065013 0.1293654 0.2604386 0.03423333 0.1494616 0.2976178 0.03912806 0.1293654 0.3347969 0.04402285 0.07446163 0.362014 0.04760605 -5.38373e-4 0.3751842 -2.99255e-5 -0.07553833 0.3651362 -2.99081e-5 -0.1304421 0.3376842 -2.9894e-5 -0.1505383 0.3001842 -2.98867e-5 -0.1304421 0.2626842 -2.98883e-5 -0.07553827 0.2352323 -2.98983e-5 -5.38324e-4 0.2251843 -2.99141e-5 0.07446163 0.2352324 -2.99314e-5 0.1293654 0.2626843 -2.99456e-5 0.1494616 0.3001843 -2.99529e-5 0.1293654 0.3376843 -2.99513e-5 0.07446157 0.3651362 -2.99412e-5 -5.38385e-4 0.3719761 -0.04897713 -0.07553833 0.3620139 -0.04766553 -0.1304421 0.3347969 -0.04408234 -0.1505383 0.2976177 -0.03918766 -0.1304421 0.2604385 -0.03429293 -0.07553827 0.2332215 -0.03070974 -5.38335e-4 0.2232594 -0.0293982 0.07446157 0.2332215 -0.0307098 0.1293654 0.2604386 -0.03429299 0.1494616 0.2976178 -0.03918772 0.1293654 0.334797 -0.0440824 0.07446157 0.362014 -0.04766559 -5.38394e-4 0.3624065 -0.09708684 -0.07553833 0.3527007 -0.09448617 -0.1304422 0.3261843 -0.08738112 -0.1505383 0.289962 -0.0776754 -0.1304421 0.2537398 -0.06796973 -0.07553827 0.2272233 -0.06086468 -5.38335e-4 0.2175176 -0.05826407 0.07446157 0.2272233 -0.06086468 0.1293654 0.2537398 -0.06796979 0.1494616 0.2899621 -0.07767552 0.1293653 0.3261843 -0.08738118 0.07446157 0.3527008 -0.09448623 -5.38402e-4 0.346639 -0.1435362 -0.07553833 0.3373558 -0.139691 -0.1304421 0.3119935 -0.1291856 -0.1505383 0.2773481 -0.1148349 -0.1304421 0.2427026 -0.1004843 -0.07553827 0.2173403 -0.08997893 -5.38343e-4 0.2080571 -0.08613371 0.07446163 0.2173404 -0.08997899 0.1293654 0.2427027 -0.1004844 0.1494616 0.2773482 -0.114835 0.1293654 0.3119936 -0.1291856 0.07446157 0.3373559 -0.139691 -5.38398e-4 0.3249438 -0.1875298 -0.07553833 0.3162419 -0.1825058 -0.1304421 0.2924678 -0.1687798 -0.1505383 0.2599918 -0.1500298 -0.1304421 0.2275159 -0.1312798 -0.07553827 0.2037419 -0.1175539 -5.38341e-4 0.19504 -0.1125299 0.07446163 0.2037419 -0.1175539 0.1293654 0.227516 -0.1312799 0.1494616 0.259992 -0.1500298 0.1293653 0.2924679 -0.1687799 0.07446157 0.3162419 -0.1825058 -5.38401e-4 0.2976918 -0.2283153 -0.07553833 0.2897201 -0.2221984 -0.1304422 0.2679411 -0.2054867 -0.1505383 0.2381902 -0.1826582 -0.1304421 0.2084395 -0.1598296 -0.07553833 0.1866605 -0.143118 -5.38337e-4 0.1786888 -0.1370012 0.07446163 0.1866605 -0.143118 0.1293654 0.2084396 -0.1598297 0.1494616 0.2381904 -0.1826583 0.1293653 0.2679411 -0.2054868 0.07446157 0.2897202 -0.2221984 -5.38402e-4 0.2653495 -0.2651948 -0.07553833 0.2582443 -0.2580897 -0.1304421 0.2388329 -0.2386782 -0.1505383 0.2123164 -0.2121617 -0.1304421 0.1857998 -0.1856452 -0.07553827 0.1663884 -0.1662338 -5.38342e-4 0.1592834 -0.1591288 0.07446163 0.1663885 -0.1662339 0.1293654 0.1858 -0.1856454 0.1494616 0.2123165 -0.2121618 0.1293653 0.238833 -0.2386783 0.07446157 0.2582444 -0.2580897 -5.38393e-4 0.2284697 -0.2975375 -0.07553833 0.2223528 -0.2895658 -0.1304422 0.2056412 -0.2677866 -0.1505383 0.1828126 -0.2380359 -0.1304421 0.1599841 -0.2082851 -0.07553827 0.1432724 -0.186506 -5.38336e-4 0.1371555 -0.1785343 0.07446163 0.1432725 -0.1865061 0.1293654 0.1599841 -0.2082852 0.1494616 0.1828127 -0.2380359 0.1293653 0.2056412 -0.2677867 0.07446157 0.2223529 -0.2895658 -5.3839e-4 0.1876843 -0.3247894 -0.07553833 0.1826602 -0.3160875 -0.1304421 0.1689342 -0.2923134 -0.1505383 0.1501842 -0.2598375 -0.1304421 0.1314343 -0.2273615 -0.07553827 0.1177083 -0.2035874 -5.38329e-4 0.1126843 -0.1948856 0.07446163 0.1177083 -0.2035875 0.1293654 0.1314343 -0.2273615 0.1494616 0.1501843 -0.2598375 0.1293654 0.1689344 -0.2923135 0.07446157 0.1826603 -0.3160875 -5.38378e-4 0.1436907 -0.3464847 -0.07553833 0.1398454 -0.3372014 -0.1304421 0.12934 -0.3118392 -0.1505383 0.1149893 -0.2771937 -0.1304421 0.1006387 -0.2425482 -0.07553827 0.09013336 -0.2171859 -5.38331e-4 0.08628815 -0.2079027 0.07446163 0.09013336 -0.217186 0.1293654 0.1006388 -0.2425482 0.1494616 0.1149895 -0.2771937 0.1293654 0.1293401 -0.3118392 0.07446157 0.1398454 -0.3372014 -5.38364e-4 0.09724128 -0.3622521 -0.07553833 0.09464061 -0.3525463 -0.1304421 0.08753556 -0.3260298 -0.1505383 0.07782983 -0.2898076 -0.1304421 0.06812417 -0.2535854 -0.07553827 0.06101912 -0.2270689 -5.38322e-4 0.05841851 -0.2173632 0.07446163 0.06101918 -0.2270689 0.1293654 0.06812423 -0.2535855 0.1494616 0.07782995 -0.2898077 0.1293654 0.08753567 -0.3260299 0.07446157 0.09464067 -0.3525463 -5.38358e-4 0.04913157 -0.3718217 -0.07553833 0.04782003 -0.3618596 -0.1304421 0.04423683 -0.3346425 -0.1505383 0.03934204 -0.2974633 -0.1304421 0.03444731 -0.2602841 -0.07553827 0.03086417 -0.233067 -5.38313e-4 0.02955263 -0.223105 0.07446163 0.03086423 -0.2330671 0.1293654 0.03444743 -0.2602842 0.1494616 0.03934216 -0.2974634 0.1293654 0.04423689 -0.3346425 0.07446163 0.04782009 -0.3618596 0.1271529 0.2890403 -2.99068e-5 0.1271529 0.2835025 -0.05625677 0.1271529 0.2671017 -0.110323 0.1271529 0.2404683 -0.1601505 0.1271529 0.2046257 -0.2038248 0.127153 0.1609514 -0.2396674 0.127153 0.1111238 -0.2663009 0.127153 0.05705761 -0.2827016 0.1271531 8.30743e-4 -0.2882395 0.1271531 -0.05539613 -0.2827016 0.1271532 -0.1094623 -0.2663009 0.1271532 -0.1592899 -0.2396674 0.1271532 -0.2029642 -0.2038248 0.1271532 -0.2388067 -0.1601505 0.1271533 -0.2654402 -0.110323 0.1271533 -0.281841 -0.05625677 0.1271533 -0.2873789 -2.99068e-5 0.1271533 -0.281841 0.05619698 0.1271533 -0.2654402 0.1102631 0.1271533 -0.2388067 0.1600908 0.1271532 -0.2029642 0.203765 0.1271532 -0.1592899 0.2396076 0.1271532 -0.1094623 0.2662411 0.1271532 -0.05539613 0.2826418 0.1271531 8.30743e-4 0.2881797 0.1271531 0.05705761 0.2826418 0.127153 0.1111238 0.2662411 0.127153 0.1609514 0.2396076 0.127153 0.2046257 0.203765 0.1271529 0.2404683 0.1600908 0.1271529 0.2671017 0.1102631 0.1271529 0.2835025 0.05619698 0.1035467 0.234482 0.0464462 0.1035467 0.2209254 0.09113627 0.1035467 0.1989107 0.1323229 0.1035468 0.1692839 0.1684232 0.1035468 0.1331835 0.19805 0.1035469 0.0919969 0.2200648 0.1035469 0.04730683 0.2336213 0.1035469 8.30728e-4 0.2381988 0.1035469 -0.04564535 0.2336213 0.103547 -0.09033548 0.2200648 0.103547 -0.1315221 0.19805 0.103547 -0.1676224 0.1684232 0.103547 -0.1972492 0.1323229 0.103547 -0.2192639 0.09113627 0.103547 -0.2328205 0.0464462 0.103547 -0.237398 -2.9905e-5 0.103547 -0.2328205 -0.04650598 0.103547 -0.2192639 -0.09119611 0.103547 -0.1972492 -0.1323827 0.103547 -0.1676224 -0.168483 0.103547 -0.1315221 -0.1981099 0.1035469 -0.09033548 -0.2201246 0.1035469 -0.04564535 -0.2336812 0.1035469 8.30728e-4 -0.2382587 0.1035469 0.04730683 -0.2336812 0.1035468 0.0919969 -0.2201246 0.1035468 0.1331835 -0.1981099 0.1035467 0.1692839 -0.168483 0.1035467 0.1989107 -0.1323827 0.1035467 0.2209254 -0.09119611 0.1035467 0.2390595 -2.9905e-5 0.1035467 0.234482 -0.04650598 0.09916496 0.2344819 -0.04650598 0.09916496 0.2390595 -2.99047e-5 0.09916496 0.2209254 -0.09119611 0.09916496 0.1989107 -0.1323827 0.09916496 0.1692839 -0.168483 0.09916502 0.1331835 -0.1981099 0.09916502 0.0919969 -0.2201246 0.09916508 0.04730683 -0.2336812 0.09916508 8.30725e-4 -0.2382587 0.09916514 -0.04564535 -0.2336812 0.09916514 -0.09033548 -0.2201246 0.0991652 -0.1315221 -0.1981099 0.0991652 -0.1676224 -0.168483 0.0991652 -0.1972492 -0.1323827 0.09916526 -0.2192639 -0.09119611 0.09916526 -0.2328205 -0.04650598 0.09916526 -0.237398 -2.99047e-5 0.09916526 -0.2328205 0.0464462 0.09916526 -0.2192639 0.09113627 0.09916526 -0.1972492 0.1323229 0.0991652 -0.1676224 0.1684232 0.0991652 -0.1315221 0.19805 0.09916514 -0.09033548 0.2200648 0.09916514 -0.04564535 0.2336213 0.09916514 8.30725e-4 0.2381988 0.09916508 0.04730683 0.2336213 0.09916508 0.0919969 0.2200648 0.09916502 0.1331835 0.19805 0.09916496 0.1692839 0.1684232 0.09916496 0.1989107 0.1323229 0.09916496 0.2209254 0.09113627 0.09916496 0.2344819 0.0464462 0.1271529 0.2581659 -0.05121701 0.1021601 0.234482 -0.04650598 0.1021601 0.2390595 -2.99049e-5 0.1271529 0.2632074 -2.99068e-5 0.1271529 0.2432351 -0.1004371 0.1021601 0.2209254 -0.09119611 0.1271529 0.2189889 -0.1457985 0.1021601 0.1989107 -0.1323827 0.1271529 0.186359 -0.1855581 0.1021601 0.1692839 -0.168483 0.127153 0.1465994 -0.2181881 0.1021602 0.1331835 -0.1981099 0.127153 0.1012379 -0.2424343 0.1021602 0.0919969 -0.2201246 0.127153 0.05201786 -0.2573651 0.1021602 0.04730683 -0.2336812 0.1271531 8.30743e-4 -0.2624065 0.1021602 8.30727e-4 -0.2382587 0.1271531 -0.05035638 -0.2573651 0.1021603 -0.04564535 -0.2336812 0.1271532 -0.09957647 -0.2424343 0.1021603 -0.09033548 -0.2201246 0.1271532 -0.1449379 -0.2181881 0.1021603 -0.1315221 -0.1981099 0.1271532 -0.1846975 -0.1855581 0.1021603 -0.1676224 -0.168483 0.1271532 -0.2173274 -0.1457985 0.1021603 -0.1972492 -0.1323827 0.1271533 -0.2415736 -0.1004371 0.1021604 -0.2192639 -0.09119611 0.1271533 -0.2565044 -0.05121701 0.1021604 -0.2328205 -0.04650598 0.1271533 -0.2615459 -2.99068e-5 0.1021604 -0.237398 -2.99049e-5 0.1271533 -0.2565044 0.05115723 0.1021604 -0.2328205 0.0464462 0.1271533 -0.2415736 0.1003773 0.1021604 -0.2192639 0.09113627 0.1271532 -0.2173274 0.1457387 0.1021604 -0.1972492 0.1323229 0.1271532 -0.1846975 0.1854984 0.1021603 -0.1676224 0.1684232 0.1271532 -0.1449379 0.2181283 0.1021603 -0.1315221 0.19805 0.1271532 -0.09957647 0.2423745 0.1021603 -0.09033548 0.2200648 0.1271532 -0.05035638 0.2573053 0.1021603 -0.04564535 0.2336213 0.1271531 8.30743e-4 0.2623468 0.1021603 8.30727e-4 0.2381988 0.1271531 0.05201786 0.2573053 0.1021602 0.04730683 0.2336213 0.127153 0.1012379 0.2423745 0.1021602 0.0919969 0.2200648 0.127153 0.1465994 0.2181283 0.1021602 0.1331835 0.19805 0.127153 0.186359 0.1854984 0.1021602 0.1692839 0.1684232 0.127153 0.2189889 0.1457387 0.1021601 0.1989107 0.1323229 0.1271529 0.2432351 0.1003773 0.1021601 0.2209254 0.09113627 0.1271529 0.2581659 0.05115723 0.1021601 0.234482 0.0464462 0.1271532 -0.06485307 0.2320177 0.1271532 -0.08268046 0.2262252 0.1271531 -0.0113998 0.06750553 0.1271531 -0.02922719 0.06171303 0.08575195 0.01628935 0.005850255 0.08575201 -0.07869207 0.2981732 0.08575206 -0.1103697 0.2878805 0.08575195 -0.01538819 -0.004442393 0.1271531 0.01628941 0.005850195 0.1271532 -0.07869201 0.2981732 0.1271532 -0.1103697 0.2878805 0.1271531 -0.01538819 -0.004442393 0.1196939 -0.0113998 0.06750553 0.1196939 -0.06485307 0.2320177 0.1196939 -0.08268046 0.2262252 0.1196939 -0.02922719 0.06171303 0.127153 0.2003168 0.1333511 0.127153 0.1892988 0.1485159 0.127153 0.06037431 0.031677 0.127153 0.0493564 0.04684185 0.08575195 0.01029312 -0.01370954 0.08575177 0.2589579 0.166956 0.08575183 0.23938 0.1939026 0.08575195 -0.009284675 0.01323705 0.1271531 0.01029312 -0.01370954 0.1271529 0.2589579 0.1669559 0.1271529 0.23938 0.1939025 0.1271531 -0.009284675 0.01323705 0.1196938 0.06037431 0.031677 0.1196937 0.2003168 0.1333511 0.1196937 0.1892988 0.1485159 0.1196938 0.0493564 0.04684185 0.1271529 0.1878836 -0.1506004 0.1271529 0.1989015 -0.1354356 0.127153 0.0479412 -0.04892629 0.127153 0.05895912 -0.03376138 0.08575195 -0.01069986 -0.01532143 0.08575177 0.2379647 -0.195987 0.08575177 0.2575426 -0.1690404 0.08575195 0.008877933 0.01162511 0.1271531 -0.0106998 -0.01532143 0.1271529 0.2379648 -0.195987 0.1271529 0.2575426 -0.1690405 0.1271531 0.008877992 0.01162511 0.1196938 0.0479412 -0.04892629 0.1196937 0.1878836 -0.1506004 0.1196937 0.1989015 -0.1354356 0.1196938 0.05895912 -0.03376138 0.1271532 -0.08257371 -0.2257254 0.1271531 -0.06474632 -0.2315179 0.1271531 -0.02912038 -0.06121331 0.1271531 -0.01129299 -0.06700581 0.08575195 -0.01528137 0.004942119 0.08575201 -0.1102631 -0.2873806 0.08575201 -0.07858538 -0.2976734 0.08575195 0.01639616 -0.00535053 0.1271531 -0.01528137 0.004942119 0.1271532 -0.110263 -0.2873806 0.1271531 -0.07858538 -0.2976734 0.1271531 0.01639622 -0.00535053 0.1196939 -0.02912038 -0.06121331 0.1196939 -0.08257371 -0.2257254 0.1196939 -0.06474637 -0.2315179 0.1196939 -0.01129299 -0.06700581 0.1271533 -0.2400863 0.009342491 0.1271533 -0.2400863 -0.009402275 0.1271532 -0.06710797 0.009342491 0.1271531 -0.06710803 -0.009402275 0.08575195 8.60271e-5 0.01662397 0.08575218 -0.3072804 0.01662397 0.08575212 -0.3072804 -0.01668375 0.08575195 8.60185e-5 -0.01668381 0.1271531 8.60535e-5 0.01662397 0.1271533 -0.3072804 0.01662397 0.1271533 -0.3072804 -0.01668375 0.1271531 8.60449e-5 -0.01668381 0.1196939 -0.06710803 0.009342491 0.119694 -0.2400863 0.009342491 0.119694 -0.2400863 -0.009402275 0.1196939 -0.06710803 -0.009402275 0.1271387 -0.04566514 -2.98916e-5 0.08788985 -0.04566514 -2.98887e-5 0.1271387 -0.01353728 -0.04425013 0.08788979 -0.01353728 -0.04425007 0.1271387 0.03844666 -0.02735948 0.08788979 0.03844666 -0.02735948 0.1271387 0.03844672 0.02729964 0.08788979 0.03844666 0.02729964 0.1271387 -0.01353722 0.04419028 0.08788985 -0.01353728 0.04419028</float_array>
          <technique_common>
            <accessor source="#Circle_008-mesh-positions-array" count="1076" stride="3">
              <param name="X" type="float"/>
              <param name="Y" type="float"/>
              <param name="Z" type="float"/>
            </accessor>
          </technique_common>
        </source>
        <source id="Circle_008-mesh-normals">
          <float_array id="Circle_008-mesh-normals-array" count="3219">0.3830956 0.3534877 -0.8533957 -0.02322918 -0.1353217 0.9905294 0.3831009 0.1802065 -0.9059577 0.383101 -0.8533934 -0.3534873 0 -0.8802502 -0.4745098 0.3831044 -0.9059565 -0.1802049 0.3830978 -0.9237079 1.97248e-7 0 -0.8858315 -0.464007 0.3831043 -0.9059562 0.1802066 0.3830992 -0.6531589 -0.6531605 0 -0.6167458 -0.7871624 0.3831011 -0.7680336 -0.5131843 0.01465106 -0.5220623 -0.8527817 0 0.8060464 0.5918523 0.3831011 -0.353488 -0.8533933 0.3831025 -0.513183 -0.7680336 0.3831044 -0.1802058 -0.9059563 0.9329944 -0.2167586 -0.287293 0.3831003 5.22639e-7 -0.9237067 0 -0.03537607 -0.9993742 0.9292082 0.07209724 -0.3624559 1 4.79594e-7 0 1 4.00739e-7 -4.8819e-7 -0.07158136 0.735336 -0.6739118 0.383104 0.5131837 -0.7680326 0.1900365 0.6353049 -0.7485144 0.3831005 0.6531593 -0.6531592 0 0.7287153 -0.6848168 0.3830972 0.7680353 -0.5131846 0 0.9813646 -0.1921553 0.3831009 0.8533933 -0.353488 0 0.9315777 0.3635425 0.3831044 0.9059563 -0.1802067 0 0.8826184 0.4700902 0.3831008 0.9237065 2.9901e-7 0 -0.9909349 0.1343432 0.3831011 0.9059576 0.1802069 0 0.9884556 0.151511 0.3830974 0.8533951 0.3534874 0 -0.9981304 -0.06112033 0.3831006 0.7680348 0.5131827 0 0.9634855 0.2677606 0.3831006 0.6531608 0.6531578 0 0.7819575 0.6233318 0.3831027 0.5131826 0.7680339 0 -0.7634639 -0.6458505 0.7405087 0.321811 0.5899869 0 -0.7808689 0.6246951 0.3831018 0.3534861 0.8533937 0.006709158 0.1951686 0.9807469 0.3831014 1.01136e-6 0.9237063 0.3830988 0.180207 0.9059585 0.3830992 -0.1802052 0.9059587 0.3083049 -0.2162179 -0.9263898 0.8140922 -0.2358591 0.5306831 0 0.8320503 0.5547002 0.3831015 -0.3534865 0.8533936 0.005696237 -0.654476 0.7560613 0.3831044 -0.6531575 0.6531588 0.3831024 -0.5131832 0.7680336 0.3831009 -0.7680336 0.5131844 0 -0.8244008 0.5660066 0.3830977 -0.8533945 0.3534882 0 -0.9815288 0.1913149 0 -0.9668057 -0.2555129 0.6856833 -1.83436e-7 0.7279001 0.6856707 -0.7279119 0 0.6856887 2.04686e-7 -0.727895 0 -0.4578652 -0.8890217 0.6856907 0.1420049 -0.7139068 0.9292082 0.1414237 0.3414258 1 0 0 0.9292084 0.07209688 0.3624555 1 5.51307e-7 -4.35518e-7 0.9292082 0.1414234 -0.3414257 1 3.92964e-7 0 0.929209 1.53254e-7 0.3695546 1 6.89588e-7 -3.34233e-7 0.9292088 0.2053142 -0.3072736 0.9292088 -0.07209634 0.3624545 1 6.34152e-7 -4.78909e-7 1 9.31099e-7 -1.86447e-7 0.9292088 0.261315 -0.2613148 0.9292083 -0.1414229 0.3414256 1 4.80887e-7 -4.31501e-7 0.9292082 0.3072751 -0.2053146 1 1.2292e-7 0 1 3.20599e-7 -4.07853e-7 0.9292088 -0.2053141 0.3072741 0.9292086 0.3414251 -0.1414227 1 0 0 0.9292091 -0.3624535 -0.07209634 1 0 0 1 4.91679e-7 0 1 6.59113e-7 0 0.9292097 -0.2613134 0.2613136 0.9292085 0.362455 -0.07209676 1 0 0 0.9292084 -0.3414257 -0.1414233 1 3.20591e-7 -2.44845e-7 0.9292084 -0.3072747 0.2053147 1 6.41182e-7 -2.1029e-7 1 0 0 0.9292091 0.3695545 -4.17618e-7 1 0 -2.31624e-7 0.9292087 -0.307274 -0.2053141 1 0 0 0.9292084 -0.3414253 0.1414232 0.9292082 0.3624559 0.07209688 1 6.41183e-7 0 1 4.6555e-7 -1.9919e-7 0.9292092 -0.2613143 -0.2613145 0.9292091 -0.3624539 0.07209634 1 3.16477e-7 -1.36262e-7 0.9292082 0.3414257 0.1414231 0.9292087 -0.205314 -0.3072741 1 4.17378e-7 -1.45381e-7 0.9292089 -0.3695551 0 1 -1.84379e-7 -2.31624e-7 0.9292086 0.3072743 0.205314 0.9292085 -0.1414228 -0.3414256 1 4.43518e-7 0 1 1.2292e-7 -1.98811e-7 0.9292086 0.2613154 0.2613152 0.9292086 -0.07209658 -0.3624548 1 0 0 1 1.71314e-7 -1.56503e-7 0.9292095 0.2053132 0.3072723 0.9292093 2.60532e-7 -0.3695541 1 4.80888e-7 0 0 -0.7088086 -0.7054009 0.6856909 -0.4043958 0.6052207 0.6856738 -0.5147095 0.5147092 0.6856968 0.2785505 -0.6724801 0.6856992 -0.6052145 0.4043911 0.6856727 0.7279101 2.84482e-7 0.6856985 0.4043927 -0.6052141 0.6856966 -0.6724807 0.2785497 0.685693 0.7139046 0.1420049 0.6856715 0.5147115 -0.5147104 0.6856963 -0.7139016 0.1420038 0.6856964 0.6724805 0.2785508 0.6856999 0.6052133 -0.4043916 0.6856983 0.605215 0.4043917 0.6856915 0.6724851 -0.2785516 0.6856922 -0.6724841 -0.2785524 0.6857025 -0.7138959 -0.1420034 0.68567 0.5147116 0.5147124 0.6856977 0.7139004 -0.142003 0.685697 -0.605216 -0.4043926 0.6856952 0.2785521 0.6724811 0.6857016 0.4043905 0.6052121 0.6856906 0.1420049 0.7139069 0.6856968 -0.4043917 -0.6052167 0.6856737 -0.5147101 -0.5147088 0.6856971 -0.2785497 -0.6724803 0.6856986 -0.2785491 0.6724788 0.6857016 -0.1420031 0.7138967 0.6856928 -0.142004 -0.713905 0.9045362 0.3799288 0.193568 0.577351 0.3706879 -0.7275001 0.9045376 0.1935883 -0.3799151 -0.5773451 -0.7274992 -0.3706988 -0.577346 0.7274985 0.3706986 -0.5773505 0.3706815 -0.7275037 0.5773138 0.3706781 -0.7275346 0.5773543 -0.7275013 -0.3706804 -0.57735 -0.3706821 0.7275038 0.5773535 0.7275019 0.3706805 0.5773134 -0.3706781 0.7275348 0.9045338 -0.3799265 -0.1935831 0.9045314 -0.1935905 0.3799287 0.5773625 -0.3706969 0.7274864 0.5773527 0.7275021 0.3706812 0.5773571 -0.7275118 -0.3706554 0.9045317 -0.06669944 0.4211575 0.5773568 0.8064354 0.127754 0.9045338 0.4211527 0.06670331 -0.5773541 0.8064415 0.1277282 -0.5773536 -0.8064419 -0.1277277 -0.5773419 -0.127746 0.8064474 0.5773128 0.806473 0.1277158 -0.5773423 0.1277462 -0.8064472 0.5773137 -0.8064724 -0.1277154 0.5773538 0.127728 -0.8064417 0.5773538 -0.1277279 0.8064417 0.9045373 0.0666927 -0.4211467 0.9045368 -0.4211437 -0.06671726 0.5773509 0.1277223 -0.8064446 0.5773643 -0.1277051 0.8064379 0.5773497 -0.8064447 -0.1277274 0.9045351 -0.4211474 0.06671702 0.5773604 0.1276982 0.8064417 0.9045336 0.0667048 0.4211525 -0.5773539 0.1277275 0.8064418 -0.5773454 -0.1277455 -0.8064449 -0.5773499 -0.8064445 0.1277282 0.5773138 0.127749 0.8064671 -0.5773422 0.8064526 -0.1277114 0.5773533 0.8064421 -0.1277275 0.5773456 -0.8064503 0.1277112 0.5773207 -0.127731 -0.8064649 0.904532 -0.0666992 -0.421157 0.9045377 0.4211422 -0.06671333 0.5773633 -0.1277052 -0.8064385 0.5773504 -0.8064442 0.1277273 0.5773468 0.8064455 -0.1277357 0.9045317 -0.1935871 -0.3799297 0.5773507 -0.7275068 0.370675 0.9045377 -0.3799242 0.1935694 -0.5773451 -0.7274998 0.3706975 -0.5773461 0.7274987 -0.3706983 -0.5773501 -0.3706817 -0.7275039 0.5773454 0.3706675 0.7275149 0.5773221 -0.7275219 0.3706901 0.5773535 0.7275021 -0.3706799 -0.5773496 0.3706817 0.7275044 0.5773129 -0.370678 -0.7275354 0.9045376 0.3799248 -0.193569 0.9045318 0.1935894 0.3799281 0.5773532 0.7275054 -0.3706739 0.5773593 -0.3706961 -0.7274892 0.5773602 0.3706966 0.7274885 0.9045318 0.3015122 -0.3015173 0.5773611 -0.5773255 -0.5773643 0.9045338 -0.3015117 -0.301512 -0.5773537 -0.5773486 -0.5773487 -0.577354 0.5773482 0.5773487 -0.5773423 0.5773665 -0.577342 0.5773461 -0.5773647 -0.57734 -0.5773417 -0.5773664 0.5773427 0.5773133 0.5773806 0.5773569 0.5773208 -0.577365 0.5773651 0.5773537 0.5773482 -0.5773489 0.9045373 -0.3014987 0.3015145 0.9045357 0.301499 0.3015189 0.577354 0.5773488 0.577348 0.5773597 0.5773309 -0.5773602 0.5773476 -0.5773469 0.5773564 0.5957012 0.8032062 1.78942e-7 -0.5957068 0.2482106 -0.7638881 -0.595702 0.8032057 3.64079e-7 0.5956969 0.2481984 -0.7638997 -0.5956968 -0.6498055 -0.4721209 0.5956874 -0.64982 -0.4721129 -0.5956868 -0.6498208 0.4721124 0.5956875 -0.6498113 0.4721247 -0.5956822 0.2482082 0.7639081 -1.39846e-7 0 -1 -0.2921 -0.1248336 -0.9482058 -0.2921019 0 -0.9563873 -0.6907823 -0.09437859 -0.7168769 -0.6907922 -2.79657e-7 -0.7230533 -0.9998063 -0.002569019 -0.01951265 -0.9998068 -4.19525e-7 -0.01965433 -0.7033923 0.09277814 0.7047209 -0.7033889 -2.11075e-7 0.7108052 -0.2959461 0.1246791 0.9470328 -0.2959505 0 0.9552033 1.68839e-6 0.130527 0.9914448 -9.99778e-7 7.01693e-7 1 0.2959484 -8.73856e-7 0.955204 0.7033908 0.09278017 0.7047221 0.7033924 1.24662e-7 0.7108018 0.9998068 -0.002565443 -0.01948928 0.9998063 3.16904e-7 -0.01968097 0.6907851 -0.09437793 -0.7168743 0.6907876 2.28756e-7 -0.7230578 0.2921007 4.14637e-7 -0.9563876 0.2920994 -0.1248335 -0.948206 0 -0.1305264 -0.9914449 -0.2920997 -0.2475313 -0.9237998 -0.6907888 -0.1871417 -0.6984188 -0.9998068 -0.005087494 -0.01898485 -0.7033862 0.1839708 0.6865876 -0.2959482 0.2472258 0.922656 1.6216e-7 0.2588194 0.9659258 0.2959485 0.1246784 0.9470321 0.7033894 0.1839698 0.6865847 0.9998064 -0.005091786 -0.01900553 0.2921013 -0.2475311 -0.9237994 0 -0.258819 -0.9659259 0 -0.3826834 -0.9238796 -0.2921001 -0.3659937 -0.8835871 -0.9998066 -0.007527232 -0.01817327 -0.7033977 0.2720098 0.6566904 -0.2959482 0.3655413 0.8824933 0 0.3826835 0.9238795 0.2959486 0.2472241 0.9226564 0.2959485 0.3655397 0.8824939 0.7033925 0.2720121 0.6566951 0.6907867 -0.2767012 -0.6680197 0.6907879 -0.1871406 -0.6984201 0.2921 -0.3659935 -0.8835873 2.29059e-7 -0.5 -0.8660256 -0.292101 -0.4781938 -0.8282559 -0.6907871 -0.2767034 -0.6680183 -0.9998064 -0.009839415 -0.01704138 -0.2959485 0.4776024 0.8272308 -1.48807e-6 0.4999996 0.8660258 0.7033891 0.3554026 0.6155752 0.9998067 -0.009832918 -0.01703 0.9998066 -0.007527351 -0.01817262 0.6907867 -0.3615284 -0.6261878 0.2920999 -0.4781938 -0.8282563 -0.2920994 -0.5822124 -0.7587534 -0.690784 -0.440172 -0.5736429 -0.6907884 -0.3615286 -0.6261857 -0.9998066 -0.01197385 -0.01560258 -0.7033908 0.3554016 0.6155738 -0.2959485 0.581492 0.7578138 0.2959485 0.5814923 0.7578135 0.2959461 0.4776024 0.8272315 0.7033949 0.4327069 0.5639153 0.6907837 -0.4401715 -0.5736435 0.2920993 -0.582212 -0.7587537 2.33881e-7 -0.7071068 -0.7071068 3.85783e-7 -0.6087613 -0.7933534 -0.2921009 -0.6762683 -0.6762679 -0.6907869 -0.5112804 -0.5112788 -0.9998066 -0.01390814 -0.01390641 -0.7033879 0.4327116 0.5639204 -0.7033907 0.5026146 0.5026133 -0.2959508 0.6754307 0.6754306 -1.43083e-7 0.6087602 0.7933543 0.2959484 0.6754324 0.6754299 0.9998069 -0.01389974 -0.01389968 0.9998066 -0.01197469 -0.01560539 0.6907918 -0.5112761 -0.5112764 0.2921013 -0.6762679 -0.6762682 -0.2921007 -0.7587534 -0.5822119 -0.6907916 -0.5736374 -0.4401672 -0.9998068 -0.0155937 -0.01196444 -0.7033889 0.5639195 0.4327111 1.18283e-6 0.7933527 0.6087623 -1.48804e-6 0.707106 0.7071076 0.2959481 0.757815 0.5814905 0.7033889 0.5639199 0.4327106 0.703388 0.5026166 0.5026152 0.9998067 -0.01560038 -0.01197224 0.690784 -0.573643 -0.440172 0.2920998 -0.7587531 -0.5822126 1.73602e-7 -0.7933532 -0.6087616 -0.2920993 -0.8282564 -0.4781938 -0.6907821 -0.626191 -0.3615313 -0.9998064 -0.01704233 -0.009838998 -0.7033881 0.6155755 0.3554041 -0.2959508 0.8272302 0.4776018 -0.295946 0.7578148 0.581492 0.295948 0.8272315 0.4776012 0.7033922 0.6155726 0.3554009 0.9998066 -0.01703417 -0.009836137 0.2921004 -0.8282557 -0.4781946 3.01393e-7 -0.9238793 -0.3826841 1.25379e-7 -0.8660253 -0.5000004 -0.292101 -0.8835868 -0.3659937 -0.6907898 -0.6680163 -0.2767015 -0.7033908 0.6566966 0.2720128 1.14467e-6 0.9238793 0.3826842 -1.69551e-6 0.8660249 0.5000009 0.295948 0.8824941 0.3655396 0.7033933 0.6566947 0.2720111 0.9998066 -0.01816993 -0.007527112 0.6907871 -0.6261873 -0.3615283 0.2921002 -0.883587 -0.365994 -0.2920994 -0.9237998 -0.2475315 -0.6907867 -0.698421 -0.1871418 -0.9998066 -0.01817101 -0.007526218 -0.7033954 0.6865792 0.1839677 -0.2959462 0.8824941 0.3655408 -0.2959508 0.9226555 0.2472248 0.2959481 0.9226565 0.2472242 0.9998064 -0.0190072 -0.005092918 0.6907903 -0.6680158 -0.2767013 0.6907854 -0.6984221 -0.1871421 0 -0.9659258 -0.2588192 3.03804e-7 -0.991445 -0.1305258 -0.6907885 -0.7168709 -0.09437853 -0.9998066 -0.01900076 -0.005090296 -0.9998068 -0.01948708 -0.002565324 -0.7033893 0.7047238 0.09277868 2.46579e-6 0.9914449 0.1305259 -1.70743e-6 0.9659257 0.2588196 0.2959503 0.9470315 0.1246788 0.7033908 0.6865833 0.1839691 0.999807 -0.01948589 -0.002565622 0.690786 -0.7168735 -0.09437799 0.292101 -0.9237993 -0.2475315 0.2920995 -0.9482059 -0.124834 4.07483e-7 -1 3.00187e-7 -0.2921 -0.9482058 -0.1248334 -0.6907851 -0.7230603 -4.75731e-7 -0.9998063 -0.01968133 5.0227e-7 -0.7033928 0.7108014 0 -0.2959485 0.955204 -9.48946e-7 -0.2959461 0.9470328 0.1246792 -4.24478e-7 1 0 0.295948 0.9552041 1.11049e-6 0.7033863 0.7047267 0.09277987 0.7033924 0.7108018 0 0.9998064 -0.0196802 -4.43397e-7 0.2921005 -0.9563876 3.28558e-7 4.19539e-7 -0.9914449 0.1305259 -0.2921 -0.9563878 8.05029e-7 -0.6907884 -0.7168713 0.09437716 -0.9998068 -0.01948726 0.002565741 -0.7033893 0.704724 -0.09277838 -0.2959485 0.9470319 -0.1246802 -1.8744e-6 0.991445 -0.130526 0.7033889 0.7047241 -0.09277874 0.999807 -0.01948589 0.002565324 0.6907921 -0.7168676 0.09437745 0.6907853 -0.72306 8.47769e-7 0.2921014 -0.9482054 0.1248337 5.49741e-7 -0.9659259 0.2588189 -0.2921 -0.9482058 0.1248337 -0.6907836 -0.6984238 0.1871423 -0.9998066 -0.01900082 0.005090892 -0.7033929 0.6865815 -0.1839684 -0.2959488 0.9226558 -0.2472261 0.2959505 0.9226555 -0.2472248 0.2959457 0.9470329 -0.124679 0.7033924 0.6865817 -0.1839695 0.9998066 -0.01899933 0.005089879 0.6907874 -0.6984207 0.1871398 0.2920998 -0.9237997 0.2475312 -0.2921 -0.8835875 0.3659929 -0.2921003 -0.9237997 0.2475312 -0.9998064 -0.01818066 0.007530689 -0.7033938 0.6566938 -0.2720119 -0.2959511 0.8824927 -0.3655403 9.03795e-7 0.9659261 -0.2588179 -1.87257e-6 0.9238795 -0.3826836 0.7033906 0.6566962 -0.2720144 0.9998064 -0.01817947 0.007530391 0.6907855 -0.6680207 0.2767018 3.49616e-7 -0.9238796 0.3826836 -0.2920993 -0.8282564 0.4781938 -0.690785 -0.6680203 0.2767039 -0.6907886 -0.6261851 0.3615294 -0.9998068 -0.01702374 0.009828925 -0.2959465 0.8272316 -0.4776019 9.89664e-7 0.8660249 -0.5000009 0.2959479 0.8824939 -0.3655398 0.7033863 0.6155774 -0.3554043 0.9998067 -0.01702958 0.009832918 0.6907844 -0.6261892 0.3615302 0.2921005 -0.8835868 0.365994 2.95365e-7 -0.8660252 0.5000005 4.91874e-7 -0.7933534 0.6087615 -0.2921006 -0.7587533 0.5822121 -0.9998066 -0.01560395 0.01197278 -0.703391 0.6155738 -0.3554013 -0.2959511 0.7578137 -0.5814908 -1.80282e-6 0.7933529 -0.608762 0.2959479 0.8272314 -0.4776016 0.7033949 0.5639145 -0.4327079 0.6907891 -0.5736387 0.4401695 0.2921012 -0.7587534 0.5822116 0.2921001 -0.828256 0.4781941 -0.2920999 -0.6762684 0.6762682 -0.6907868 -0.5736404 0.4401708 -0.9998064 -0.01391291 0.01391273 -0.7033911 0.5639179 -0.4327096 -0.2959464 0.6754318 -0.6754316 1.09459e-6 0.7071066 -0.707107 0.2959479 0.7578148 -0.5814908 0.7033888 0.5026152 -0.5026154 0.9998067 -0.01390552 0.0139048 0.9998068 -0.01559746 0.01196789 0.2921008 -0.6762683 0.676268 3.5926e-7 -0.7071067 0.7071068 -0.2920999 -0.5822123 0.7587533 -0.690785 -0.5112804 0.5112813 -0.6907866 -0.4401697 0.5736415 -0.7033953 0.4327074 -0.5639144 -0.7033869 0.5026173 -0.5026161 -0.2959489 0.5814904 -0.7578148 -2.55164e-7 0.6087619 -0.7933531 0.295948 0.6754321 -0.6754305 0.2959477 0.5814923 -0.7578138 0.7033905 0.432711 -0.5639176 0.9998066 -0.01197344 0.015603 0.6907871 -0.5112786 0.5112801 0.2921006 -0.5822119 0.7587534 3.71316e-7 -0.6087611 0.7933537 -0.2920999 -0.4781947 0.8282557 -0.6907883 -0.3615284 0.6261858 -0.9998065 -0.01197439 0.01560592 -0.9998068 -0.009827792 0.01702111 -0.2959489 0.4776011 -0.8272314 -1.68362e-6 0.5000008 -0.8660251 0.2959455 0.4776023 -0.8272318 0.7033905 0.3554031 -0.6155733 0.9998066 -0.009834468 0.0170322 0.6907902 -0.4401679 0.5736384 0.6907871 -0.3615297 0.6261865 2.21825e-7 -0.5000004 0.8660252 -0.2921003 -0.3659943 0.8835869 -0.9998066 -0.007528364 0.01817274 -0.7033925 0.2720121 -0.6566952 -0.7033864 0.3554041 -0.6155774 -0.2959488 0.3655398 -0.8824937 0.2959505 0.3655406 -0.8824927 0.7033905 0.2720146 -0.6566963 0.9998064 -0.007530152 0.01818001 0.6907854 -0.2767037 0.6680201 0.2921007 -0.4781938 0.828256 0 -0.382684 0.9238794 -0.2920992 -0.2475314 0.9238 -0.690782 -0.1871421 0.6984254 -0.6907895 -0.2767015 0.6680166 -0.9998064 -0.005092859 0.0190081 -0.703391 0.183968 -0.6865835 -0.2959486 0.2472239 -0.9226564 1.31634e-6 0.3826839 -0.9238793 -2.24163e-7 0.2588194 -0.9659258 0.2959482 0.2472263 -0.9226559 0.703395 0.1839693 -0.6865791 0.6907842 -0.187142 0.6984233 0.2921013 -0.3659936 0.8835867 0.2921 -0.2475311 0.9237998 0 -0.130526 0.9914449 2.26647e-7 -0.2588185 0.965926 -0.2921013 -0.1248337 0.9482054 -0.6907916 -0.09437781 0.7168682 -0.9998068 -0.002565741 0.0194869 -0.7033894 0.09277838 -0.7047238 -0.2959508 0.124679 -0.9470313 -3.30044e-6 0.1305264 -0.9914448 0.2959461 0.1246793 -0.9470328 0.9998066 -0.002565741 0.01949906 0.9998066 -0.005089759 0.01899981 0.6907902 -0.09437769 0.7168694 0.2921016 -0.1248334 0.9482054 -0.2920991 -1.43062e-7 0.9563882 -0.6907818 -1.69677e-7 0.7230633 -0.9998063 -5.03616e-7 0.01968139 -0.7033928 -3.12273e-7 -0.7108014 -0.295946 0 -0.9552047 2.46817e-6 0 -1 0.2959505 0 -0.9552033 0.7033888 0 -0.7108053 0.7033879 0.09277808 -0.7047253 0.9998068 1.67541e-7 0.01965469 0.6907858 0 0.7230595 0.2920994 0 0.956388 0 0.130526 0.9914449 2.5317e-7 0 1 -0.2921006 0.1248336 0.9482057 -0.6907917 0.09437727 0.716868 -0.9998068 0.002564907 0.01948654 -0.7033867 -0.09277969 -0.7047263 -0.2959485 -0.1246801 -0.947032 0 -0.1305263 -0.9914448 0.2959484 -0.124678 -0.9470322 0.703388 -0.09277784 -0.7047252 0.9998066 0.002566695 0.01949924 0.2921015 0.1248336 0.9482054 0 0.2588183 0.9659261 -0.6907852 0.18714 0.6984228 -0.9998064 0.005092382 0.01900768 -0.703391 -0.1839696 -0.6865832 -0.295951 -0.2472249 -0.9226554 -2.8545e-6 -0.2588191 -0.9659258 0.703395 -0.1839689 -0.6865793 0.9998066 0.005090713 0.01899969 0.6907901 0.09437817 0.7168695 0.6907872 0.1871406 0.6984207 0.2921001 0.2475309 0.9237997 0 0.3826833 0.9238796 -0.2921003 0.2475311 0.9237998 -0.6907837 0.2767029 0.668022 -0.7033909 -0.272013 -0.6566965 1.20427e-6 -0.3826838 -0.9238795 0.2959508 -0.3655402 -0.8824928 0.2959461 -0.2472252 -0.9226569 0.7033936 -0.2720119 -0.656694 0.9998064 0.007530868 0.01818019 0.6907823 0.2767043 0.6680229 -2.10975e-7 0.5000004 0.8660252 -0.2921001 0.3659939 0.883587 -0.2921002 0.478194 0.828256 -0.6907866 0.3615297 0.626187 -0.9998066 0.007526099 0.01817023 -0.7033907 -0.3554019 -0.6155739 -0.2959483 -0.3655397 -0.8824939 0 -0.5 -0.8660256 0.2959462 -0.4776016 -0.8272319 0.9998068 0.009829163 0.01702338 0.6907888 0.3615294 0.6261848 0.2921001 0.4781942 0.828256 0.2921 0.3659939 0.8835871 -3.95427e-7 0.6087612 0.7933536 -0.2921007 0.5822119 0.7587533 -0.6907899 0.4401679 0.573639 -0.9998066 0.009833931 0.01703268 -0.7033976 -0.4327058 -0.5639126 -0.295946 -0.4776021 -0.8272317 -0.2959488 -0.581492 -0.7578136 0.2959483 -0.5814917 -0.757814 0.7033908 -0.3554012 -0.6155741 0.9998066 0.01197302 0.01560366 0.2921003 0.582212 0.7587533 -3.86989e-7 0.7071067 0.707107 -0.6907886 0.5112774 0.5112794 -0.9998066 0.01197475 0.01560527 -0.9998069 0.0138995 0.01389944 -0.2959507 -0.6754306 -0.6754307 0 -0.6087601 -0.7933543 0.2959508 -0.6754305 -0.6754308 0.7033907 -0.4327095 -0.5639184 0.9998064 0.01391291 0.01391232 0.6907871 0.4401711 0.5736398 0.2921009 0.6762682 0.6762681 -2.84515e-7 0.7933532 0.6087616 -0.2921003 0.6762683 0.6762682 -0.6907823 0.573644 0.4401734 -0.9998064 0.01560926 0.01197773 -0.7033879 -0.5026167 -0.5026152 -0.7033864 -0.5639219 -0.4327119 2.0747e-7 -0.7933542 -0.6087604 1.59772e-7 -0.7071064 -0.7071072 0.2959485 -0.7578136 -0.5814921 0.7033863 -0.5026162 -0.5026179 0.7033906 -0.5639173 -0.4327114 0.6907886 0.5736391 0.4401698 0.6907883 0.5112786 0.5112786 -2.33881e-7 0.8660252 0.5000005 -0.2920995 0.7587532 0.5822125 -0.2921002 0.8282561 0.4781938 -0.6907889 0.6261856 0.3615277 -0.7033951 -0.6155706 -0.3553988 -0.2959482 -0.7578136 -0.5814923 1.6407e-6 -0.8660258 -0.4999994 0.2959486 -0.8272305 -0.4776026 0.7033911 -0.6155726 -0.3554032 0.9998068 0.01559543 0.01196646 0.9998064 0.01704245 0.009838938 0.6907821 0.6261911 0.3615312 0.2921009 0.7587531 0.582212 0.2920993 0.8282567 0.4781935 -3.01393e-7 0.9238796 0.3826835 -0.2921012 0.8835868 0.3659936 -0.9998064 0.01817995 0.007530331 -0.9998068 0.01702523 0.009829938 -0.7033934 -0.6566948 -0.2720107 -0.295946 -0.8272317 -0.4776021 -0.2959505 -0.8824929 -0.3655403 -1.14822e-6 -0.9238796 -0.3826832 0.2959487 -0.8824931 -0.3655412 0.7033927 -0.656695 -0.2720119 0.6907867 0.6680194 0.2767018 0.292101 0.883587 0.3659933 -0.292101 0.9237992 0.2475323 -0.6907853 0.6680206 0.2767024 -0.6907918 0.6984162 0.1871406 -0.999807 0.01898407 0.005087077 -0.2959458 -0.922657 -0.2472254 1.66216e-6 -0.9659258 -0.2588193 0.7033866 -0.6865875 -0.1839699 0.9998068 0.01898521 0.005086719 0.9998066 0.01817381 0.007526755 0.6907916 0.6984166 0.1871399 0.2921001 0.9237995 0.2475318 -1.71191e-7 0.9659258 0.2588191 -0.2920995 0.9482059 0.1248342 -0.6907822 0.716877 0.09437948 -0.9998064 0.0195114 0.002569735 -0.7033921 -0.7047211 -0.09277802 -0.7033863 -0.6865875 -0.1839714 -0.2959505 -0.9470314 -0.1246793 -2.58741e-6 -0.9914448 -0.1305269 0.2959486 -0.9226559 -0.2472258 0.7033954 -0.7047178 -0.09277755 0.9998063 0.01951295 0.002568483 0.690782 0.7168772 0.09437865 -3.18271e-7 0.991445 0.1305262 -3.85783e-7 1 0 -0.2921009 0.9563875 -7.30465e-7 -0.6907919 0.7230538 -1.5114e-7 -0.9998068 0.01965409 1.99165e-7 -0.703389 -0.7108052 1.67872e-7 3.2432e-7 -1 -1.02662e-6 0.2959486 -0.9552039 0 0.2959465 -0.9470326 -0.1246792 0.703387 -0.7108072 6.78888e-7 0.9998068 0.0196551 0 0.6907916 0.723054 0 0.2921004 0.9563878 3.0431e-7 0.2921003 0.9482057 0.124834 -4.14717e-7 0.991445 -0.1305258 -0.690784 0.7168753 -0.09437853 -0.9998066 0.01950156 -0.002566456 -0.703392 -0.7047212 0.09277826 -0.2959457 -0.9470329 0.1246789 -0.2959481 -0.955204 -1.26486e-6 3.22651e-6 -0.991445 0.1305258 0.2959508 -0.9470315 0.1246783 0.703398 -0.7047153 0.09277731 0.9998066 0.01950258 -0.00256741 0.6907836 0.7168757 -0.0943787 0.292099 0.9482061 -0.1248337 -4.44856e-7 0.9659259 -0.2588191 -0.2921001 0.9482058 -0.1248342 -0.2921009 0.9237993 -0.2475315 -0.9998066 0.01899731 -0.005089819 -0.7033933 -0.6865807 0.1839695 -0.2959503 -0.9226557 0.2472248 -9.64008e-7 -0.9659257 0.2588198 0.2959485 -0.9226565 0.247224 0.9998064 0.01900589 -0.005092859 0.2921001 0.9237997 -0.2475315 -5.13574e-7 0.9238795 -0.3826837 -0.6907853 0.6680209 -0.2767019 -0.6907901 0.6984179 -0.1871404 -0.9998064 0.01817977 -0.007530748 -0.295948 -0.8824939 0.36554 4.72172e-7 -0.923879 0.3826848 0.2959485 -0.8824937 0.3655397 0.7033868 -0.6865875 0.1839694 0.7033953 -0.6566929 0.27201 0.6907914 0.6680149 -0.2767009 0.6907847 0.6984227 -0.1871423 0.2921009 0.8835869 -0.3659936 -4.41239e-7 0.8660255 -0.4999999 -0.2921004 0.8835869 -0.365994 -0.6907841 0.6261895 -0.3615303 -0.9998067 0.01703178 -0.009834289 -0.7033905 -0.656697 0.2720127 -0.2959456 -0.8272315 0.4776027 4.31641e-7 -0.8660253 0.5000003 0.2959465 -0.8272315 0.4776021 0.9998066 0.01703321 -0.009833931 0.9998068 0.01816385 -0.007523536 0.6907834 0.6261898 -0.3615312 0.2920994 0.8282566 -0.4781935 -0.2921004 0.7587536 -0.5822116 -0.2921006 0.828256 -0.4781938 -0.6907922 0.573637 -0.440167 -0.9998068 0.01559275 -0.01196438 -0.7033878 -0.615576 0.3554039 -0.7033859 -0.5639219 0.432713 -0.2959503 -0.7578138 0.581491 0.2959488 -0.7578138 0.5814918 0.7033893 -0.5639196 0.4327103 0.7033882 -0.6155757 0.3554034 0.9998067 0.01560193 -0.01197111 0.2920999 0.7587539 -0.5822114 -2.89337e-7 0.7071071 -0.7071065 -5.15985e-7 0.7933537 -0.6087611 -0.6907822 0.511283 -0.5112824 -0.9998064 0.01391601 -0.01391613 -0.7033948 -0.5026106 0.5026116 3.14066e-6 -0.7071067 0.7071069 -1.07311e-6 -0.7933539 0.6087608 0.2959513 -0.6754307 0.6754304 0.7033953 -0.5026113 0.5026102 0.9998064 0.01391661 -0.01391631 0.6907868 0.5736404 -0.4401708 0.2920998 0.6762688 -0.6762679 -4.02661e-7 0.6087614 -0.7933533 -0.2921001 0.6762683 -0.6762683 -0.2921009 0.5822116 -0.7587535 -0.6907919 0.4401672 -0.5736371 -0.9998068 0.01196449 -0.01559281 -0.7033862 -0.4327119 0.5639223 -0.2959456 -0.675432 0.6754316 -0.2959502 -0.5814911 0.7578138 -1.07311e-6 -0.6087607 0.793354 0.2959491 -0.5814917 0.7578136 0.9998068 0.01196718 -0.01559567 0.6907883 0.4401686 -0.5736403 0.6907851 0.5112805 -0.511281 0.2920998 0.5822122 -0.7587534 0 0.4999999 -0.8660255 -0.6907872 0.3615294 -0.6261865 -0.9998066 0.009834349 -0.01703214 -0.7033906 -0.3554021 0.6155737 -9.92049e-7 -0.4999998 0.8660255 0.7033892 -0.3554025 0.6155751 0.703388 -0.4327106 0.563921 0.9998067 0.009833276 -0.01702964 0.2920995 0.4781943 -0.8282562 0 0.3826834 -0.9238796 -0.2921006 0.4781934 -0.8282562 -0.6907823 0.2767038 -0.6680231 -0.9998064 0.007530331 -0.01818019 -0.7033932 -0.2720128 0.6566941 -0.2959479 -0.4776028 0.8272305 3.25751e-6 -0.3826838 0.9238794 0.295951 -0.3655405 0.8824926 0.2959464 -0.4776024 0.8272314 0.7033925 -0.2720119 0.6566951 0.9998063 0.007531583 -0.01818263 0.6907867 0.361529 -0.6261875 0.2920995 0.3659939 -0.8835872 0 0.2588189 -0.9659259 -0.2921 0.3659935 -0.8835872 -0.2921008 0.2475311 -0.9237995 -0.690792 0.1871398 -0.6984161 -0.7033907 -0.1839709 0.686583 -0.2959505 -0.247225 0.9226556 -0.2959456 -0.3655412 0.8824941 -2.69234e-6 -0.2588193 0.9659258 0.7033892 -0.1839693 0.686585 0.9998068 0.005087435 -0.01898527 0.6907882 0.1871418 -0.6984195 0.6907878 0.2767022 -0.6680181 1.4708e-7 0.1305263 -0.991445 -0.6907824 0.09437853 -0.7168769 -0.9998063 0.002568423 -0.01951265 -0.9998068 0.005087614 -0.01898765 -0.7033922 -0.0927785 0.704721 -0.2959457 -0.1246792 0.9470329 3.05958e-6 -0.1305263 0.9914448 0.2959509 -0.124679 0.9470313 0.2959464 -0.247225 0.9226568 0.7033908 -0.09277951 0.7047222 0.9998066 0.002568244 -0.01949977 0.6907835 0.09437847 -0.7168758 0.2921004 0.2475314 -0.9237995 0.2920997 0.1248339 -0.9482059 -0.2921001 0.1248333 -0.9482058 -0.3830961 -0.180207 -0.9059597 0 0.5924369 0.805617 0.01078319 -0.01675641 0.9998015 -0.3831064 0.8533915 -0.3534862 -0.3708152 -0.9225317 0.1069186 -0.3831 0.9059584 -0.1802054 -0.3831001 0.9059583 0.1802054 -0.1376428 0.9853575 -0.1006233 -0.6435124 0.7564035 0.1172425 -0.3831023 0.6531588 -0.6531587 -0.655303 0.6905258 -0.3061899 -0.3831055 0.7680323 -0.5131828 -0.3830997 0.5131833 -0.768035 0.5092176 0.7828481 -0.3575561 0.7035067 -0.2183855 0.6763033 0 -0.7384855 -0.6742694 -0.3831012 0.3534858 -0.853394 0.01607036 0.1769343 -0.9840915 -0.3831027 0 -0.9237058 -0.3830991 0.1802057 -0.9059586 -0.9292084 -5.00635e-7 -0.3695562 -1 -4.77647e-7 0 -0.9292088 -0.07209718 -0.3624544 0.902311 -0.3209733 -0.2877691 -0.3831042 -0.353487 -0.8533921 0.004506468 -0.3644562 -0.9312097 -0.383095 -0.6531611 -0.6531608 -0.3831024 -0.5131841 -0.7680329 -0.3830978 -0.7680343 -0.5131854 0.7283836 -0.6788443 -0.09288603 -0.3830986 -0.853394 -0.3534888 0.7582249 -0.6203028 -0.2007971 -0.3830962 -0.9059596 -0.1802076 0.4825301 -0.8039868 -0.34752 -0.3831001 -0.9237068 -1.89705e-7 0.8144784 -0.5801893 0.00234729 0.8766453 -0.4623706 0.1330659 0.9947744 0.09655356 0.03319025 -0.3830962 -0.9059594 0.1802082 0.5377164 -0.8354496 0.1135122 -0.3830986 -0.8533941 0.3534883 0.8222152 -0.4159176 0.3885546 -0.3830981 -0.768034 0.5131859 0.7262321 -0.6855244 -0.05141431 -0.3830949 -0.6531615 0.6531603 0.004792153 -0.4083614 0.9128078 -0.3831009 -0.3534886 0.853393 -0.3831022 -0.5131843 0.768033 -0.3830996 -0.180207 0.9059582 -0.6128993 -0.03200721 0.7895126 -0.08838272 0.03710901 0.9953952 -0.01047271 0.422527 -0.9062899 -0.3831009 0.1802057 0.9059578 -0.3831059 -3.39211e-7 0.9237045 -0.3830977 0.353488 0.8533946 0.1073032 0.6385119 0.7620949 -0.3830999 0.5131831 0.7680349 0.6832061 0.7190387 0.1273298 0.4448966 0.893385 0.06269365 0.03022921 -0.7486012 -0.6623312 -0.3831022 0.6531589 0.6531587 -0.6763766 0.3950629 0.6216431 -0.3831056 0.768032 0.5131832 -0.5220425 0.8140946 0.2544046 -0.3831064 0.8533917 0.3534857 -0.685678 -0.7279052 7.87525e-7 -0.6856749 0 0.727908 -0.6856722 0.7279105 3.34569e-7 -0.5227112 0.7474663 -0.40996 -0.6856815 -1.04078e-6 -0.7279017 -0.9292086 -0.07209724 0.3624547 -1 -8.12278e-7 3.38119e-7 -1 -5.7636e-7 3.87327e-7 -0.9292089 -0.1414229 -0.3414241 -1 -3.79998e-7 2.23638e-7 -0.9292085 -5.82371e-7 0.3695561 -1 -6.01109e-7 0 -0.9292082 -0.2053151 -0.307275 -1 -3.20591e-7 3.6809e-7 -1 -5.02918e-7 0 -0.9292086 0.07209593 0.3624548 -1 -2.45839e-7 4.69624e-7 -0.9292082 -0.2613164 -0.2613157 -1 -7.37748e-7 2.41488e-7 -0.9292085 0.1414223 0.3414256 -1 -4.91691e-7 1.23274e-7 -0.9292089 -0.307274 -0.2053135 -1 -6.63217e-7 2.90761e-7 -0.9292089 0.2053135 0.3072741 -0.9292086 -0.3414252 -0.1414226 -1 -2.55017e-7 1.36262e-7 -0.9292087 0.3695555 0 -1 0 0 -0.9292089 0.362454 -0.07209652 -1 -5.10048e-7 2.71025e-7 -0.9292092 0.2613143 0.2613146 -0.9292086 -0.3624551 -0.07209664 -1 -6.71929e-7 1.25667e-7 -0.9292086 0.3414249 -0.1414229 -1 3.20591e-7 0 -0.9292088 0.3072739 0.2053141 -1 -9.35656e-7 1.47064e-7 -0.9292085 -0.369556 0 -1 0 0 -1 -1.9768e-7 0 -0.9292088 0.307274 -0.205314 -0.9292086 0.3414247 0.141423 -1 -3.20592e-7 2.44845e-7 -1 0 0 -0.9292086 -0.3624548 0.0720967 -1 -9.31099e-7 0 -0.9292094 0.2613136 -0.2613142 -1 -4.91691e-7 0 -0.9292091 0.3624536 0.07209658 -0.9292085 -0.3414254 0.1414226 -0.9292084 0.2053143 -0.3072748 -1 -3.20591e-7 1.85142e-7 -1 -1.13288e-6 1.69121e-7 -0.9292083 -0.3072751 0.205314 -1 -9.72578e-7 2.58571e-7 -0.9292089 0.141422 -0.3414246 -1 -4.13267e-7 -1.47893e-7 -0.9292087 -0.2613155 0.2613149 -1 -9.43196e-7 3.33631e-7 -0.9292089 0.07209581 -0.3624541 -0.9292085 -0.2053148 0.3072743 -1 -7.86137e-7 1.88853e-7 -1 -4.00738e-7 0 -0.9292086 -0.1414235 0.3414248 -0.3831086 0.9237034 -5.20123e-7 -0.6856712 0.5147104 0.5147119 -0.6856984 0.4043921 0.6052147 -0.6856994 -0.1420043 -0.7138986 -0.6857013 0.6052114 0.4043919 -0.6856952 -0.2785524 -0.672481 -0.6856975 0.6724794 0.2785506 -0.6856926 -0.4043963 -0.6052185 -0.6856957 0.7139021 0.1420043 -0.6856961 -0.6724808 0.2785506 -0.685693 -0.7139047 0.1420043 -0.6856836 -0.514703 -0.5147028 -0.6856951 -0.6052182 0.4043923 -0.685697 -0.605216 -0.4043926 -0.6856687 -0.5147133 0.5147122 -0.6856955 -0.6724818 -0.27855 -0.6856958 0.7139019 -0.1420048 -0.6856953 -0.4043945 0.6052166 -0.6856916 -0.7139061 -0.1420042 -0.685698 0.6724789 -0.2785505 -0.6857007 0.6052127 -0.4043911 -0.6856906 -0.1420051 0.713907 -0.6856968 -0.2785511 0.6724799 -0.6856713 0.5147106 -0.5147116 -0.6856986 0.4043917 -0.6052148 -0.685697 0.2785489 -0.6724805 -0.6856932 0.1420041 0.7139045 -0.6856932 0.1420037 -0.7139046 -0.6856988 0.278549 0.6724787 -0.9045359 -0.3799295 0.1935678 -0.5773597 -0.3707039 -0.727485 -0.9045336 -0.193583 -0.379927 0.5773459 -0.3706676 -0.7275145 0.5773453 0.3706684 0.7275145 0.577351 -0.7275032 0.3706816 -0.5773461 0.7274985 -0.3706987 -0.5773215 -0.3706917 -0.7275215 -0.5773218 0.3706907 0.7275219 0.5773497 0.7275044 -0.3706817 -0.5773448 -0.7274994 0.3706989 -0.9045333 0.1935822 0.3799283 -0.9045357 0.3799301 -0.1935672 -0.577359 0.3707039 0.7274856 -0.5773526 -0.7275022 0.3706813 -0.5773513 0.727503 -0.3706818 -0.9045323 0.06670069 0.4211562 -0.5773465 -0.8064458 0.127735 -0.9045372 -0.4211437 0.06671237 0.5773461 -0.8064497 0.1277123 0.5773448 0.8064507 -0.1277118 0.5773504 0.1277286 0.8064441 -0.5773136 -0.12775 -0.806467 -0.5773527 -0.8064424 0.1277288 -0.5773221 0.8064637 -0.1277319 0.5773498 -0.1277278 -0.8064446 -0.5773456 0.1277449 0.8064449 -0.9045317 -0.066702 -0.4211571 -0.9045372 0.4211435 -0.06671404 -0.5773639 -0.1277066 -0.8064379 -0.5773643 0.1277062 0.8064377 -0.5773473 0.8064453 -0.127735 -0.9045317 -0.06670135 0.4211575 -0.5773568 0.8064355 0.1277534 -0.5773636 -0.1277074 0.8064379 0.577354 -0.8064415 -0.1277284 0.5773451 0.8064505 0.1277118 0.5773426 -0.1277456 0.806447 -0.5773444 -0.8064512 -0.1277112 -0.577322 -0.1277311 0.8064639 -0.5773454 0.1277447 -0.806445 -0.5773219 0.8064641 0.1277313 0.5773501 0.1277282 -0.8064442 -0.9045369 0.06669157 -0.4211477 -0.904536 -0.4211457 -0.06671607 -0.9045332 0.4211535 0.0667051 -0.5773508 0.1277198 -0.8064451 -0.5773496 -0.8064447 -0.127728 -0.9045317 0.1935869 -0.3799297 -0.5773511 0.7275068 0.3706747 -0.9045373 0.3799253 0.193569 0.5773535 -0.3706799 0.7275021 0.5773532 0.3706809 -0.7275019 0.5773414 0.7275021 0.370699 -0.5773457 -0.3706672 0.7275149 -0.5773212 0.7275227 0.3706901 -0.5773532 -0.7275024 -0.3706798 -0.5773138 0.3706774 -0.7275349 0.5773427 -0.7275009 -0.3706993 -0.9045318 -0.193589 0.3799284 -0.904538 -0.3799239 -0.193569 -0.5773507 -0.7275071 -0.3706747 -0.5773596 0.3706958 -0.7274892 -0.5773596 -0.3706965 0.7274889 -0.9045361 0.3014977 -0.3015189 -0.5773507 -0.5773454 -0.5773548 -0.577351 0.5773495 -0.5773503 0.5773453 0.577365 -0.5773407 0.577346 -0.5773644 0.5773404 0.5773505 -0.57735 -0.5773503 -0.5773124 0.5773814 0.5773572 -0.577354 0.5773484 -0.5773485 -0.5773209 -0.5773648 0.5773651 0.57735 0.5773501 0.5773507 -0.5773451 -0.5773653 -0.5773405 -0.9045315 -0.3015129 0.3015176 -0.9045334 0.3015122 0.3015125 -0.9045377 -0.3014988 -0.3015129 -0.577361 0.5773251 0.5773649 -0.5773597 -0.577331 0.5773601 -0.595701 -0.8032063 2.44868e-7 0.5957017 -0.2482041 -0.7638941 0.5957025 -0.8032051 0 -0.5956876 0.6498109 -0.4721251 0.5956966 0.6498148 -0.4721085 -0.5956825 0.6498187 0.4721208 0.5956919 0.6498134 0.4721165 0.5956825 -0.2482082 0.7639079 0.5957021 0.2482042 0.7638939 -0.5957022 -0.2482047 -0.7638935 -0.595702 -0.2482042 0.7638939</float_array>
          <technique_common>
            <accessor source="#Circle_008-mesh-normals-array" count="1073" stride="3">
              <param name="X" type="float"/>
              <param name="Y" type="float"/>
              <param name="Z" type="float"/>
            </accessor>
          </technique_common>
        </source>
        <source id="Circle_008-mesh-map-0">
          <float_array id="Circle_008-mesh-map-0-array" count="12216">0 0 0 0 0 0 0 0 0 0 0 0 0 0 0 0 0 0 0 0 0 0 0 0 0 0 0 0 0 0 0 0 0 0 0 0 0 0 0 0 0 0 0 0 0 0 0 0 0 0 0 0 0 0 0 0 0 0 0 0 0 0 0 0 0 0 0 0 0 0 0 0 0 0 0 0 0 0 0 0 0 0 0 0 0 0 0 0 0 0 0 0 0 0 0 0 0 0 0 0 0 0 0 0 0 0 0 0 0 0 0 0 0 0 0 0 0 0 0 0 0 0 0 0 0 0 0 0 0 0 0 0 0 0 0 0 0 0 0 0 0 0 0 0 0 0 0 0 0 0 0 0 0 0 0 0 0 0 0 0 0 0 0 0 0 0 0 0 0 0 0 0 0 0 0 0 0 0 0 0 0 0 0 0 0 0 0 0 0 0 0 0 0 0 0 0 0 0 0 0 0 0 0 0 0 0 0 0 0 0 0 0 0 0 0 0 0 0 0 0 0 0 0 0 0 0 0 0 0 0 0 0 0 0 0 0 0 0 0 0 0 0 0 0 0 0 0 0 0 0 0 0 0 0 0 0 0 0 0 0 0 0 0 0 0 0 0 0 0 0 0 0 0 0 0 0 0 0 0 0 0 0 0 0 0 0 0 0 0 0 0 0 0 0 0 0 0 0 0 0 0 0 0 0 0 0 0 0 0 0 0 0 0 0 0 0 0 0 0 0 0 0 0 0 0 0 0 0 0 0 0 0 0 0 0 0 0 0 0 0 0 0 0 0 0 0 0 0 0 0 0 0 0 0 0 0 0 0 0 0 0 0 0 0 0 0 0 0 0 0 0 0 0 0 0 0 0 0 0 0 0 0 0 0 0 0 0 0 0 0 0 0 0 0 0 0 0 0 0 0 0 0 0 0 0 0 0 0 0 0 0 0 0 0 0 0 0 0 0 0 0 0 0 0 0 0 0 0 0 0 0 0 0 0 0 0 0 0 0 0 0 0 0 0 0 0 0 0 0 0 0 0 0 0 0 0 0 0 0 0 0 0 0 0 0 0 0 0 0 0 0 0 0 0 0 0 0 0 0 0 0 0 0 0 0 0 0 0 0 0 0 0 0 0 0 0 0 0 0 0 0 0 0 0 0 0 0 0 0 0 0 0 0 0 0 0 0 0 0 0 0 0 0 0 0 0 0 0 0 0 0 0 0 0 0 0 0 0 0 0 0 0 0 0 0 0 0 0 0 0 0 0 0 0 0 0 0 0 0 0 0 0 0 0 0 0 0 0 0 0 0 0 0 0 0 0 0 0 0 0 0 0 0 0 0 0 0 0 0 0 0 0 0 0 0 0 0 0 0 0 0 0 0 0 0 0 0 0 0 0 0 0 0 0 0 0 0 0 0 0 0 0 0 0 0 0 0 0 0 0 0 0 0 0 0 0 0 0 0 0 0 0 0 0 0 0 0 0 0 0 0 0 0 0 0 0 0 0 0 0 0 0 0 0 0 0 0 0 0 0 0 0 0 0 0 0 0 0 0 0 0 0 0 0 0 0 0 0 0 0 0 0 0 0 0 0 0 0 0 0 0 0 0 0 0 0 0 0 0 0 0 0 0 0 0 0 0 0 0 0 0 0 0 0 0 0 0 0 0 0 0 0 0 0 0 0 0 0 0 0 0 0 0 0 0 0 0 0 0 0 0 0 0 0 0 0 0 0 0 0 0 0 0 0 0 0 0 0 0 0 0 0 0 0 0.7813878 0.2186122 0.7813878 0.7813878 0.7813878 0.7813878 1 0 0 1 0 0 0 0 1 0 0 0 1 0 1 1 1 0 0 1 0 0 0 1 1 1 0 1 1 1 0.2186122 0.7813878 0 0 0 1 0.7813878 0.2186122 0 0 0.2186122 0.2186122 0.7813878 0.7813878 1 0 0.7813878 0.2186122 0.2186122 0.7813878 1 1 0.7813878 0.7813878 0.2186122 0.2186122 0.7813878 0.7813878 0.7813878 0.2186122 0.2186122 0.2186122 0.2186122 0.7813878 0.2186122 0.2186122 0.7813878 0.7813878 0.2186122 0.7813878 0.2186122 0.7813878 0.7813878 0.2186122 0.2186122 0.2186122 0.7813878 0.2186122 0.7813878 0.2186122 0.7813878 0.7813878 0.7813878 0.7813878 0 0 1 1 0 1 0 0 1 0 0 0 1 1 1 0 1 0 0 0 0 1 0 1 1 1 0 1 1 1 0.2186122 0.7813878 0 0 0 1 0.7813878 0.2186122 0 0 0.2186122 0.2186122 0.7813878 0.2186122 1 1 1 0 0.2186122 0.7813878 1 1 0.7813878 0.7813878 0.2186122 0.7813878 0.7813878 0.2186122 0.2186122 0.2186122 0.2186122 0.2186122 0.2186122 0.7813878 0.2186122 0.2186122 0.2186122 0.7813878 0.7813878 0.7813878 0.2186122 0.7813878 0.2186122 0.2186122 0.7813878 0.2186122 0.7813878 0.2186122 0.7813878 0.2186122 0.7813878 0.7813878 0.7813878 0.7813878 0 0 1 1 0 1 0 0 1 0 0 0 1 0 1 1 1 0 0 0 0 1 0 1 0 1 1 1 1 1 0.2186122 0.2186122 0 1 0.2186122 0.7813878 0.7813878 0.2186122 0 0 0.2186122 0.2186122 0.7813878 0.2186122 1 1 1 0 0.2186122 0.7813878 1 1 0.7813878 0.7813878 0.2186122 0.2186122 0.7813878 0.7813878 0.7813878 0.2186122 0.2186122 0.2186122 0.2186122 0.7813878 0.2186122 0.2186122 0.2186122 0.7813878 0.7813878 0.7813878 0.2186122 0.7813878 0.7813878 0.2186122 0.2186122 0.2186122 0.7813878 0.2186122 0.7813878 0.2186122 0.7813878 0.7813878 0.7813878 0.7813878 0 0 1 1 0 1 1 0 0 0 0 0 1 1 1 0 1 0 0 1 0 0 0 1 0 1 1 1 1 1 0.2186122 0.2186122 0 1 0.2186122 0.7813878 0.7813878 0.2186122 0 0 0.2186122 0.2186122 0.7813878 0.2186122 1 1 1 0 0.7813878 0.7813878 0 1 1 1 0.2186122 0.2186122 0.7813878 0.7813878 0.7813878 0.2186122 0.2186122 0.7813878 0.2186122 0.2186122 0.2186122 0.2186122 0.7813878 0.7813878 0.2186122 0.7813878 0.2186122 0.7813878 0.2186122 0.2186122 0.7813878 0.2186122 0.7813878 0.2186122 0.7813878 0.2186122 0.7813878 0.7813878 0.7813878 0.7813878 0 0 1 1 0 1 0 0 1 0 0 0 1 1 1 0 1 0 0 1 0 0 0 1 1 1 0 1 1 1 0.2186122 0.7813878 0 0 0 1 0.2186122 0.2186122 1 0 0 0 0.7813878 0.7813878 1 0 0.7813878 0.2186122 0.2186122 0.7813878 1 1 0.7813878 0.7813878 0.2186122 0.2186122 0.7813878 0.7813878 0.7813878 0.2186122 0.2186122 0.2186122 0.2186122 0.7813878 0.2186122 0.2186122 0.2186122 0.7813878 0.7813878 0.7813878 0.2186122 0.7813878 0.2186122 0.2186122 0.7813878 0.2186122 0.7813878 0.2186122 1 1 0.8 0.5 1 0.5 0.8 1 0.6 0.5 0.8 0.5 0.6 1 0.4 0.5 0.6 0.5 0.25 0.49 0.1089315 0.0558359 0.3910685 0.0558359 0.4 1 0.2 0.5 0.4 0.5 0.2 0.5 0 1 0 0.5 0.9782536 0.3241641 0.6089316 0.0558359 0.5217465 0.3241641 0.5 0.5 0.5208333 0.5833333 0.5 0.5833333 0.5 0.5833333 0.5208333 0.6666667 0.5 0.6666667 0.5 0.6666667 0.5208333 0.75 0.5 0.75 0.5 0.75 0.5208333 0.8333333 0.5 0.8333333 0.5 0.8333333 0.5208333 0.9166667 0.5 0.9166667 0.5 0.9166667 0.5208333 1 0.5 1 0.5208333 0 0.5 0.08333331 0.5 0 0.5 0.08333331 0.5208333 0.1666666 0.5 0.1666666 0.5 0.1666666 0.5208333 0.25 0.5 0.25 0.5 0.25 0.5208333 0.3333333 0.5 0.3333333 0.5208333 0.3333333 0.5 0.4166666 0.5 0.3333333 0.5208333 0.4166666 0.5 0.5 0.5 0.4166666 0.5208333 0.5 0.5416667 0.5833333 0.5208333 0.5833333 0.5416667 0.5833333 0.5208333 0.6666667 0.5208333 0.5833333 0.5416667 0.6666667 0.5208333 0.75 0.5208333 0.6666667 0.5416667 0.75 0.5208333 0.8333333 0.5208333 0.75 0.5416667 0.8333333 0.5208333 0.9166667 0.5208333 0.8333333 0.5416667 0.9166667 0.5208333 1 0.5208333 0.9166667 0.5416667 0 0.5208333 0.08333331 0.5208333 0 0.5208333 0.08333331 0.5416667 0.1666666 0.5208333 0.1666666 0.5208333 0.1666666 0.5416667 0.25 0.5208333 0.25 0.5416667 0.25 0.5208333 0.3333333 0.5208333 0.25 0.5208333 0.3333333 0.5416667 0.4166666 0.5208333 0.4166666 0.5208333 0.4166666 0.5416667 0.5 0.5208333 0.5 0.5625 0.5 0.5416667 0.5833333 0.5416667 0.5 0.5625 0.5833333 0.5416667 0.6666667 0.5416667 0.5833333 0.5416667 0.6666667 0.5625 0.75 0.5416667 0.75 0.5416667 0.75 0.5625 0.8333333 0.5416667 0.8333333 0.5625 0.8333333 0.5416667 0.9166667 0.5416667 0.8333333 0.5625 0.9166667 0.5416667 1 0.5416667 0.9166667 0.5625 0 0.5416667 0.08333331 0.5416667 0 0.5625 0.08333331 0.5416667 0.1666666 0.5416667 0.08333331 0.5625 0.1666666 0.5416667 0.25 0.5416667 0.1666666 0.5416667 0.25 0.5625 0.3333333 0.5416667 0.3333333 0.5625 0.3333333 0.5416667 0.4166666 0.5416667 0.3333333 0.5625 0.4166666 0.5416667 0.5 0.5416667 0.4166666 0.5833333 0.5 0.5625 0.5833333 0.5625 0.5 0.5833333 0.5833333 0.5625 0.6666667 0.5625 0.5833333 0.5625 0.6666667 0.5833333 0.75 0.5625 0.75 0.5833333 0.75 0.5625 0.8333333 0.5625 0.75 0.5625 0.8333333 0.5833333 0.9166667 0.5625 0.9166667 0.5833333 0.9166667 0.5625 1 0.5625 0.9166667 0.5833333 0 0.5625 0.08333331 0.5625 0 0.5625 0.08333331 0.5833333 0.1666666 0.5625 0.1666666 0.5625 0.1666666 0.5833333 0.25 0.5625 0.25 0.5625 0.25 0.5833333 0.3333333 0.5625 0.3333333 0.5833333 0.3333333 0.5625 0.4166666 0.5625 0.3333333 0.5833333 0.4166666 0.5625 0.5 0.5625 0.4166666 0.5833333 0.5 0.6041667 0.5833333 0.5833333 0.5833333 0.5833333 0.5833333 0.6041667 0.6666667 0.5833333 0.6666667 0.6041667 0.6666667 0.5833333 0.75 0.5833333 0.6666667 0.6041667 0.75 0.5833333 0.8333333 0.5833333 0.75 0.5833333 0.8333333 0.6041667 0.9166667 0.5833333 0.9166667 0.6041667 0.9166667 0.5833333 1 0.5833333 0.9166667 0.5833333 0 0.6041667 0.08333331 0.5833333 0.08333331 0.6041667 0.08333331 0.5833333 0.1666666 0.5833333 0.08333331 0.6041667 0.1666666 0.5833333 0.25 0.5833333 0.1666666 0.5833333 0.25 0.6041667 0.3333333 0.5833333 0.3333333 0.6041667 0.3333333 0.5833333 0.4166666 0.5833333 0.3333333 0.6041667 0.4166666 0.5833333 0.5 0.5833333 0.4166666 0.625 0.5 0.6041667 0.5833333 0.6041667 0.5 0.625 0.5833333 0.6041667 0.6666667 0.6041667 0.5833333 0.625 0.6666667 0.6041667 0.75 0.6041667 0.6666667 0.625 0.75 0.6041667 0.8333333 0.6041667 0.75 0.625 0.8333333 0.6041667 0.9166667 0.6041667 0.8333333 0.625 0.9166667 0.6041667 1 0.6041667 0.9166667 0.6041667 0 0.625 0.08333331 0.6041667 0.08333331 0.625 0.08333331 0.6041667 0.1666666 0.6041667 0.08333331 0.6041667 0.1666666 0.625 0.25 0.6041667 0.25 0.6041667 0.25 0.625 0.3333333 0.6041667 0.3333333 0.6041667 0.3333333 0.625 0.4166666 0.6041667 0.4166666 0.6041667 0.4166666 0.625 0.5 0.6041667 0.5 0.625 0.5 0.6458333 0.5833333 0.625 0.5833333 0.6458333 0.5833333 0.625 0.6666667 0.625 0.5833333 0.6458333 0.6666667 0.625 0.75 0.625 0.6666667 0.6458333 0.75 0.625 0.8333333 0.625 0.75 0.6458333 0.8333333 0.625 0.9166667 0.625 0.8333333 0.625 0.9166667 0.6458333 1 0.625 1 0.625 0 0.6458333 0.08333331 0.625 0.08333331 0.625 0.08333331 0.6458333 0.1666666 0.625 0.1666666 0.625 0.1666666 0.6458333 0.25 0.625 0.25 0.6458333 0.25 0.625 0.3333333 0.625 0.25 0.6458333 0.3333333 0.625 0.4166666 0.625 0.3333333 0.6458333 0.4166666 0.625 0.5 0.625 0.4166666 0.6458333 0.5 0.6666667 0.5833333 0.6458333 0.5833333 0.6458333 0.5833333 0.6666667 0.6666667 0.6458333 0.6666667 0.6458333 0.6666667 0.6666667 0.75 0.6458333 0.75 0.6458333 0.75 0.6666667 0.8333333 0.6458333 0.8333333 0.6458333 0.8333333 0.6666667 0.9166667 0.6458333 0.9166667 0.6666667 0.9166667 0.6458333 1 0.6458333 0.9166667 0.6458333 0 0.6666667 0.08333331 0.6458333 0.08333331 0.6666667 0.08333331 0.6458333 0.1666666 0.6458333 0.08333331 0.6666667 0.1666666 0.6458333 0.25 0.6458333 0.1666666 0.6666667 0.25 0.6458333 0.3333333 0.6458333 0.25 0.6458333 0.3333333 0.6666667 0.4166666 0.6458333 0.4166666 0.6666667 0.4166666 0.6458333 0.5 0.6458333 0.4166666 0.6875 0.5 0.6666667 0.5833333 0.6666667 0.5 0.6875 0.5833333 0.6666667 0.6666667 0.6666667 0.5833333 0.6875 0.6666667 0.6666667 0.75 0.6666667 0.6666667 0.6666667 0.75 0.6875 0.8333333 0.6666667 0.8333333 0.6875 0.8333333 0.6666667 0.9166667 0.6666667 0.8333333 0.6666667 0.9166667 0.6875 1 0.6666667 1 0.6666667 0 0.6875 0.08333331 0.6666667 0.08333331 0.6666667 0.08333331 0.6875 0.1666666 0.6666667 0.1666666 0.6666667 0.1666666 0.6875 0.25 0.6666667 0.25 0.6875 0.25 0.6666667 0.3333333 0.6666667 0.25 0.6666667 0.3333333 0.6875 0.4166666 0.6666667 0.4166666 0.6875 0.4166666 0.6666667 0.5 0.6666667 0.4166666 0.6875 0.5 0.7083333 0.5833333 0.6875 0.5833333 0.6875 0.5833333 0.7083333 0.6666667 0.6875 0.6666667 0.7083333 0.6666667 0.6875 0.75 0.6875 0.6666667 0.6875 0.75 0.7083333 0.8333333 0.6875 0.8333333 0.7083333 0.8333333 0.6875 0.9166667 0.6875 0.8333333 0.7083333 0.9166667 0.6875 1 0.6875 0.9166667 0.6875 0 0.7083333 0.08333331 0.6875 0.08333331 0.7083333 0.08333331 0.6875 0.1666666 0.6875 0.08333331 0.6875 0.1666666 0.7083333 0.25 0.6875 0.25 0.7083333 0.25 0.6875 0.3333333 0.6875 0.25 0.7083333 0.3333333 0.6875 0.4166666 0.6875 0.3333333 0.6875 0.4166666 0.7083333 0.5 0.6875 0.5 0.7291667 0.5 0.7083333 0.5833333 0.7083333 0.5 0.7083333 0.5833333 0.7291667 0.6666667 0.7083333 0.6666667 0.7291667 0.6666667 0.7083333 0.75 0.7083333 0.6666667 0.7291667 0.75 0.7083333 0.8333333 0.7083333 0.75 0.7291667 0.8333333 0.7083333 0.9166667 0.7083333 0.8333333 0.7083333 0.9166667 0.7291667 1 0.7083333 1 0.7083333 0 0.7291667 0.08333331 0.7083333 0.08333331 0.7291667 0.08333331 0.7083333 0.1666666 0.7083333 0.08333331 0.7083333 0.1666666 0.7291667 0.25 0.7083333 0.25 0.7083333 0.25 0.7291667 0.3333333 0.7083333 0.3333333 0.7291667 0.3333333 0.7083333 0.4166666 0.7083333 0.3333333 0.7291667 0.4166666 0.7083333 0.5 0.7083333 0.4166666 0.75 0.5 0.7291667 0.5833333 0.7291667 0.5 0.7291667 0.5833333 0.75 0.6666667 0.7291667 0.6666667 0.7291667 0.6666667 0.75 0.75 0.7291667 0.75 0.7291667 0.75 0.75 0.8333333 0.7291667 0.8333333 0.7291667 0.8333333 0.75 0.9166667 0.7291667 0.9166667 0.75 0.9166667 0.7291667 1 0.7291667 0.9166667 0.75 0 0.7291667 0.08333331 0.7291667 0 0.75 0.08333331 0.7291667 0.1666666 0.7291667 0.08333331 0.75 0.1666666 0.7291667 0.25 0.7291667 0.1666666 0.75 0.25 0.7291667 0.3333333 0.7291667 0.25 0.7291667 0.3333333 0.75 0.4166666 0.7291667 0.4166666 0.7291667 0.4166666 0.75 0.5 0.7291667 0.5 0.7708333 0.5 0.75 0.5833333 0.75 0.5 0.75 0.5833333 0.7708333 0.6666667 0.75 0.6666667 0.7708333 0.6666667 0.75 0.75 0.75 0.6666667 0.7708333 0.75 0.75 0.8333333 0.75 0.75 0.7708333 0.8333333 0.75 0.9166667 0.75 0.8333333 0.7708333 0.9166667 0.75 1 0.75 0.9166667 0.7708333 0 0.75 0.08333331 0.75 0 0.75 0.08333331 0.7708333 0.1666666 0.75 0.1666666 0.75 0.1666666 0.7708333 0.25 0.75 0.25 0.75 0.25 0.7708333 0.3333333 0.75 0.3333333 0.75 0.3333333 0.7708333 0.4166666 0.75 0.4166666 0.75 0.4166666 0.7708333 0.5 0.75 0.5 0.7916667 0.5 0.7708333 0.5833333 0.7708333 0.5 0.7708333 0.5833333 0.7916667 0.6666667 0.7708333 0.6666667 0.7708333 0.6666667 0.7916667 0.75 0.7708333 0.75 0.7708333 0.75 0.7916667 0.8333333 0.7708333 0.8333333 0.7708333 0.8333333 0.7916667 0.9166667 0.7708333 0.9166667 0.7916667 0.9166667 0.7708333 1 0.7708333 0.9166667 0.7708333 0 0.7916667 0.08333331 0.7708333 0.08333331 0.7916667 0.08333331 0.7708333 0.1666666 0.7708333 0.08333331 0.7916667 0.1666666 0.7708333 0.25 0.7708333 0.1666666 0.7916667 0.25 0.7708333 0.3333333 0.7708333 0.25 0.7916667 0.3333333 0.7708333 0.4166666 0.7708333 0.3333333 0.7916667 0.4166666 0.7708333 0.5 0.7708333 0.4166666 0.7916667 0.5 0.8125 0.5833333 0.7916667 0.5833333 0.8125 0.5833333 0.7916667 0.6666667 0.7916667 0.5833333 0.7916667 0.6666667 0.8125 0.75 0.7916667 0.75 0.8125 0.75 0.7916667 0.8333333 0.7916667 0.75 0.8125 0.8333333 0.7916667 0.9166667 0.7916667 0.8333333 0.8125 0.9166667 0.7916667 1 0.7916667 0.9166667 0.8125 0 0.7916667 0.08333331 0.7916667 0 0.7916667 0.08333331 0.8125 0.1666666 0.7916667 0.1666666 0.7916667 0.1666666 0.8125 0.25 0.7916667 0.25 0.8125 0.25 0.7916667 0.3333333 0.7916667 0.25 0.8125 0.3333333 0.7916667 0.4166666 0.7916667 0.3333333 0.7916667 0.4166666 0.8125 0.5 0.7916667 0.5 0.8125 0.5 0.8333333 0.5833333 0.8125 0.5833333 0.8333333 0.5833333 0.8125 0.6666667 0.8125 0.5833333 0.8333333 0.6666667 0.8125 0.75 0.8125 0.6666667 0.8333333 0.75 0.8125 0.8333333 0.8125 0.75 0.8125 0.8333333 0.8333333 0.9166667 0.8125 0.9166667 0.8125 0.9166667 0.8333333 1 0.8125 1 0.8333333 0 0.8125 0.08333331 0.8125 0 0.8125 0.08333331 0.8333333 0.1666666 0.8125 0.1666666 0.8125 0.1666666 0.8333333 0.25 0.8125 0.25 0.8125 0.25 0.8333333 0.3333333 0.8125 0.3333333 0.8333333 0.3333333 0.8125 0.4166666 0.8125 0.3333333 0.8125 0.4166666 0.8333333 0.5 0.8125 0.5 0.8541667 0.5 0.8333333 0.5833333 0.8333333 0.5 0.8541667 0.5833333 0.8333333 0.6666667 0.8333333 0.5833333 0.8333333 0.6666667 0.8541667 0.75 0.8333333 0.75 0.8541667 0.75 0.8333333 0.8333333 0.8333333 0.75 0.8333333 0.8333333 0.8541667 0.9166667 0.8333333 0.9166667 0.8541667 0.9166667 0.8333333 1 0.8333333 0.9166667 0.8541667 0 0.8333333 0.08333331 0.8333333 0 0.8333333 0.08333331 0.8541667 0.1666666 0.8333333 0.1666666 0.8541667 0.1666666 0.8333333 0.25 0.8333333 0.1666666 0.8333333 0.25 0.8541667 0.3333333 0.8333333 0.3333333 0.8333333 0.3333333 0.8541667 0.4166666 0.8333333 0.4166666 0.8333333 0.4166666 0.8541667 0.5 0.8333333 0.5 0.8541667 0.5 0.875 0.5833333 0.8541667 0.5833333 0.875 0.5833333 0.8541667 0.6666667 0.8541667 0.5833333 0.8541667 0.6666667 0.875 0.75 0.8541667 0.75 0.875 0.75 0.8541667 0.8333333 0.8541667 0.75 0.8541667 0.8333333 0.875 0.9166667 0.8541667 0.9166667 0.8541667 0.9166667 0.875 1 0.8541667 1 0.875 0 0.8541667 0.08333331 0.8541667 0 0.8541667 0.08333331 0.875 0.1666666 0.8541667 0.1666666 0.8541667 0.1666666 0.875 0.25 0.8541667 0.25 0.875 0.25 0.8541667 0.3333333 0.8541667 0.25 0.8541667 0.3333333 0.875 0.4166666 0.8541667 0.4166666 0.875 0.4166666 0.8541667 0.5 0.8541667 0.4166666 0.875 0.5 0.8958333 0.5833333 0.875 0.5833333 0.8958333 0.5833333 0.875 0.6666667 0.875 0.5833333 0.8958333 0.6666667 0.875 0.75 0.875 0.6666667 0.875 0.75 0.8958333 0.8333333 0.875 0.8333333 0.875 0.8333333 0.8958333 0.9166667 0.875 0.9166667 0.8958333 0.9166667 0.875 1 0.875 0.9166667 0.8958333 0 0.875 0.08333331 0.875 0 0.8958333 0.08333331 0.875 0.1666666 0.875 0.08333331 0.8958333 0.1666666 0.875 0.25 0.875 0.1666666 0.8958333 0.25 0.875 0.3333333 0.875 0.25 0.875 0.3333333 0.8958333 0.4166666 0.875 0.4166666 0.8958333 0.4166666 0.875 0.5 0.875 0.4166666 0.8958333 0.5 0.9166667 0.5833333 0.8958333 0.5833333 0.9166667 0.5833333 0.8958333 0.6666667 0.8958333 0.5833333 0.9166667 0.6666667 0.8958333 0.75 0.8958333 0.6666667 0.9166667 0.75 0.8958333 0.8333333 0.8958333 0.75 0.8958333 0.8333333 0.9166667 0.9166667 0.8958333 0.9166667 0.9166667 0.9166667 0.8958333 1 0.8958333 0.9166667 0.9166667 0 0.8958333 0.08333331 0.8958333 0 0.9166667 0.08333331 0.8958333 0.1666666 0.8958333 0.08333331 0.9166667 0.1666666 0.8958333 0.25 0.8958333 0.1666666 0.9166667 0.25 0.8958333 0.3333333 0.8958333 0.25 0.9166667 0.3333333 0.8958333 0.4166666 0.8958333 0.3333333 0.8958333 0.4166666 0.9166667 0.5 0.8958333 0.5 0.9166667 0.5 0.9375 0.5833333 0.9166667 0.5833333 0.9375 0.5833333 0.9166667 0.6666667 0.9166667 0.5833333 0.9166667 0.6666667 0.9375 0.75 0.9166667 0.75 0.9166667 0.75 0.9375 0.8333333 0.9166667 0.8333333 0.9166667 0.8333333 0.9375 0.9166667 0.9166667 0.9166667 0.9375 0.9166667 0.9166667 1 0.9166667 0.9166667 0.9166667 0 0.9375 0.08333331 0.9166667 0.08333331 0.9375 0.08333331 0.9166667 0.1666666 0.9166667 0.08333331 0.9375 0.1666666 0.9166667 0.25 0.9166667 0.1666666 0.9375 0.25 0.9166667 0.3333333 0.9166667 0.25 0.9375 0.3333333 0.9166667 0.4166666 0.9166667 0.3333333 0.9166667 0.4166666 0.9375 0.5 0.9166667 0.5 0.9375 0.5 0.9583333 0.5833333 0.9375 0.5833333 0.9375 0.5833333 0.9583333 0.6666667 0.9375 0.6666667 0.9375 0.6666667 0.9583333 0.75 0.9375 0.75 0.9583333 0.75 0.9375 0.8333333 0.9375 0.75 0.9583333 0.8333333 0.9375 0.9166667 0.9375 0.8333333 0.9583333 0.9166667 0.9375 1 0.9375 0.9166667 0.9583333 0 0.9375 0.08333331 0.9375 0 0.9583333 0.08333331 0.9375 0.1666666 0.9375 0.08333331 0.9583333 0.1666666 0.9375 0.25 0.9375 0.1666666 0.9375 0.25 0.9583333 0.3333333 0.9375 0.3333333 0.9583333 0.3333333 0.9375 0.4166666 0.9375 0.3333333 0.9583333 0.4166666 0.9375 0.5 0.9375 0.4166666 0.9791667 0.5 0.9583333 0.5833333 0.9583333 0.5 0.9791667 0.5833333 0.9583333 0.6666667 0.9583333 0.5833333 0.9791667 0.6666667 0.9583333 0.75 0.9583333 0.6666667 0.9791667 0.75 0.9583333 0.8333333 0.9583333 0.75 0.9791667 0.8333333 0.9583333 0.9166667 0.9583333 0.8333333 0.9791667 0.9166667 0.9583333 1 0.9583333 0.9166667 0.9791667 0 0.9583333 0.08333331 0.9583333 0 0.9791667 0.08333331 0.9583333 0.1666666 0.9583333 0.08333331 0.9583333 0.1666666 0.9791667 0.25 0.9583333 0.25 0.9583333 0.25 0.9791667 0.3333333 0.9583333 0.3333333 0.9583333 0.3333333 0.9791667 0.4166666 0.9583333 0.4166666 0.9583333 0.4166666 0.9791667 0.5 0.9583333 0.5 0.9791667 0.5 1 0.5833333 0.9791667 0.5833333 0.9791667 0.5833333 1 0.6666667 0.9791667 0.6666667 0.9791667 0.6666667 1 0.75 0.9791667 0.75 0.9791667 0.75 1 0.8333333 0.9791667 0.8333333 0.9791667 0.8333333 1 0.9166667 0.9791667 0.9166667 0.9791667 0.9166667 1 1 0.9791667 1 0.9791667 0 1 0.08333331 0.9791667 0.08333331 0.9791667 0.08333331 1 0.1666666 0.9791667 0.1666666 0.9791667 0.1666666 1 0.25 0.9791667 0.25 0.9791667 0.25 1 0.3333333 0.9791667 0.3333333 1 0.3333333 0.9791667 0.4166666 0.9791667 0.3333333 1 0.4166666 0.9791667 0.5 0.9791667 0.4166666 0.02083331 0.5 0 0.5833333 0 0.5 0.02083331 0.5833333 0 0.6666667 0 0.5833333 0.02083331 0.6666667 0 0.75 0 0.6666667 0.02083331 0.75 0 0.8333333 0 0.75 0.02083331 0.8333333 0 0.9166667 0 0.8333333 0.02083331 0.9166667 0 1 0 0.9166667 0.02083331 0 0 0.08333331 0 0 0.02083331 0.08333331 0 0.1666666 0 0.08333331 0.02083331 0.1666666 0 0.25 0 0.1666666 0.02083331 0.25 0 0.3333333 0 0.25 0 0.3333333 0.02083331 0.4166666 0 0.4166666 0 0.4166666 0.02083331 0.5 0 0.5 0.04166662 0.5 0.02083331 0.5833333 0.02083331 0.5 0.02083331 0.5833333 0.04166662 0.6666667 0.02083331 0.6666667 0.02083331 0.6666667 0.04166662 0.75 0.02083331 0.75 0.02083331 0.75 0.04166662 0.8333333 0.02083331 0.8333333 0.04166662 0.8333333 0.02083331 0.9166667 0.02083331 0.8333333 0.04166662 0.9166667 0.02083331 1 0.02083331 0.9166667 0.04166662 0 0.02083331 0.08333331 0.02083331 0 0.02083331 0.08333331 0.04166662 0.1666666 0.02083331 0.1666666 0.04166662 0.1666666 0.02083331 0.25 0.02083331 0.1666666 0.04166662 0.25 0.02083331 0.3333333 0.02083331 0.25 0.04166662 0.3333333 0.02083331 0.4166666 0.02083331 0.3333333 0.04166662 0.4166666 0.02083331 0.5 0.02083331 0.4166666 0.0625 0.5 0.04166662 0.5833333 0.04166662 0.5 0.04166662 0.5833333 0.0625 0.6666667 0.04166662 0.6666667 0.0625 0.6666667 0.04166662 0.75 0.04166662 0.6666667 0.04166662 0.75 0.0625 0.8333333 0.04166662 0.8333333 0.0625 0.8333333 0.04166662 0.9166667 0.04166662 0.8333333 0.04166662 0.9166667 0.0625 1 0.04166662 1 0.04166662 0 0.0625 0.08333331 0.04166662 0.08333331 0.04166662 0.08333331 0.0625 0.1666666 0.04166662 0.1666666 0.04166662 0.1666666 0.0625 0.25 0.04166662 0.25 0.0625 0.25 0.04166662 0.3333333 0.04166662 0.25 0.0625 0.3333333 0.04166662 0.4166666 0.04166662 0.3333333 0.04166662 0.4166666 0.0625 0.5 0.04166662 0.5 0.08333331 0.5 0.0625 0.5833333 0.0625 0.5 0.08333331 0.5833333 0.0625 0.6666667 0.0625 0.5833333 0.08333331 0.6666667 0.0625 0.75 0.0625 0.6666667 0.0625 0.75 0.08333331 0.8333333 0.0625 0.8333333 0.08333331 0.8333333 0.0625 0.9166667 0.0625 0.8333333 0.0625 0.9166667 0.08333331 1 0.0625 1 0.08333331 0 0.0625 0.08333331 0.0625 0 0.08333331 0.08333331 0.0625 0.1666666 0.0625 0.08333331 0.0625 0.1666666 0.08333331 0.25 0.0625 0.25 0.0625 0.25 0.08333331 0.3333333 0.0625 0.3333333 0.0625 0.3333333 0.08333331 0.4166666 0.0625 0.4166666 0.0625 0.4166666 0.08333331 0.5 0.0625 0.5 0.1041666 0.5 0.08333331 0.5833333 0.08333331 0.5 0.1041666 0.5833333 0.08333331 0.6666667 0.08333331 0.5833333 0.1041666 0.6666667 0.08333331 0.75 0.08333331 0.6666667 0.08333331 0.75 0.1041666 0.8333333 0.08333331 0.8333333 0.1041666 0.8333333 0.08333331 0.9166667 0.08333331 0.8333333 0.1041666 0.9166667 0.08333331 1 0.08333331 0.9166667 0.08333331 0 0.1041666 0.08333331 0.08333331 0.08333331 0.1041666 0.08333331 0.08333331 0.1666666 0.08333331 0.08333331 0.08333331 0.1666666 0.1041666 0.25 0.08333331 0.25 0.1041666 0.25 0.08333331 0.3333333 0.08333331 0.25 0.08333331 0.3333333 0.1041666 0.4166666 0.08333331 0.4166666 0.08333331 0.4166666 0.1041666 0.5 0.08333331 0.5 0.125 0.5 0.1041666 0.5833333 0.1041666 0.5 0.1041666 0.5833333 0.125 0.6666667 0.1041666 0.6666667 0.125 0.6666667 0.1041666 0.75 0.1041666 0.6666667 0.125 0.75 0.1041666 0.8333333 0.1041666 0.75 0.1041666 0.8333333 0.125 0.9166667 0.1041666 0.9166667 0.125 0.9166667 0.1041666 1 0.1041666 0.9166667 0.1041666 0 0.125 0.08333331 0.1041666 0.08333331 0.125 0.08333331 0.1041666 0.1666666 0.1041666 0.08333331 0.1041666 0.1666666 0.125 0.25 0.1041666 0.25 0.125 0.25 0.1041666 0.3333333 0.1041666 0.25 0.1041666 0.3333333 0.125 0.4166666 0.1041666 0.4166666 0.1041666 0.4166666 0.125 0.5 0.1041666 0.5 0.1458333 0.5 0.125 0.5833333 0.125 0.5 0.125 0.5833333 0.1458333 0.6666667 0.125 0.6666667 0.125 0.6666667 0.1458333 0.75 0.125 0.75 0.1458333 0.75 0.125 0.8333333 0.125 0.75 0.1458333 0.8333333 0.125 0.9166667 0.125 0.8333333 0.125 0.9166667 0.1458333 1 0.125 1 0.1458333 0 0.125 0.08333331 0.125 0 0.1458333 0.08333331 0.125 0.1666666 0.125 0.08333331 0.1458333 0.1666666 0.125 0.25 0.125 0.1666666 0.125 0.25 0.1458333 0.3333333 0.125 0.3333333 0.1458333 0.3333333 0.125 0.4166666 0.125 0.3333333 0.125 0.4166666 0.1458333 0.5 0.125 0.5 0.1666666 0.5 0.1458333 0.5833333 0.1458333 0.5 0.1666666 0.5833333 0.1458333 0.6666667 0.1458333 0.5833333 0.1666666 0.6666667 0.1458333 0.75 0.1458333 0.6666667 0.1458333 0.75 0.1666666 0.8333333 0.1458333 0.8333333 0.1666666 0.8333333 0.1458333 0.9166667 0.1458333 0.8333333 0.1458333 0.9166667 0.1666666 1 0.1458333 1 0.1666666 0 0.1458333 0.08333331 0.1458333 0 0.1666666 0.08333331 0.1458333 0.1666666 0.1458333 0.08333331 0.1666666 0.1666666 0.1458333 0.25 0.1458333 0.1666666 0.1666666 0.25 0.1458333 0.3333333 0.1458333 0.25 0.1666666 0.3333333 0.1458333 0.4166666 0.1458333 0.3333333 0.1666666 0.4166666 0.1458333 0.5 0.1458333 0.4166666 0.1875 0.5 0.1666666 0.5833333 0.1666666 0.5 0.1875 0.5833333 0.1666666 0.6666667 0.1666666 0.5833333 0.1666666 0.6666667 0.1875 0.75 0.1666666 0.75 0.1875 0.75 0.1666666 0.8333333 0.1666666 0.75 0.1875 0.8333333 0.1666666 0.9166667 0.1666666 0.8333333 0.1875 0.9166667 0.1666666 1 0.1666666 0.9166667 0.1875 0 0.1666666 0.08333331 0.1666666 0 0.1875 0.08333331 0.1666666 0.1666666 0.1666666 0.08333331 0.1875 0.1666666 0.1666666 0.25 0.1666666 0.1666666 0.1666666 0.25 0.1875 0.3333333 0.1666666 0.3333333 0.1666666 0.3333333 0.1875 0.4166666 0.1666666 0.4166666 0.1666666 0.4166666 0.1875 0.5 0.1666666 0.5 0.1875 0.5 0.2083333 0.5833333 0.1875 0.5833333 0.2083333 0.5833333 0.1875 0.6666667 0.1875 0.5833333 0.2083333 0.6666667 0.1875 0.75 0.1875 0.6666667 0.2083333 0.75 0.1875 0.8333333 0.1875 0.75 0.1875 0.8333333 0.2083333 0.9166667 0.1875 0.9166667 0.1875 0.9166667 0.2083333 1 0.1875 1 0.2083333 0 0.1875 0.08333331 0.1875 0 0.1875 0.08333331 0.2083333 0.1666666 0.1875 0.1666666 0.1875 0.1666666 0.2083333 0.25 0.1875 0.25 0.1875 0.25 0.2083333 0.3333333 0.1875 0.3333333 0.1875 0.3333333 0.2083333 0.4166666 0.1875 0.4166666 0.2083333 0.4166666 0.1875 0.5 0.1875 0.4166666 0.2083333 0.5 0.2291666 0.5833333 0.2083333 0.5833333 0.2083333 0.5833333 0.2291666 0.6666667 0.2083333 0.6666667 0.2083333 0.6666667 0.2291666 0.75 0.2083333 0.75 0.2083333 0.75 0.2291666 0.8333333 0.2083333 0.8333333 0.2083333 0.8333333 0.2291666 0.9166667 0.2083333 0.9166667 0.2291666 0.9166667 0.2083333 1 0.2083333 0.9166667 0.2291666 0 0.2083333 0.08333331 0.2083333 0 0.2083333 0.08333331 0.2291666 0.1666666 0.2083333 0.1666666 0.2291666 0.1666666 0.2083333 0.25 0.2083333 0.1666666 0.2291666 0.25 0.2083333 0.3333333 0.2083333 0.25 0.2291666 0.3333333 0.2083333 0.4166666 0.2083333 0.3333333 0.2083333 0.4166666 0.2291666 0.5 0.2083333 0.5 0.25 0.5 0.2291666 0.5833333 0.2291666 0.5 0.25 0.5833333 0.2291666 0.6666667 0.2291666 0.5833333 0.25 0.6666667 0.2291666 0.75 0.2291666 0.6666667 0.25 0.75 0.2291666 0.8333333 0.2291666 0.75 0.25 0.8333333 0.2291666 0.9166667 0.2291666 0.8333333 0.2291666 0.9166667 0.25 1 0.2291666 1 0.2291666 0 0.25 0.08333331 0.2291666 0.08333331 0.2291666 0.08333331 0.25 0.1666666 0.2291666 0.1666666 0.2291666 0.1666666 0.25 0.25 0.2291666 0.25 0.2291666 0.25 0.25 0.3333333 0.2291666 0.3333333 0.2291666 0.3333333 0.25 0.4166666 0.2291666 0.4166666 0.25 0.4166666 0.2291666 0.5 0.2291666 0.4166666 0.2708333 0.5 0.25 0.5833333 0.25 0.5 0.25 0.5833333 0.2708333 0.6666667 0.25 0.6666667 0.25 0.6666667 0.2708333 0.75 0.25 0.75 0.25 0.75 0.2708333 0.8333333 0.25 0.8333333 0.25 0.8333333 0.2708333 0.9166667 0.25 0.9166667 0.25 0.9166667 0.2708333 1 0.25 1 0.25 0 0.2708333 0.08333331 0.25 0.08333331 0.25 0.08333331 0.2708333 0.1666666 0.25 0.1666666 0.2708333 0.1666666 0.25 0.25 0.25 0.1666666 0.2708333 0.25 0.25 0.3333333 0.25 0.25 0.2708333 0.3333333 0.25 0.4166666 0.25 0.3333333 0.2708333 0.4166666 0.25 0.5 0.25 0.4166666 0.2916666 0.5 0.2708333 0.5833333 0.2708333 0.5 0.2916666 0.5833333 0.2708333 0.6666667 0.2708333 0.5833333 0.2708333 0.6666667 0.2916666 0.75 0.2708333 0.75 0.2916666 0.75 0.2708333 0.8333333 0.2708333 0.75 0.2916666 0.8333333 0.2708333 0.9166667 0.2708333 0.8333333 0.2916666 0.9166667 0.2708333 1 0.2708333 0.9166667 0.2916666 0 0.2708333 0.08333331 0.2708333 0 0.2916666 0.08333331 0.2708333 0.1666666 0.2708333 0.08333331 0.2708333 0.1666666 0.2916666 0.25 0.2708333 0.25 0.2916666 0.25 0.2708333 0.3333333 0.2708333 0.25 0.2708333 0.3333333 0.2916666 0.4166666 0.2708333 0.4166666 0.2708333 0.4166666 0.2916666 0.5 0.2708333 0.5 0.3125 0.5 0.2916666 0.5833333 0.2916666 0.5 0.2916666 0.5833333 0.3125 0.6666667 0.2916666 0.6666667 0.2916666 0.6666667 0.3125 0.75 0.2916666 0.75 0.3125 0.75 0.2916666 0.8333333 0.2916666 0.75 0.2916666 0.8333333 0.3125 0.9166667 0.2916666 0.9166667 0.2916666 0.9166667 0.3125 1 0.2916666 1 0.3125 0 0.2916666 0.08333331 0.2916666 0 0.3125 0.08333331 0.2916666 0.1666666 0.2916666 0.08333331 0.3125 0.1666666 0.2916666 0.25 0.2916666 0.1666666 0.2916666 0.25 0.3125 0.3333333 0.2916666 0.3333333 0.2916666 0.3333333 0.3125 0.4166666 0.2916666 0.4166666 0.2916666 0.4166666 0.3125 0.5 0.2916666 0.5 0.3333333 0.5 0.3125 0.5833333 0.3125 0.5 0.3125 0.5833333 0.3333333 0.6666667 0.3125 0.6666667 0.3333333 0.6666667 0.3125 0.75 0.3125 0.6666667 0.3333333 0.75 0.3125 0.8333333 0.3125 0.75 0.3125 0.8333333 0.3333333 0.9166667 0.3125 0.9166667 0.3125 0.9166667 0.3333333 1 0.3125 1 0.3333333 0 0.3125 0.08333331 0.3125 0 0.3333333 0.08333331 0.3125 0.1666666 0.3125 0.08333331 0.3125 0.1666666 0.3333333 0.25 0.3125 0.25 0.3333333 0.25 0.3125 0.3333333 0.3125 0.25 0.3333333 0.3333333 0.3125 0.4166666 0.3125 0.3333333 0.3333333 0.4166666 0.3125 0.5 0.3125 0.4166666 0.3333333 0.5 0.3541666 0.5833333 0.3333333 0.5833333 0.3541666 0.5833333 0.3333333 0.6666667 0.3333333 0.5833333 0.3541666 0.6666667 0.3333333 0.75 0.3333333 0.6666667 0.3541666 0.75 0.3333333 0.8333333 0.3333333 0.75 0.3541666 0.8333333 0.3333333 0.9166667 0.3333333 0.8333333 0.3541666 0.9166667 0.3333333 1 0.3333333 0.9166667 0.3333333 0 0.3541666 0.08333331 0.3333333 0.08333331 0.3333333 0.08333331 0.3541666 0.1666666 0.3333333 0.1666666 0.3333333 0.1666666 0.3541666 0.25 0.3333333 0.25 0.3541666 0.25 0.3333333 0.3333333 0.3333333 0.25 0.3333333 0.3333333 0.3541666 0.4166666 0.3333333 0.4166666 0.3541666 0.4166666 0.3333333 0.5 0.3333333 0.4166666 0.375 0.5 0.3541666 0.5833333 0.3541666 0.5 0.3541666 0.5833333 0.375 0.6666667 0.3541666 0.6666667 0.3541666 0.6666667 0.375 0.75 0.3541666 0.75 0.3541666 0.75 0.375 0.8333333 0.3541666 0.8333333 0.375 0.8333333 0.3541666 0.9166667 0.3541666 0.8333333 0.3541666 0.9166667 0.375 1 0.3541666 1 0.3541666 0 0.375 0.08333331 0.3541666 0.08333331 0.375 0.08333331 0.3541666 0.1666666 0.3541666 0.08333331 0.375 0.1666666 0.3541666 0.25 0.3541666 0.1666666 0.375 0.25 0.3541666 0.3333333 0.3541666 0.25 0.3541666 0.3333333 0.375 0.4166666 0.3541666 0.4166666 0.375 0.4166666 0.3541666 0.5 0.3541666 0.4166666 0.3958333 0.5 0.375 0.5833333 0.375 0.5 0.3958333 0.5833333 0.375 0.6666667 0.375 0.5833333 0.3958333 0.6666667 0.375 0.75 0.375 0.6666667 0.3958333 0.75 0.375 0.8333333 0.375 0.75 0.3958333 0.8333333 0.375 0.9166667 0.375 0.8333333 0.3958333 0.9166667 0.375 1 0.375 0.9166667 0.3958333 0 0.375 0.08333331 0.375 0 0.3958333 0.08333331 0.375 0.1666666 0.375 0.08333331 0.375 0.1666666 0.3958333 0.25 0.375 0.25 0.375 0.25 0.3958333 0.3333333 0.375 0.3333333 0.375 0.3333333 0.3958333 0.4166666 0.375 0.4166666 0.3958333 0.4166666 0.375 0.5 0.375 0.4166666 0.4166666 0.5 0.3958333 0.5833333 0.3958333 0.5 0.3958333 0.5833333 0.4166666 0.6666667 0.3958333 0.6666667 0.3958333 0.6666667 0.4166666 0.75 0.3958333 0.75 0.3958333 0.75 0.4166666 0.8333333 0.3958333 0.8333333 0.4166666 0.8333333 0.3958333 0.9166667 0.3958333 0.8333333 0.3958333 0.9166667 0.4166666 1 0.3958333 1 0.4166666 0 0.3958333 0.08333331 0.3958333 0 0.3958333 0.08333331 0.4166666 0.1666666 0.3958333 0.1666666 0.3958333 0.1666666 0.4166666 0.25 0.3958333 0.25 0.4166666 0.25 0.3958333 0.3333333 0.3958333 0.25 0.3958333 0.3333333 0.4166666 0.4166666 0.3958333 0.4166666 0.4166666 0.4166666 0.3958333 0.5 0.3958333 0.4166666 0.4375 0.5 0.4166666 0.5833333 0.4166666 0.5 0.4166666 0.5833333 0.4375 0.6666667 0.4166666 0.6666667 0.4166666 0.6666667 0.4375 0.75 0.4166666 0.75 0.4166666 0.75 0.4375 0.8333333 0.4166666 0.8333333 0.4375 0.8333333 0.4166666 0.9166667 0.4166666 0.8333333 0.4166666 0.9166667 0.4375 1 0.4166666 1 0.4166666 0 0.4375 0.08333331 0.4166666 0.08333331 0.4375 0.08333331 0.4166666 0.1666666 0.4166666 0.08333331 0.4375 0.1666666 0.4166666 0.25 0.4166666 0.1666666 0.4375 0.25 0.4166666 0.3333333 0.4166666 0.25 0.4166666 0.3333333 0.4375 0.4166666 0.4166666 0.4166666 0.4375 0.4166666 0.4166666 0.5 0.4166666 0.4166666 0.4583333 0.5 0.4375 0.5833333 0.4375 0.5 0.4583333 0.5833333 0.4375 0.6666667 0.4375 0.5833333 0.4583333 0.6666667 0.4375 0.75 0.4375 0.6666667 0.4375 0.75 0.4583333 0.8333333 0.4375 0.8333333 0.4375 0.8333333 0.4583333 0.9166667 0.4375 0.9166667 0.4583333 0.9166667 0.4375 1 0.4375 0.9166667 0.4583333 0 0.4375 0.08333331 0.4375 0 0.4375 0.08333331 0.4583333 0.1666666 0.4375 0.1666666 0.4375 0.1666666 0.4583333 0.25 0.4375 0.25 0.4375 0.25 0.4583333 0.3333333 0.4375 0.3333333 0.4583333 0.3333333 0.4375 0.4166666 0.4375 0.3333333 0.4375 0.4166666 0.4583333 0.5 0.4375 0.5 0.4791666 0.5 0.4583333 0.5833333 0.4583333 0.5 0.4583333 0.5833333 0.4791666 0.6666667 0.4583333 0.6666667 0.4583333 0.6666667 0.4791666 0.75 0.4583333 0.75 0.4583333 0.75 0.4791666 0.8333333 0.4583333 0.8333333 0.4583333 0.8333333 0.4791666 0.9166667 0.4583333 0.9166667 0.4583333 0.9166667 0.4791666 1 0.4583333 1 0.4583333 0 0.4791666 0.08333331 0.4583333 0.08333331 0.4791666 0.08333331 0.4583333 0.1666666 0.4583333 0.08333331 0.4791666 0.1666666 0.4583333 0.25 0.4583333 0.1666666 0.4791666 0.25 0.4583333 0.3333333 0.4583333 0.25 0.4791666 0.3333333 0.4583333 0.4166666 0.4583333 0.3333333 0.4791666 0.4166666 0.4583333 0.5 0.4583333 0.4166666 0.5 0.5 0.4791666 0.5833333 0.4791666 0.5 0.5 0.5833333 0.4791666 0.6666667 0.4791666 0.5833333 0.5 0.6666667 0.4791666 0.75 0.4791666 0.6666667 0.5 0.75 0.4791666 0.8333333 0.4791666 0.75 0.5 0.8333333 0.4791666 0.9166667 0.4791666 0.8333333 0.5 0.9166667 0.4791666 1 0.4791666 0.9166667 0.5 0 0.4791666 0.08333331 0.4791666 0 0.5 0.08333331 0.4791666 0.1666666 0.4791666 0.08333331 0.5 0.1666666 0.4791666 0.25 0.4791666 0.1666666 0.5 0.25 0.4791666 0.3333333 0.4791666 0.25 0.4791666 0.3333333 0.5 0.4166666 0.4791666 0.4166666 0.5 0.4166666 0.4791666 0.5 0.4791666 0.4166666 0 0 0 0 0 0 0 0 0 0 0 0 0 0 0 0 0 0 0 0 0 0 0 0 0 0 0 0 0 0 0 0 0 0 0 0 0 0 0 0 0 0 0 0 0 0 0 0 0 0 0 0 0 0 0 0 0 0 0 0 0 0 0 0 0 0 0 0 0 0 0 0 0 0 0 0 0 0 0 0 0 0 0 0 0 0 0 0 0 0 0 0 0 0 0 0 0 0 0 0 0 0 0 0 0 0 0 0 0 0 0 0 0 0 0 0 0 0 0 0 0 0 0 0 0 0 0 0 0 0 0 0 0 0 0 0 0 0 0 0 0 0 0 0 0 0 0 0 0 0 0 0 0 0 0 0 0 0 0 0 0 0 0 0 0 0 0 0 0 0 0 0 0 0 0 0 0 0 0 0 0 0 0 0 0 0 0 0 0 0 0 0 0 0 0 0 0 0 0 0 0 0 0 0 0 0 0 0 0 0 0 0 0 0 0 0 0 0 0 0 0 0 0 0 0 0 0 0 0 0 0 0 0 0 0 0 0 0 0 0 0 0 0 0 0 0 0 0 0 0 0 0 0 0 0 0 0 0 0 0 0 0 0 0 0 0 0 0 0 0 0 0 0 0 0 0 0 0 0 0 0 0 0 0 0 0 0 0 0 0 0 0 0 0 0 0 0 0 0 0 0 0 0 0 0 0 0 0 0 0 0 0 0 0 0 0 0 0 0 0 0 0 0 0 0 0 0 0 0 0 0 0 0 0 0 0 0 0 0 0 0 0 0 0 0 0 0 0 0 0 0 0 0 0 0 0 0 0 0 0 0 0 0 0 0 0 0 0 0 0 0 0 0 0 0 0 0 0 0 0 0 0 0 0 0 0 0 0 0 0 0 0 0 0 0 0 0 0 0 0 0 0 0 0 0 0 0 0 0 0 0 0 0 0 0 0 0 0 0 0 0 0 0 0 0 0 0 0 0 0 0 0 0 0 0 0 0 0 0 0 0 0 0 0 0 0 0 0 0 0 0 0 0 0 0 0 0 0 0 0 0 0 0 0 0 0 0 0 0 0 0 0 0 0 0 0 0 0 0 0 0 0 0 0 0 0 0 0 0 0 0 0 0 0 0 0 0 0 0 0 0 0 0 0 0 0 0 0 0 0 0 0 0 0 0 0 0 0 0 0 0 0 0 0 0 0 0 0 0 0 0 0 0 0 0 0 0 0 0 0 0 0 0 0 0 0 0 0 0 0 0 0 0 0 0 0 0 0 0 0 0 0 0 0 0 0 0 0 0 0 0 0 0 0 0 0 0 0 0 0 0 0 0 0 0 0 0 0 0 0 0 0 0 0 0 0 0 0 0 0 0 0 0 0 0 0 0 0 0 0 0 0 0 0 0 0 0 0 0 0 0 0 0 0 0 0 0 0 0 0 0 0 0 0 0 0 0 0 0 0 0 0 0 0 0 0 0 0 0 0 0 0 0 0 0 0 0 0 0 0 0 0 0 0 0 0 0 0 0 0 0 0 0 0 0 0 0 0 0 0 0 0 0 0 0 0 0 0 0 0 0 0 0 0 0 0 0 0 0 0 0 0 0 0 0 0 0 0 0 0 0 0 0 0 0 0 0 0 0 0 0 0 0 0 0 0 0 0 0 0 0 0 0 0 0 0 0 0 0 0 0 0 0 0 0 0 0 0 0 0 0 0 0 0 0 0 0 0 0 0 0 0 0 0 0 0 0 0 0 0 0 0 0 0 0.7813878 0.2186122 0.7813878 0.7813878 0.7813878 0.7813878 0 0 1 1 0 1 1 0 0 0 0 0 1 1 1 0 1 0 0 0 0 1 0 1 0 1 1 1 1 1 0.2186122 0.2186122 0 1 0.2186122 0.7813878 0.7813878 0.2186122 0 0 0.2186122 0.2186122 0.7813878 0.7813878 1 0 0.7813878 0.2186122 0.2186122 0.7813878 1 1 0.7813878 0.7813878 0.2186122 0.2186122 0.7813878 0.7813878 0.7813878 0.2186122 0.2186122 0.7813878 0.2186122 0.2186122 0.2186122 0.2186122 0.2186122 0.7813878 0.7813878 0.7813878 0.2186122 0.7813878 0.7813878 0.2186122 0.2186122 0.2186122 0.7813878 0.2186122 0.7813878 0.2186122 0.7813878 0.7813878 0.7813878 0.7813878 0 0 1 1 0 1 1 0 0 0 0 0 1 1 1 0 1 0 0 1 0 0 0 1 0 1 1 1 1 1 0.2186122 0.7813878 0 0 0 1 0.2186122 0.2186122 1 0 0 0 0.7813878 0.2186122 1 1 1 0 0.2186122 0.7813878 1 1 0.7813878 0.7813878 0.2186122 0.7813878 0.7813878 0.2186122 0.2186122 0.2186122 0.2186122 0.7813878 0.2186122 0.2186122 0.2186122 0.2186122 0.7813878 0.7813878 0.2186122 0.7813878 0.2186122 0.7813878 0.2186122 0.2186122 0.7813878 0.2186122 0.7813878 0.2186122 0.7813878 0.7813878 0.7813878 0.2186122 0.7813878 0.7813878 1 0 0 1 0 0 1 0 0 0 0 0 1 1 1 0 1 0 0 0 0 1 0 1 1 1 0 1 1 1 0.2186122 0.2186122 0 1 0.2186122 0.7813878 0.7813878 0.2186122 0 0 0.2186122 0.2186122 0.7813878 0.7813878 1 0 0.7813878 0.2186122 0.7813878 0.7813878 0 1 1 1 0.2186122 0.2186122 0.7813878 0.7813878 0.7813878 0.2186122 0.2186122 0.7813878 0.2186122 0.2186122 0.2186122 0.2186122 0.2186122 0.7813878 0.7813878 0.7813878 0.2186122 0.7813878 0.2186122 0.2186122 0.7813878 0.2186122 0.7813878 0.2186122 0.7813878 0.2186122 0.7813878 0.7813878 0.7813878 0.7813878 1 0 0 1 0 0 1 0 0 0 0 0 1 1 1 0 1 0 0 0 0 1 0 1 0 1 1 1 1 1 0.2186122 0.7813878 0 0 0 1 0.7813878 0.2186122 0 0 0.2186122 0.2186122 0.7813878 0.2186122 1 1 1 0 0.7813878 0.7813878 0 1 1 1 0.2186122 0.2186122 0.7813878 0.7813878 0.7813878 0.2186122 0.2186122 0.7813878 0.2186122 0.2186122 0.2186122 0.2186122 0.7813878 0.7813878 0.2186122 0.7813878 0.2186122 0.7813878 0.2186122 0.2186122 0.7813878 0.2186122 0.7813878 0.2186122 0.7813878 0.7813878 0.7813878 0.2186122 0.7813878 0.7813878 0 0 1 1 0 1 1 0 0 0 0 0 1 1 1 0 1 0 0 1 0 0 0 1 0 1 1 1 1 1 0.2186122 0.2186122 0 1 0.2186122 0.7813878 0.2186122 0.2186122 1 0 0 0 0.7813878 0.7813878 1 0 0.7813878 0.2186122 0.2186122 0.7813878 1 1 0.7813878 0.7813878 0.2186122 0.7813878 0.7813878 0.2186122 0.2186122 0.2186122 0.2186122 0.2186122 0.2186122 0.7813878 0.2186122 0.2186122 0.7813878 0.7813878 0.2186122 0.7813878 0.2186122 0.7813878 0.7813878 0.2186122 0.2186122 0.2186122 0.7813878 0.2186122 1 1 0.8 0.5 1 0.5 0.8 0.5 0.6 1 0.6 0.5 0.6 0.5 0.4 1 0.4 0.5 0.25 0.49 0.1089315 0.0558359 0.3910685 0.0558359 0.4 1 0.2 0.5 0.4 0.5 0.2 0.5 0 1 0 0.5 0.9782536 0.3241641 0.6089316 0.0558359 0.5217465 0.3241641 0 0 0 0 0 0 0 0 0 0 0 0 0 0 0 0 0 0 0 0 0 0 0 0 0 0 0 0 0 0 0 0 0 0 0 0 0 0 0 0 0 0 0 0 0 0 0 0 0 0 0 0 0 0 0 0 0 0 0 0 0 0 0 0 0 0 0 0 0 0 0 0 0 0 0 0 0 0 0 0 0 0 0 0 0 0 0 0 0 0 0 0 0 0 0 0 0 0 0 0 0 0 0 0 0 0 0 0 0 0 0 0 0 0 0 0 0 0 0 0 0 0 0 0 0 0 0 0 0 0 0 0 0 0 0 0 0 0 0 0 0 0 0 0 0 0 0 0 0 0 0 0 0 0 0 0 0 0 0 0 0 0 0 0 0 0 0 0 0 0 0 0 0 0 0 0 0 0 0 0 0 0 0 0 0 0 0 0 0 0 0 0 0 0 0 0 0 0 0 0 0 0 0 0 0 0 0 0 0 0 0 0 0 0 0 0 0 0 0 0 0 0 0 0 0 0 0 0 0 0 0 0 0 0 0 0 0 0 0 0 0 0 0 0 0 0 0 0 0 0 0 0 0 0 0 0 0 0 0 0 0 0 0 0 0 0 0 0 0 0 0 0 0 0 0 0 0 0 0 0 0 0 0 0 0 0 0 0 0 0 0 0 0 0 0 0 0 0 0 0 0 0 0 0 0 0 0 0 0 0 0 0 0 0 0 0 0 0 0 0 0 0 0 0 0 0 0 0 0 0 0 0 0 0 0 0 0 0 0 0 0 0 0 0 0 0 0 0 0 0 0 0 0 0 0 0 0 0 0 0 0 0 0 0 0 0 0 0 0 0 0 0 0 0 0 0 0 0 0 0 0 0 0 0 0 0 0 0 0 0 0 0 0 0 0 0 0 0 0 0 0 0 0 0 0 0 0 0 0 0 0 0 0 0 0 0 0 0 0 0 0 0 0 0 0 0 0 0 0 0 0 0 0 0 0 0 0 0 0 0 0 0 0 0 0 0 0 0 0 0 0 0 0 0 0 0 0 0 0 0 0 0 0 0 0 0 0 0 0 0 0 0 0 0 0 0 0 0 0 0 0 0 0 0 0 0 0 0 0 0 0 0 0 0 0 0 0 0 0 0 0 0 0 0 0 0 0 0 0 0 0 0 0 0 0 0 0 0 0 0 0 0 0 0 0 0 0 0 0 0 0 0 0 0 0 0 0 0 0 0 0 0 0 0 0 0 0 0 0 0 0 0 0 0 0 0 0 0 0 0 0 0 0 0 0 0 0 0 0 0 0 0 0 0 0 0 0 0 0 0 0 0 0 0 0 0 0 0 0 0 0 0 0 0 0 0 0 0 0 0 0 0 0 0 0 0 0 0 0 0 0 0 0 0 0 0 0 0 0 0 0 0 0 0 0 0 0 0 0 0 0 0 0 0 0 0 0 0 0 0 0 0 0 0 0 0 0 0 0 0 0 0 0 0 0 0 0 0 0 0 0 0 0 0 0 0 0 0 0 0 0 0 0 0 0 0 0 0 0 0 0 0 0 0 0 0 0 0 0 0 0 0 0 0 0 0 0 0 0 0 0 0 0 0 0 0 0 0 0 0 0 0 0 0 0 0 0 0 0 0 0 0 0 0 0 0 0 0 0 0 0 0 0 0 0 0 0 0 0 0 0 0 0 0 0 0 0 0 0 0 0 0 0 0 0 0 0 0 0 0 0 0 0 0 0 0 0 0 0 0 0 0 0 0 0 0 0 0 0 0 0 0 0 0 0 0 0 0 0 0 0 0 0 0 0 0 0 0 0 0 0 0 0 0 0 0 0 0 0 0 0 0 0 0 0 0 0 0 0 0 0 0 0 0 0 0 0 0 0 0 0 0 0 0 0 0 0 0 0 0 0 0 0 0 0 0 0 0 0 0 0 0 0 0 0 0 0 0 0 0 0 0 0 0 0 0 0 0 0 0 0 0 0 0 0 0 0 0 0 0 0 0 0 0 0 0 0 0 0 0 0 0 0 0 0 0 0 0 0 0 0 0 0 0 0 0 0 0 0 0 0 0 0 0 0 0 0 0 0 0 0 0 0 0 0 0 0 0 0 0 0 0 0 0 0 0 0 0 0 0 0 0 0.7813878 0.2186122 0.7813878 0.2186122 0.7813878 0.7813878 1 0 1 1 0 1 0 0 1 0 1 0 1 0 1 1 1 1 0 1 0 0 0 0 1 1 0 1 0 1 0.2186122 0.7813878 0.2186122 0.2186122 0 0 0.7813878 0.2186122 1 0 0 0 0.7813878 0.7813878 1 1 1 0 0.2186122 0.7813878 0 1 1 1 0.2186122 0.2186122 0.2186122 0.7813878 0.7813878 0.7813878 0.2186122 0.2186122 0.2186122 0.7813878 0.2186122 0.7813878 0.7813878 0.7813878 0.7813878 0.7813878 0.2186122 0.7813878 0.7813878 0.2186122 0.2186122 0.2186122 0.2186122 0.2186122 0.7813878 0.2186122 0.7813878 0.2186122 0.7813878 0.7813878 0 0 1 0 1 1 0 0 1 0 1 0 1 1 1 1 1 0 0 0 0 0 0 1 1 1 0 1 0 1 0.2186122 0.7813878 0.2186122 0.2186122 0 0 0.7813878 0.2186122 1 0 0 0 0.7813878 0.2186122 0.7813878 0.7813878 1 1 0.2186122 0.7813878 0 1 1 1 0.2186122 0.7813878 0.7813878 0.7813878 0.7813878 0.2186122 0.2186122 0.2186122 0.2186122 0.7813878 0.2186122 0.7813878 0.2186122 0.7813878 0.7813878 0.7813878 0.7813878 0.7813878 0.2186122 0.2186122 0.2186122 0.2186122 0.7813878 0.2186122 0.7813878 0.2186122 0.7813878 0.2186122 0.7813878 0.7813878 0 0 1 0 1 1 0 0 1 0 1 0 1 0 1 1 1 1 0 0 0 0 0 1 0 1 0 1 1 1 0.2186122 0.2186122 0 0 0 1 0.7813878 0.2186122 1 0 0 0 0.7813878 0.2186122 0.7813878 0.7813878 1 1 0.2186122 0.7813878 0 1 1 1 0.2186122 0.2186122 0.2186122 0.7813878 0.7813878 0.7813878 0.2186122 0.2186122 0.2186122 0.7813878 0.2186122 0.7813878 0.2186122 0.7813878 0.7813878 0.7813878 0.7813878 0.7813878 0.7813878 0.2186122 0.2186122 0.2186122 0.2186122 0.2186122 0.7813878 0.2186122 0.7813878 0.2186122 0.7813878 0.7813878 0 0 1 0 1 1 1 0 1 0 0 0 1 1 1 1 1 0 0 1 0 0 0 0 0 1 0 1 1 1 0.2186122 0.2186122 0 0 0 1 0.7813878 0.2186122 1 0 0 0 0.7813878 0.2186122 0.7813878 0.7813878 1 1 0.7813878 0.7813878 0.2186122 0.7813878 0 1 0.2186122 0.2186122 0.2186122 0.7813878 0.7813878 0.7813878 0.2186122 0.7813878 0.2186122 0.7813878 0.2186122 0.2186122 0.7813878 0.7813878 0.7813878 0.7813878 0.2186122 0.7813878 0.2186122 0.2186122 0.2186122 0.2186122 0.7813878 0.2186122 0.7813878 0.2186122 0.7813878 0.2186122 0.7813878 0.7813878 0 0 1 0 1 1 0 0 1 0 1 0 1 1 1 1 1 0 0 1 0 0 0 0 1 1 0 1 0 1 0.2186122 0.7813878 0.2186122 0.2186122 0 0 0.2186122 0.2186122 0.7813878 0.2186122 1 0 0.7813878 0.7813878 1 1 1 0 0.2186122 0.7813878 0 1 1 1 0.2186122 0.2186122 0.2186122 0.7813878 0.7813878 0.7813878 0.2186122 0.2186122 0.2186122 0.7813878 0.2186122 0.7813878 0.2186122 0.7813878 0.7813878 0.7813878 0.7813878 0.7813878 0.2186122 0.2186122 0.2186122 0.2186122 0.7813878 0.2186122 1 1 0.8 1 0.8 0.5 0.8 1 0.6 1 0.6 0.5 0.6 1 0.4 1 0.4 0.5 0.3910685 0.0558359 0.4782536 0.3241641 0.25 0.49 0.25 0.49 0.02174639 0.3241641 0.1089315 0.0558359 0.4 1 0.2 1 0.2 0.5 0.2 0.5 0.2 1 0 1 0.5217465 0.3241641 0.75 0.49 0.9782536 0.3241641 0.9782536 0.3241641 0.8910685 0.0558359 0.6089316 0.0558359 0.5 0.5 0.5208333 0.5 0.5208333 0.5833333 0.5 0.5833333 0.5208333 0.5833333 0.5208333 0.6666667 0.5 0.6666667 0.5208333 0.6666667 0.5208333 0.75 0.5 0.75 0.5208333 0.75 0.5208333 0.8333333 0.5 0.8333333 0.5208333 0.8333333 0.5208333 0.9166667 0.5 0.9166667 0.5208333 0.9166667 0.5208333 1 0.5208333 0 0.5208333 0.08333331 0.5 0.08333331 0.5 0.08333331 0.5208333 0.08333331 0.5208333 0.1666666 0.5 0.1666666 0.5208333 0.1666666 0.5208333 0.25 0.5 0.25 0.5208333 0.25 0.5208333 0.3333333 0.5208333 0.3333333 0.5208333 0.4166666 0.5 0.4166666 0.5208333 0.4166666 0.5208333 0.5 0.5 0.5 0.5208333 0.5 0.5416667 0.5 0.5416667 0.5833333 0.5416667 0.5833333 0.5416667 0.6666667 0.5208333 0.6666667 0.5416667 0.6666667 0.5416667 0.75 0.5208333 0.75 0.5416667 0.75 0.5416667 0.8333333 0.5208333 0.8333333 0.5416667 0.8333333 0.5416667 0.9166667 0.5208333 0.9166667 0.5416667 0.9166667 0.5416667 1 0.5208333 1 0.5416667 0 0.5416667 0.08333331 0.5208333 0.08333331 0.5208333 0.08333331 0.5416667 0.08333331 0.5416667 0.1666666 0.5208333 0.1666666 0.5416667 0.1666666 0.5416667 0.25 0.5416667 0.25 0.5416667 0.3333333 0.5208333 0.3333333 0.5208333 0.3333333 0.5416667 0.3333333 0.5416667 0.4166666 0.5208333 0.4166666 0.5416667 0.4166666 0.5416667 0.5 0.5625 0.5 0.5625 0.5833333 0.5416667 0.5833333 0.5625 0.5833333 0.5625 0.6666667 0.5416667 0.6666667 0.5416667 0.6666667 0.5625 0.6666667 0.5625 0.75 0.5416667 0.75 0.5625 0.75 0.5625 0.8333333 0.5625 0.8333333 0.5625 0.9166667 0.5416667 0.9166667 0.5625 0.9166667 0.5625 1 0.5416667 1 0.5625 0 0.5625 0.08333331 0.5416667 0.08333331 0.5625 0.08333331 0.5625 0.1666666 0.5416667 0.1666666 0.5625 0.1666666 0.5625 0.25 0.5416667 0.25 0.5416667 0.25 0.5625 0.25 0.5625 0.3333333 0.5625 0.3333333 0.5625 0.4166666 0.5416667 0.4166666 0.5625 0.4166666 0.5625 0.5 0.5416667 0.5 0.5833333 0.5 0.5833333 0.5833333 0.5625 0.5833333 0.5833333 0.5833333 0.5833333 0.6666667 0.5625 0.6666667 0.5625 0.6666667 0.5833333 0.6666667 0.5833333 0.75 0.5833333 0.75 0.5833333 0.8333333 0.5625 0.8333333 0.5625 0.8333333 0.5833333 0.8333333 0.5833333 0.9166667 0.5833333 0.9166667 0.5833333 1 0.5625 1 0.5833333 0 0.5833333 0.08333331 0.5625 0.08333331 0.5625 0.08333331 0.5833333 0.08333331 0.5833333 0.1666666 0.5625 0.1666666 0.5833333 0.1666666 0.5833333 0.25 0.5625 0.25 0.5833333 0.25 0.5833333 0.3333333 0.5833333 0.3333333 0.5833333 0.4166666 0.5625 0.4166666 0.5833333 0.4166666 0.5833333 0.5 0.5625 0.5 0.5833333 0.5 0.6041667 0.5 0.6041667 0.5833333 0.5833333 0.5833333 0.6041667 0.5833333 0.6041667 0.6666667 0.6041667 0.6666667 0.6041667 0.75 0.5833333 0.75 0.6041667 0.75 0.6041667 0.8333333 0.5833333 0.8333333 0.5833333 0.8333333 0.6041667 0.8333333 0.6041667 0.9166667 0.6041667 0.9166667 0.6041667 1 0.5833333 1 0.5833333 0 0.6041667 0 0.6041667 0.08333331 0.6041667 0.08333331 0.6041667 0.1666666 0.5833333 0.1666666 0.6041667 0.1666666 0.6041667 0.25 0.5833333 0.25 0.5833333 0.25 0.6041667 0.25 0.6041667 0.3333333 0.6041667 0.3333333 0.6041667 0.4166666 0.5833333 0.4166666 0.6041667 0.4166666 0.6041667 0.5 0.5833333 0.5 0.625 0.5 0.625 0.5833333 0.6041667 0.5833333 0.625 0.5833333 0.625 0.6666667 0.6041667 0.6666667 0.625 0.6666667 0.625 0.75 0.6041667 0.75 0.625 0.75 0.625 0.8333333 0.6041667 0.8333333 0.625 0.8333333 0.625 0.9166667 0.6041667 0.9166667 0.625 0.9166667 0.625 1 0.6041667 1 0.6041667 0 0.625 0 0.625 0.08333331 0.625 0.08333331 0.625 0.1666666 0.6041667 0.1666666 0.6041667 0.1666666 0.625 0.1666666 0.625 0.25 0.6041667 0.25 0.625 0.25 0.625 0.3333333 0.6041667 0.3333333 0.625 0.3333333 0.625 0.4166666 0.6041667 0.4166666 0.625 0.4166666 0.625 0.5 0.625 0.5 0.6458333 0.5 0.6458333 0.5833333 0.6458333 0.5833333 0.6458333 0.6666667 0.625 0.6666667 0.6458333 0.6666667 0.6458333 0.75 0.625 0.75 0.6458333 0.75 0.6458333 0.8333333 0.625 0.8333333 0.6458333 0.8333333 0.6458333 0.9166667 0.625 0.9166667 0.625 0.9166667 0.6458333 0.9166667 0.6458333 1 0.625 0 0.6458333 0 0.6458333 0.08333331 0.625 0.08333331 0.6458333 0.08333331 0.6458333 0.1666666 0.625 0.1666666 0.6458333 0.1666666 0.6458333 0.25 0.6458333 0.25 0.6458333 0.3333333 0.625 0.3333333 0.6458333 0.3333333 0.6458333 0.4166666 0.625 0.4166666 0.6458333 0.4166666 0.6458333 0.5 0.625 0.5 0.6458333 0.5 0.6666667 0.5 0.6666667 0.5833333 0.6458333 0.5833333 0.6666667 0.5833333 0.6666667 0.6666667 0.6458333 0.6666667 0.6666667 0.6666667 0.6666667 0.75 0.6458333 0.75 0.6666667 0.75 0.6666667 0.8333333 0.6458333 0.8333333 0.6666667 0.8333333 0.6666667 0.9166667 0.6666667 0.9166667 0.6666667 1 0.6458333 1 0.6458333 0 0.6666667 0 0.6666667 0.08333331 0.6666667 0.08333331 0.6666667 0.1666666 0.6458333 0.1666666 0.6666667 0.1666666 0.6666667 0.25 0.6458333 0.25 0.6666667 0.25 0.6666667 0.3333333 0.6458333 0.3333333 0.6458333 0.3333333 0.6666667 0.3333333 0.6666667 0.4166666 0.6666667 0.4166666 0.6666667 0.5 0.6458333 0.5 0.6875 0.5 0.6875 0.5833333 0.6666667 0.5833333 0.6875 0.5833333 0.6875 0.6666667 0.6666667 0.6666667 0.6875 0.6666667 0.6875 0.75 0.6666667 0.75 0.6666667 0.75 0.6875 0.75 0.6875 0.8333333 0.6875 0.8333333 0.6875 0.9166667 0.6666667 0.9166667 0.6666667 0.9166667 0.6875 0.9166667 0.6875 1 0.6666667 0 0.6875 0 0.6875 0.08333331 0.6666667 0.08333331 0.6875 0.08333331 0.6875 0.1666666 0.6666667 0.1666666 0.6875 0.1666666 0.6875 0.25 0.6875 0.25 0.6875 0.3333333 0.6666667 0.3333333 0.6666667 0.3333333 0.6875 0.3333333 0.6875 0.4166666 0.6875 0.4166666 0.6875 0.5 0.6666667 0.5 0.6875 0.5 0.7083333 0.5 0.7083333 0.5833333 0.6875 0.5833333 0.7083333 0.5833333 0.7083333 0.6666667 0.7083333 0.6666667 0.7083333 0.75 0.6875 0.75 0.6875 0.75 0.7083333 0.75 0.7083333 0.8333333 0.7083333 0.8333333 0.7083333 0.9166667 0.6875 0.9166667 0.7083333 0.9166667 0.7083333 1 0.6875 1 0.6875 0 0.7083333 0 0.7083333 0.08333331 0.7083333 0.08333331 0.7083333 0.1666666 0.6875 0.1666666 0.6875 0.1666666 0.7083333 0.1666666 0.7083333 0.25 0.7083333 0.25 0.7083333 0.3333333 0.6875 0.3333333 0.7083333 0.3333333 0.7083333 0.4166666 0.6875 0.4166666 0.6875 0.4166666 0.7083333 0.4166666 0.7083333 0.5 0.7291667 0.5 0.7291667 0.5833333 0.7083333 0.5833333 0.7083333 0.5833333 0.7291667 0.5833333 0.7291667 0.6666667 0.7291667 0.6666667 0.7291667 0.75 0.7083333 0.75 0.7291667 0.75 0.7291667 0.8333333 0.7083333 0.8333333 0.7291667 0.8333333 0.7291667 0.9166667 0.7083333 0.9166667 0.7083333 0.9166667 0.7291667 0.9166667 0.7291667 1 0.7083333 0 0.7291667 0 0.7291667 0.08333331 0.7291667 0.08333331 0.7291667 0.1666666 0.7083333 0.1666666 0.7083333 0.1666666 0.7291667 0.1666666 0.7291667 0.25 0.7083333 0.25 0.7291667 0.25 0.7291667 0.3333333 0.7291667 0.3333333 0.7291667 0.4166666 0.7083333 0.4166666 0.7291667 0.4166666 0.7291667 0.5 0.7083333 0.5 0.75 0.5 0.75 0.5833333 0.7291667 0.5833333 0.7291667 0.5833333 0.75 0.5833333 0.75 0.6666667 0.7291667 0.6666667 0.75 0.6666667 0.75 0.75 0.7291667 0.75 0.75 0.75 0.75 0.8333333 0.7291667 0.8333333 0.75 0.8333333 0.75 0.9166667 0.75 0.9166667 0.75 1 0.7291667 1 0.75 0 0.75 0.08333331 0.7291667 0.08333331 0.75 0.08333331 0.75 0.1666666 0.7291667 0.1666666 0.75 0.1666666 0.75 0.25 0.7291667 0.25 0.75 0.25 0.75 0.3333333 0.7291667 0.3333333 0.7291667 0.3333333 0.75 0.3333333 0.75 0.4166666 0.7291667 0.4166666 0.75 0.4166666 0.75 0.5 0.7708333 0.5 0.7708333 0.5833333 0.75 0.5833333 0.75 0.5833333 0.7708333 0.5833333 0.7708333 0.6666667 0.7708333 0.6666667 0.7708333 0.75 0.75 0.75 0.7708333 0.75 0.7708333 0.8333333 0.75 0.8333333 0.7708333 0.8333333 0.7708333 0.9166667 0.75 0.9166667 0.7708333 0.9166667 0.7708333 1 0.75 1 0.7708333 0 0.7708333 0.08333331 0.75 0.08333331 0.75 0.08333331 0.7708333 0.08333331 0.7708333 0.1666666 0.75 0.1666666 0.7708333 0.1666666 0.7708333 0.25 0.75 0.25 0.7708333 0.25 0.7708333 0.3333333 0.75 0.3333333 0.7708333 0.3333333 0.7708333 0.4166666 0.75 0.4166666 0.7708333 0.4166666 0.7708333 0.5 0.7916667 0.5 0.7916667 0.5833333 0.7708333 0.5833333 0.7708333 0.5833333 0.7916667 0.5833333 0.7916667 0.6666667 0.7708333 0.6666667 0.7916667 0.6666667 0.7916667 0.75 0.7708333 0.75 0.7916667 0.75 0.7916667 0.8333333 0.7708333 0.8333333 0.7916667 0.8333333 0.7916667 0.9166667 0.7916667 0.9166667 0.7916667 1 0.7708333 1 0.7708333 0 0.7916667 0 0.7916667 0.08333331 0.7916667 0.08333331 0.7916667 0.1666666 0.7708333 0.1666666 0.7916667 0.1666666 0.7916667 0.25 0.7708333 0.25 0.7916667 0.25 0.7916667 0.3333333 0.7708333 0.3333333 0.7916667 0.3333333 0.7916667 0.4166666 0.7708333 0.4166666 0.7916667 0.4166666 0.7916667 0.5 0.7708333 0.5 0.7916667 0.5 0.8125 0.5 0.8125 0.5833333 0.8125 0.5833333 0.8125 0.6666667 0.7916667 0.6666667 0.7916667 0.6666667 0.8125 0.6666667 0.8125 0.75 0.8125 0.75 0.8125 0.8333333 0.7916667 0.8333333 0.8125 0.8333333 0.8125 0.9166667 0.7916667 0.9166667 0.8125 0.9166667 0.8125 1 0.7916667 1 0.8125 0 0.8125 0.08333331 0.7916667 0.08333331 0.7916667 0.08333331 0.8125 0.08333331 0.8125 0.1666666 0.7916667 0.1666666 0.8125 0.1666666 0.8125 0.25 0.8125 0.25 0.8125 0.3333333 0.7916667 0.3333333 0.8125 0.3333333 0.8125 0.4166666 0.7916667 0.4166666 0.7916667 0.4166666 0.8125 0.4166666 0.8125 0.5 0.8125 0.5 0.8333333 0.5 0.8333333 0.5833333 0.8333333 0.5833333 0.8333333 0.6666667 0.8125 0.6666667 0.8333333 0.6666667 0.8333333 0.75 0.8125 0.75 0.8333333 0.75 0.8333333 0.8333333 0.8125 0.8333333 0.8125 0.8333333 0.8333333 0.8333333 0.8333333 0.9166667 0.8125 0.9166667 0.8333333 0.9166667 0.8333333 1 0.8333333 0 0.8333333 0.08333331 0.8125 0.08333331 0.8125 0.08333331 0.8333333 0.08333331 0.8333333 0.1666666 0.8125 0.1666666 0.8333333 0.1666666 0.8333333 0.25 0.8125 0.25 0.8333333 0.25 0.8333333 0.3333333 0.8333333 0.3333333 0.8333333 0.4166666 0.8125 0.4166666 0.8125 0.4166666 0.8333333 0.4166666 0.8333333 0.5 0.8541667 0.5 0.8541667 0.5833333 0.8333333 0.5833333 0.8541667 0.5833333 0.8541667 0.6666667 0.8333333 0.6666667 0.8333333 0.6666667 0.8541667 0.6666667 0.8541667 0.75 0.8541667 0.75 0.8541667 0.8333333 0.8333333 0.8333333 0.8333333 0.8333333 0.8541667 0.8333333 0.8541667 0.9166667 0.8541667 0.9166667 0.8541667 1 0.8333333 1 0.8541667 0 0.8541667 0.08333331 0.8333333 0.08333331 0.8333333 0.08333331 0.8541667 0.08333331 0.8541667 0.1666666 0.8541667 0.1666666 0.8541667 0.25 0.8333333 0.25 0.8333333 0.25 0.8541667 0.25 0.8541667 0.3333333 0.8333333 0.3333333 0.8541667 0.3333333 0.8541667 0.4166666 0.8333333 0.4166666 0.8541667 0.4166666 0.8541667 0.5 0.8541667 0.5 0.875 0.5 0.875 0.5833333 0.875 0.5833333 0.875 0.6666667 0.8541667 0.6666667 0.8541667 0.6666667 0.875 0.6666667 0.875 0.75 0.875 0.75 0.875 0.8333333 0.8541667 0.8333333 0.8541667 0.8333333 0.875 0.8333333 0.875 0.9166667 0.8541667 0.9166667 0.875 0.9166667 0.875 1 0.875 0 0.875 0.08333331 0.8541667 0.08333331 0.8541667 0.08333331 0.875 0.08333331 0.875 0.1666666 0.8541667 0.1666666 0.875 0.1666666 0.875 0.25 0.875 0.25 0.875 0.3333333 0.8541667 0.3333333 0.8541667 0.3333333 0.875 0.3333333 0.875 0.4166666 0.875 0.4166666 0.875 0.5 0.8541667 0.5 0.875 0.5 0.8958333 0.5 0.8958333 0.5833333 0.8958333 0.5833333 0.8958333 0.6666667 0.875 0.6666667 0.8958333 0.6666667 0.8958333 0.75 0.875 0.75 0.875 0.75 0.8958333 0.75 0.8958333 0.8333333 0.875 0.8333333 0.8958333 0.8333333 0.8958333 0.9166667 0.8958333 0.9166667 0.8958333 1 0.875 1 0.8958333 0 0.8958333 0.08333331 0.875 0.08333331 0.8958333 0.08333331 0.8958333 0.1666666 0.875 0.1666666 0.8958333 0.1666666 0.8958333 0.25 0.875 0.25 0.8958333 0.25 0.8958333 0.3333333 0.875 0.3333333 0.875 0.3333333 0.8958333 0.3333333 0.8958333 0.4166666 0.8958333 0.4166666 0.8958333 0.5 0.875 0.5 0.8958333 0.5 0.9166667 0.5 0.9166667 0.5833333 0.9166667 0.5833333 0.9166667 0.6666667 0.8958333 0.6666667 0.9166667 0.6666667 0.9166667 0.75 0.8958333 0.75 0.9166667 0.75 0.9166667 0.8333333 0.8958333 0.8333333 0.8958333 0.8333333 0.9166667 0.8333333 0.9166667 0.9166667 0.9166667 0.9166667 0.9166667 1 0.8958333 1 0.9166667 0 0.9166667 0.08333331 0.8958333 0.08333331 0.9166667 0.08333331 0.9166667 0.1666666 0.8958333 0.1666666 0.9166667 0.1666666 0.9166667 0.25 0.8958333 0.25 0.9166667 0.25 0.9166667 0.3333333 0.8958333 0.3333333 0.9166667 0.3333333 0.9166667 0.4166666 0.8958333 0.4166666 0.8958333 0.4166666 0.9166667 0.4166666 0.9166667 0.5 0.9166667 0.5 0.9375 0.5 0.9375 0.5833333 0.9375 0.5833333 0.9375 0.6666667 0.9166667 0.6666667 0.9166667 0.6666667 0.9375 0.6666667 0.9375 0.75 0.9166667 0.75 0.9375 0.75 0.9375 0.8333333 0.9166667 0.8333333 0.9375 0.8333333 0.9375 0.9166667 0.9375 0.9166667 0.9375 1 0.9166667 1 0.9166667 0 0.9375 0 0.9375 0.08333331 0.9375 0.08333331 0.9375 0.1666666 0.9166667 0.1666666 0.9375 0.1666666 0.9375 0.25 0.9166667 0.25 0.9375 0.25 0.9375 0.3333333 0.9166667 0.3333333 0.9375 0.3333333 0.9375 0.4166666 0.9166667 0.4166666 0.9166667 0.4166666 0.9375 0.4166666 0.9375 0.5 0.9375 0.5 0.9583333 0.5 0.9583333 0.5833333 0.9375 0.5833333 0.9583333 0.5833333 0.9583333 0.6666667 0.9375 0.6666667 0.9583333 0.6666667 0.9583333 0.75 0.9583333 0.75 0.9583333 0.8333333 0.9375 0.8333333 0.9583333 0.8333333 0.9583333 0.9166667 0.9375 0.9166667 0.9583333 0.9166667 0.9583333 1 0.9375 1 0.9583333 0 0.9583333 0.08333331 0.9375 0.08333331 0.9583333 0.08333331 0.9583333 0.1666666 0.9375 0.1666666 0.9583333 0.1666666 0.9583333 0.25 0.9375 0.25 0.9375 0.25 0.9583333 0.25 0.9583333 0.3333333 0.9583333 0.3333333 0.9583333 0.4166666 0.9375 0.4166666 0.9583333 0.4166666 0.9583333 0.5 0.9375 0.5 0.9791667 0.5 0.9791667 0.5833333 0.9583333 0.5833333 0.9791667 0.5833333 0.9791667 0.6666667 0.9583333 0.6666667 0.9791667 0.6666667 0.9791667 0.75 0.9583333 0.75 0.9791667 0.75 0.9791667 0.8333333 0.9583333 0.8333333 0.9791667 0.8333333 0.9791667 0.9166667 0.9583333 0.9166667 0.9791667 0.9166667 0.9791667 1 0.9583333 1 0.9791667 0 0.9791667 0.08333331 0.9583333 0.08333331 0.9791667 0.08333331 0.9791667 0.1666666 0.9583333 0.1666666 0.9583333 0.1666666 0.9791667 0.1666666 0.9791667 0.25 0.9583333 0.25 0.9791667 0.25 0.9791667 0.3333333 0.9583333 0.3333333 0.9791667 0.3333333 0.9791667 0.4166666 0.9583333 0.4166666 0.9791667 0.4166666 0.9791667 0.5 0.9791667 0.5 1 0.5 1 0.5833333 0.9791667 0.5833333 1 0.5833333 1 0.6666667 0.9791667 0.6666667 1 0.6666667 1 0.75 0.9791667 0.75 1 0.75 1 0.8333333 0.9791667 0.8333333 1 0.8333333 1 0.9166667 0.9791667 0.9166667 1 0.9166667 1 1 0.9791667 0 1 0 1 0.08333331 0.9791667 0.08333331 1 0.08333331 1 0.1666666 0.9791667 0.1666666 1 0.1666666 1 0.25 0.9791667 0.25 1 0.25 1 0.3333333 1 0.3333333 1 0.4166666 0.9791667 0.4166666 1 0.4166666 1 0.5 0.9791667 0.5 0.02083331 0.5 0.02083331 0.5833333 0 0.5833333 0.02083331 0.5833333 0.02083331 0.6666667 0 0.6666667 0.02083331 0.6666667 0.02083331 0.75 0 0.75 0.02083331 0.75 0.02083331 0.8333333 0 0.8333333 0.02083331 0.8333333 0.02083331 0.9166667 0 0.9166667 0.02083331 0.9166667 0.02083331 1 0 1 0.02083331 0 0.02083331 0.08333331 0 0.08333331 0.02083331 0.08333331 0.02083331 0.1666666 0 0.1666666 0.02083331 0.1666666 0.02083331 0.25 0 0.25 0.02083331 0.25 0.02083331 0.3333333 0 0.3333333 0 0.3333333 0.02083331 0.3333333 0.02083331 0.4166666 0 0.4166666 0.02083331 0.4166666 0.02083331 0.5 0.04166662 0.5 0.04166662 0.5833333 0.02083331 0.5833333 0.02083331 0.5833333 0.04166662 0.5833333 0.04166662 0.6666667 0.02083331 0.6666667 0.04166662 0.6666667 0.04166662 0.75 0.02083331 0.75 0.04166662 0.75 0.04166662 0.8333333 0.04166662 0.8333333 0.04166662 0.9166667 0.02083331 0.9166667 0.04166662 0.9166667 0.04166662 1 0.02083331 1 0.04166662 0 0.04166662 0.08333331 0.02083331 0.08333331 0.02083331 0.08333331 0.04166662 0.08333331 0.04166662 0.1666666 0.04166662 0.1666666 0.04166662 0.25 0.02083331 0.25 0.04166662 0.25 0.04166662 0.3333333 0.02083331 0.3333333 0.04166662 0.3333333 0.04166662 0.4166666 0.02083331 0.4166666 0.04166662 0.4166666 0.04166662 0.5 0.02083331 0.5 0.0625 0.5 0.0625 0.5833333 0.04166662 0.5833333 0.04166662 0.5833333 0.0625 0.5833333 0.0625 0.6666667 0.0625 0.6666667 0.0625 0.75 0.04166662 0.75 0.04166662 0.75 0.0625 0.75 0.0625 0.8333333 0.0625 0.8333333 0.0625 0.9166667 0.04166662 0.9166667 0.04166662 0.9166667 0.0625 0.9166667 0.0625 1 0.04166662 0 0.0625 0 0.0625 0.08333331 0.04166662 0.08333331 0.0625 0.08333331 0.0625 0.1666666 0.04166662 0.1666666 0.0625 0.1666666 0.0625 0.25 0.0625 0.25 0.0625 0.3333333 0.04166662 0.3333333 0.0625 0.3333333 0.0625 0.4166666 0.04166662 0.4166666 0.04166662 0.4166666 0.0625 0.4166666 0.0625 0.5 0.08333331 0.5 0.08333331 0.5833333 0.0625 0.5833333 0.08333331 0.5833333 0.08333331 0.6666667 0.0625 0.6666667 0.08333331 0.6666667 0.08333331 0.75 0.0625 0.75 0.0625 0.75 0.08333331 0.75 0.08333331 0.8333333 0.08333331 0.8333333 0.08333331 0.9166667 0.0625 0.9166667 0.0625 0.9166667 0.08333331 0.9166667 0.08333331 1 0.08333331 0 0.08333331 0.08333331 0.0625 0.08333331 0.08333331 0.08333331 0.08333331 0.1666666 0.0625 0.1666666 0.0625 0.1666666 0.08333331 0.1666666 0.08333331 0.25 0.0625 0.25 0.08333331 0.25 0.08333331 0.3333333 0.0625 0.3333333 0.08333331 0.3333333 0.08333331 0.4166666 0.0625 0.4166666 0.08333331 0.4166666 0.08333331 0.5 0.1041666 0.5 0.1041666 0.5833333 0.08333331 0.5833333 0.1041666 0.5833333 0.1041666 0.6666667 0.08333331 0.6666667 0.1041666 0.6666667 0.1041666 0.75 0.08333331 0.75 0.08333331 0.75 0.1041666 0.75 0.1041666 0.8333333 0.1041666 0.8333333 0.1041666 0.9166667 0.08333331 0.9166667 0.1041666 0.9166667 0.1041666 1 0.08333331 1 0.08333331 0 0.1041666 0 0.1041666 0.08333331 0.1041666 0.08333331 0.1041666 0.1666666 0.08333331 0.1666666 0.08333331 0.1666666 0.1041666 0.1666666 0.1041666 0.25 0.1041666 0.25 0.1041666 0.3333333 0.08333331 0.3333333 0.08333331 0.3333333 0.1041666 0.3333333 0.1041666 0.4166666 0.08333331 0.4166666 0.1041666 0.4166666 0.1041666 0.5 0.125 0.5 0.125 0.5833333 0.1041666 0.5833333 0.1041666 0.5833333 0.125 0.5833333 0.125 0.6666667 0.125 0.6666667 0.125 0.75 0.1041666 0.75 0.125 0.75 0.125 0.8333333 0.1041666 0.8333333 0.1041666 0.8333333 0.125 0.8333333 0.125 0.9166667 0.125 0.9166667 0.125 1 0.1041666 1 0.1041666 0 0.125 0 0.125 0.08333331 0.125 0.08333331 0.125 0.1666666 0.1041666 0.1666666 0.1041666 0.1666666 0.125 0.1666666 0.125 0.25 0.125 0.25 0.125 0.3333333 0.1041666 0.3333333 0.1041666 0.3333333 0.125 0.3333333 0.125 0.4166666 0.1041666 0.4166666 0.125 0.4166666 0.125 0.5 0.1458333 0.5 0.1458333 0.5833333 0.125 0.5833333 0.125 0.5833333 0.1458333 0.5833333 0.1458333 0.6666667 0.125 0.6666667 0.1458333 0.6666667 0.1458333 0.75 0.1458333 0.75 0.1458333 0.8333333 0.125 0.8333333 0.1458333 0.8333333 0.1458333 0.9166667 0.125 0.9166667 0.125 0.9166667 0.1458333 0.9166667 0.1458333 1 0.1458333 0 0.1458333 0.08333331 0.125 0.08333331 0.1458333 0.08333331 0.1458333 0.1666666 0.125 0.1666666 0.1458333 0.1666666 0.1458333 0.25 0.125 0.25 0.125 0.25 0.1458333 0.25 0.1458333 0.3333333 0.1458333 0.3333333 0.1458333 0.4166666 0.125 0.4166666 0.125 0.4166666 0.1458333 0.4166666 0.1458333 0.5 0.1666666 0.5 0.1666666 0.5833333 0.1458333 0.5833333 0.1666666 0.5833333 0.1666666 0.6666667 0.1458333 0.6666667 0.1666666 0.6666667 0.1666666 0.75 0.1458333 0.75 0.1458333 0.75 0.1666666 0.75 0.1666666 0.8333333 0.1666666 0.8333333 0.1666666 0.9166667 0.1458333 0.9166667 0.1458333 0.9166667 0.1666666 0.9166667 0.1666666 1 0.1666666 0 0.1666666 0.08333331 0.1458333 0.08333331 0.1666666 0.08333331 0.1666666 0.1666666 0.1458333 0.1666666 0.1666666 0.1666666 0.1666666 0.25 0.1458333 0.25 0.1666666 0.25 0.1666666 0.3333333 0.1458333 0.3333333 0.1666666 0.3333333 0.1666666 0.4166666 0.1458333 0.4166666 0.1666666 0.4166666 0.1666666 0.5 0.1458333 0.5 0.1875 0.5 0.1875 0.5833333 0.1666666 0.5833333 0.1875 0.5833333 0.1875 0.6666667 0.1666666 0.6666667 0.1666666 0.6666667 0.1875 0.6666667 0.1875 0.75 0.1875 0.75 0.1875 0.8333333 0.1666666 0.8333333 0.1875 0.8333333 0.1875 0.9166667 0.1666666 0.9166667 0.1875 0.9166667 0.1875 1 0.1666666 1 0.1875 0 0.1875 0.08333331 0.1666666 0.08333331 0.1875 0.08333331 0.1875 0.1666666 0.1666666 0.1666666 0.1875 0.1666666 0.1875 0.25 0.1666666 0.25 0.1666666 0.25 0.1875 0.25 0.1875 0.3333333 0.1666666 0.3333333 0.1875 0.3333333 0.1875 0.4166666 0.1666666 0.4166666 0.1875 0.4166666 0.1875 0.5 0.1875 0.5 0.2083333 0.5 0.2083333 0.5833333 0.2083333 0.5833333 0.2083333 0.6666667 0.1875 0.6666667 0.2083333 0.6666667 0.2083333 0.75 0.1875 0.75 0.2083333 0.75 0.2083333 0.8333333 0.1875 0.8333333 0.1875 0.8333333 0.2083333 0.8333333 0.2083333 0.9166667 0.1875 0.9166667 0.2083333 0.9166667 0.2083333 1 0.2083333 0 0.2083333 0.08333331 0.1875 0.08333331 0.1875 0.08333331 0.2083333 0.08333331 0.2083333 0.1666666 0.1875 0.1666666 0.2083333 0.1666666 0.2083333 0.25 0.1875 0.25 0.2083333 0.25 0.2083333 0.3333333 0.1875 0.3333333 0.2083333 0.3333333 0.2083333 0.4166666 0.2083333 0.4166666 0.2083333 0.5 0.1875 0.5 0.2083333 0.5 0.2291666 0.5 0.2291666 0.5833333 0.2083333 0.5833333 0.2291666 0.5833333 0.2291666 0.6666667 0.2083333 0.6666667 0.2291666 0.6666667 0.2291666 0.75 0.2083333 0.75 0.2291666 0.75 0.2291666 0.8333333 0.2083333 0.8333333 0.2291666 0.8333333 0.2291666 0.9166667 0.2291666 0.9166667 0.2291666 1 0.2083333 1 0.2291666 0 0.2291666 0.08333331 0.2083333 0.08333331 0.2083333 0.08333331 0.2291666 0.08333331 0.2291666 0.1666666 0.2291666 0.1666666 0.2291666 0.25 0.2083333 0.25 0.2291666 0.25 0.2291666 0.3333333 0.2083333 0.3333333 0.2291666 0.3333333 0.2291666 0.4166666 0.2083333 0.4166666 0.2083333 0.4166666 0.2291666 0.4166666 0.2291666 0.5 0.25 0.5 0.25 0.5833333 0.2291666 0.5833333 0.25 0.5833333 0.25 0.6666667 0.2291666 0.6666667 0.25 0.6666667 0.25 0.75 0.2291666 0.75 0.25 0.75 0.25 0.8333333 0.2291666 0.8333333 0.25 0.8333333 0.25 0.9166667 0.2291666 0.9166667 0.2291666 0.9166667 0.25 0.9166667 0.25 1 0.2291666 0 0.25 0 0.25 0.08333331 0.2291666 0.08333331 0.25 0.08333331 0.25 0.1666666 0.2291666 0.1666666 0.25 0.1666666 0.25 0.25 0.2291666 0.25 0.25 0.25 0.25 0.3333333 0.2291666 0.3333333 0.25 0.3333333 0.25 0.4166666 0.25 0.4166666 0.25 0.5 0.2291666 0.5 0.2708333 0.5 0.2708333 0.5833333 0.25 0.5833333 0.25 0.5833333 0.2708333 0.5833333 0.2708333 0.6666667 0.25 0.6666667 0.2708333 0.6666667 0.2708333 0.75 0.25 0.75 0.2708333 0.75 0.2708333 0.8333333 0.25 0.8333333 0.2708333 0.8333333 0.2708333 0.9166667 0.25 0.9166667 0.2708333 0.9166667 0.2708333 1 0.25 0 0.2708333 0 0.2708333 0.08333331 0.25 0.08333331 0.2708333 0.08333331 0.2708333 0.1666666 0.2708333 0.1666666 0.2708333 0.25 0.25 0.25 0.2708333 0.25 0.2708333 0.3333333 0.25 0.3333333 0.2708333 0.3333333 0.2708333 0.4166666 0.25 0.4166666 0.2708333 0.4166666 0.2708333 0.5 0.25 0.5 0.2916666 0.5 0.2916666 0.5833333 0.2708333 0.5833333 0.2916666 0.5833333 0.2916666 0.6666667 0.2708333 0.6666667 0.2708333 0.6666667 0.2916666 0.6666667 0.2916666 0.75 0.2916666 0.75 0.2916666 0.8333333 0.2708333 0.8333333 0.2916666 0.8333333 0.2916666 0.9166667 0.2708333 0.9166667 0.2916666 0.9166667 0.2916666 1 0.2708333 1 0.2916666 0 0.2916666 0.08333331 0.2708333 0.08333331 0.2916666 0.08333331 0.2916666 0.1666666 0.2708333 0.1666666 0.2708333 0.1666666 0.2916666 0.1666666 0.2916666 0.25 0.2916666 0.25 0.2916666 0.3333333 0.2708333 0.3333333 0.2708333 0.3333333 0.2916666 0.3333333 0.2916666 0.4166666 0.2708333 0.4166666 0.2916666 0.4166666 0.2916666 0.5 0.3125 0.5 0.3125 0.5833333 0.2916666 0.5833333 0.2916666 0.5833333 0.3125 0.5833333 0.3125 0.6666667 0.2916666 0.6666667 0.3125 0.6666667 0.3125 0.75 0.3125 0.75 0.3125 0.8333333 0.2916666 0.8333333 0.2916666 0.8333333 0.3125 0.8333333 0.3125 0.9166667 0.2916666 0.9166667 0.3125 0.9166667 0.3125 1 0.3125 0 0.3125 0.08333331 0.2916666 0.08333331 0.3125 0.08333331 0.3125 0.1666666 0.2916666 0.1666666 0.3125 0.1666666 0.3125 0.25 0.2916666 0.25 0.2916666 0.25 0.3125 0.25 0.3125 0.3333333 0.2916666 0.3333333 0.3125 0.3333333 0.3125 0.4166666 0.2916666 0.4166666 0.3125 0.4166666 0.3125 0.5 0.3333333 0.5 0.3333333 0.5833333 0.3125 0.5833333 0.3125 0.5833333 0.3333333 0.5833333 0.3333333 0.6666667 0.3333333 0.6666667 0.3333333 0.75 0.3125 0.75 0.3333333 0.75 0.3333333 0.8333333 0.3125 0.8333333 0.3125 0.8333333 0.3333333 0.8333333 0.3333333 0.9166667 0.3125 0.9166667 0.3333333 0.9166667 0.3333333 1 0.3333333 0 0.3333333 0.08333331 0.3125 0.08333331 0.3333333 0.08333331 0.3333333 0.1666666 0.3125 0.1666666 0.3125 0.1666666 0.3333333 0.1666666 0.3333333 0.25 0.3333333 0.25 0.3333333 0.3333333 0.3125 0.3333333 0.3333333 0.3333333 0.3333333 0.4166666 0.3125 0.4166666 0.3333333 0.4166666 0.3333333 0.5 0.3125 0.5 0.3333333 0.5 0.3541666 0.5 0.3541666 0.5833333 0.3541666 0.5833333 0.3541666 0.6666667 0.3333333 0.6666667 0.3541666 0.6666667 0.3541666 0.75 0.3333333 0.75 0.3541666 0.75 0.3541666 0.8333333 0.3333333 0.8333333 0.3541666 0.8333333 0.3541666 0.9166667 0.3333333 0.9166667 0.3541666 0.9166667 0.3541666 1 0.3333333 1 0.3333333 0 0.3541666 0 0.3541666 0.08333331 0.3333333 0.08333331 0.3541666 0.08333331 0.3541666 0.1666666 0.3333333 0.1666666 0.3541666 0.1666666 0.3541666 0.25 0.3541666 0.25 0.3541666 0.3333333 0.3333333 0.3333333 0.3333333 0.3333333 0.3541666 0.3333333 0.3541666 0.4166666 0.3541666 0.4166666 0.3541666 0.5 0.3333333 0.5 0.375 0.5 0.375 0.5833333 0.3541666 0.5833333 0.3541666 0.5833333 0.375 0.5833333 0.375 0.6666667 0.3541666 0.6666667 0.375 0.6666667 0.375 0.75 0.3541666 0.75 0.375 0.75 0.375 0.8333333 0.375 0.8333333 0.375 0.9166667 0.3541666 0.9166667 0.3541666 0.9166667 0.375 0.9166667 0.375 1 0.3541666 0 0.375 0 0.375 0.08333331 0.375 0.08333331 0.375 0.1666666 0.3541666 0.1666666 0.375 0.1666666 0.375 0.25 0.3541666 0.25 0.375 0.25 0.375 0.3333333 0.3541666 0.3333333 0.3541666 0.3333333 0.375 0.3333333 0.375 0.4166666 0.375 0.4166666 0.375 0.5 0.3541666 0.5 0.3958333 0.5 0.3958333 0.5833333 0.375 0.5833333 0.3958333 0.5833333 0.3958333 0.6666667 0.375 0.6666667 0.3958333 0.6666667 0.3958333 0.75 0.375 0.75 0.3958333 0.75 0.3958333 0.8333333 0.375 0.8333333 0.3958333 0.8333333 0.3958333 0.9166667 0.375 0.9166667 0.3958333 0.9166667 0.3958333 1 0.375 1 0.3958333 0 0.3958333 0.08333331 0.375 0.08333331 0.3958333 0.08333331 0.3958333 0.1666666 0.375 0.1666666 0.375 0.1666666 0.3958333 0.1666666 0.3958333 0.25 0.375 0.25 0.3958333 0.25 0.3958333 0.3333333 0.375 0.3333333 0.3958333 0.3333333 0.3958333 0.4166666 0.3958333 0.4166666 0.3958333 0.5 0.375 0.5 0.4166666 0.5 0.4166666 0.5833333 0.3958333 0.5833333 0.3958333 0.5833333 0.4166666 0.5833333 0.4166666 0.6666667 0.3958333 0.6666667 0.4166666 0.6666667 0.4166666 0.75 0.3958333 0.75 0.4166666 0.75 0.4166666 0.8333333 0.4166666 0.8333333 0.4166666 0.9166667 0.3958333 0.9166667 0.3958333 0.9166667 0.4166666 0.9166667 0.4166666 1 0.4166666 0 0.4166666 0.08333331 0.3958333 0.08333331 0.3958333 0.08333331 0.4166666 0.08333331 0.4166666 0.1666666 0.3958333 0.1666666 0.4166666 0.1666666 0.4166666 0.25 0.4166666 0.25 0.4166666 0.3333333 0.3958333 0.3333333 0.3958333 0.3333333 0.4166666 0.3333333 0.4166666 0.4166666 0.4166666 0.4166666 0.4166666 0.5 0.3958333 0.5 0.4375 0.5 0.4375 0.5833333 0.4166666 0.5833333 0.4166666 0.5833333 0.4375 0.5833333 0.4375 0.6666667 0.4166666 0.6666667 0.4375 0.6666667 0.4375 0.75 0.4166666 0.75 0.4375 0.75 0.4375 0.8333333 0.4375 0.8333333 0.4375 0.9166667 0.4166666 0.9166667 0.4166666 0.9166667 0.4375 0.9166667 0.4375 1 0.4166666 0 0.4375 0 0.4375 0.08333331 0.4375 0.08333331 0.4375 0.1666666 0.4166666 0.1666666 0.4375 0.1666666 0.4375 0.25 0.4166666 0.25 0.4375 0.25 0.4375 0.3333333 0.4166666 0.3333333 0.4166666 0.3333333 0.4375 0.3333333 0.4375 0.4166666 0.4375 0.4166666 0.4375 0.5 0.4166666 0.5 0.4583333 0.5 0.4583333 0.5833333 0.4375 0.5833333 0.4583333 0.5833333 0.4583333 0.6666667 0.4375 0.6666667 0.4583333 0.6666667 0.4583333 0.75 0.4375 0.75 0.4375 0.75 0.4583333 0.75 0.4583333 0.8333333 0.4375 0.8333333 0.4583333 0.8333333 0.4583333 0.9166667 0.4583333 0.9166667 0.4583333 1 0.4375 1 0.4583333 0 0.4583333 0.08333331 0.4375 0.08333331 0.4375 0.08333331 0.4583333 0.08333331 0.4583333 0.1666666 0.4375 0.1666666 0.4583333 0.1666666 0.4583333 0.25 0.4375 0.25 0.4583333 0.25 0.4583333 0.3333333 0.4583333 0.3333333 0.4583333 0.4166666 0.4375 0.4166666 0.4375 0.4166666 0.4583333 0.4166666 0.4583333 0.5 0.4791666 0.5 0.4791666 0.5833333 0.4583333 0.5833333 0.4583333 0.5833333 0.4791666 0.5833333 0.4791666 0.6666667 0.4583333 0.6666667 0.4791666 0.6666667 0.4791666 0.75 0.4583333 0.75 0.4791666 0.75 0.4791666 0.8333333 0.4583333 0.8333333 0.4791666 0.8333333 0.4791666 0.9166667 0.4583333 0.9166667 0.4791666 0.9166667 0.4791666 1 0.4583333 0 0.4791666 0 0.4791666 0.08333331 0.4791666 0.08333331 0.4791666 0.1666666 0.4583333 0.1666666 0.4791666 0.1666666 0.4791666 0.25 0.4583333 0.25 0.4791666 0.25 0.4791666 0.3333333 0.4583333 0.3333333 0.4791666 0.3333333 0.4791666 0.4166666 0.4583333 0.4166666 0.4791666 0.4166666 0.4791666 0.5 0.4583333 0.5 0.5 0.5 0.5 0.5833333 0.4791666 0.5833333 0.5 0.5833333 0.5 0.6666667 0.4791666 0.6666667 0.5 0.6666667 0.5 0.75 0.4791666 0.75 0.5 0.75 0.5 0.8333333 0.4791666 0.8333333 0.5 0.8333333 0.5 0.9166667 0.4791666 0.9166667 0.5 0.9166667 0.5 1 0.4791666 1 0.5 0 0.5 0.08333331 0.4791666 0.08333331 0.5 0.08333331 0.5 0.1666666 0.4791666 0.1666666 0.5 0.1666666 0.5 0.25 0.4791666 0.25 0.5 0.25 0.5 0.3333333 0.4791666 0.3333333 0.4791666 0.3333333 0.5 0.3333333 0.5 0.4166666 0.5 0.4166666 0.5 0.5 0.4791666 0.5 0 0 0 0 0 0 0 0 0 0 0 0 0 0 0 0 0 0 0 0 0 0 0 0 0 0 0 0 0 0 0 0 0 0 0 0 0 0 0 0 0 0 0 0 0 0 0 0 0 0 0 0 0 0 0 0 0 0 0 0 0 0 0 0 0 0 0 0 0 0 0 0 0 0 0 0 0 0 0 0 0 0 0 0 0 0 0 0 0 0 0 0 0 0 0 0 0 0 0 0 0 0 0 0 0 0 0 0 0 0 0 0 0 0 0 0 0 0 0 0 0 0 0 0 0 0 0 0 0 0 0 0 0 0 0 0 0 0 0 0 0 0 0 0 0 0 0 0 0 0 0 0 0 0 0 0 0 0 0 0 0 0 0 0 0 0 0 0 0 0 0 0 0 0 0 0 0 0 0 0 0 0 0 0 0 0 0 0 0 0 0 0 0 0 0 0 0 0 0 0 0 0 0 0 0 0 0 0 0 0 0 0 0 0 0 0 0 0 0 0 0 0 0 0 0 0 0 0 0 0 0 0 0 0 0 0 0 0 0 0 0 0 0 0 0 0 0 0 0 0 0 0 0 0 0 0 0 0 0 0 0 0 0 0 0 0 0 0 0 0 0 0 0 0 0 0 0 0 0 0 0 0 0 0 0 0 0 0 0 0 0 0 0 0 0 0 0 0 0 0 0 0 0 0 0 0 0 0 0 0 0 0 0 0 0 0 0 0 0 0 0 0 0 0 0 0 0 0 0 0 0 0 0 0 0 0 0 0 0 0 0 0 0 0 0 0 0 0 0 0 0 0 0 0 0 0 0 0 0 0 0 0 0 0 0 0 0 0 0 0 0 0 0 0 0 0 0 0 0 0 0 0 0 0 0 0 0 0 0 0 0 0 0 0 0 0 0 0 0 0 0 0 0 0 0 0 0 0 0 0 0 0 0 0 0 0 0 0 0 0 0 0 0 0 0 0 0 0 0 0 0 0 0 0 0 0 0 0 0 0 0 0 0 0 0 0 0 0 0 0 0 0 0 0 0 0 0 0 0 0 0 0 0 0 0 0 0 0 0 0 0 0 0 0 0 0 0 0 0 0 0 0 0 0 0 0 0 0 0 0 0 0 0 0 0 0 0 0 0 0 0 0 0 0 0 0 0 0 0 0 0 0 0 0 0 0 0 0 0 0 0 0 0 0 0 0 0 0 0 0 0 0 0 0 0 0 0 0 0 0 0 0 0 0 0 0 0 0 0 0 0 0 0 0 0 0 0 0 0 0 0 0 0 0 0 0 0 0 0 0 0 0 0 0 0 0 0 0 0 0 0 0 0 0 0 0 0 0 0 0 0 0 0 0 0 0 0 0 0 0 0 0 0 0 0 0 0 0 0 0 0 0 0 0 0 0 0 0 0 0 0 0 0 0 0 0 0 0 0 0 0 0 0 0 0 0 0 0 0 0 0 0 0 0 0 0 0 0 0 0 0 0 0 0 0 0 0 0 0 0 0 0 0 0 0 0 0 0 0 0 0 0 0 0 0 0 0 0 0 0 0 0 0 0 0 0 0 0 0 0 0 0 0 0 0 0 0 0 0 0 0 0 0 0 0 0 0 0 0 0 0 0 0 0 0 0 0 0 0 0 0 0 0 0 0 0 0 0 0 0 0 0 0 0 0 0 0 0 0 0 0 0 0 0 0 0 0 0 0 0 0 0 0 0 0 0 0 0 0 0 0 0 0 0 0 0 0 0 0 0 0 0 0 0 0 0 0 0 0 0 0 0 0 0 0 0 0 0 0 0 0 0 0 0 0 0 0 0 0 0 0 0 0 0 0 0 0 0 0 0 0 0 0 0 0 0 0 0 0 0 0 0 0 0 0 0 0 0 0 0 0 0 0 0 0 0 0 0 0 0 0 0 0 0 0 0 0 0 0 0 0 0 0 0 0 0 0 0 0 0 0 0 0 0 0 0 0 0 0 0 0 0 0 0 0 0 0 0 0 0 0 0 0 0 0 0 0 0 0 0 0 0 0 0 0 0 0 0 0 0 0 0 0 0 0 0 0 0 0 0 0 0 0 0 0 0 0 0 0 0 0 0 0 0 0 0 0 0 0 0 0 0 0 0 0 0 0 0 0 0 0 0 0.7813878 0.2186122 0.7813878 0.2186122 0.7813878 0.7813878 0 0 1 0 1 1 1 0 1 0 0 0 1 1 1 1 1 0 0 0 0 0 0 1 0 1 0 1 1 1 0.2186122 0.2186122 0 0 0 1 0.7813878 0.2186122 1 0 0 0 0.7813878 0.7813878 1 1 1 0 0.2186122 0.7813878 0 1 1 1 0.2186122 0.2186122 0.2186122 0.7813878 0.7813878 0.7813878 0.2186122 0.7813878 0.2186122 0.7813878 0.2186122 0.2186122 0.2186122 0.7813878 0.7813878 0.7813878 0.7813878 0.7813878 0.7813878 0.2186122 0.2186122 0.2186122 0.2186122 0.2186122 0.7813878 0.2186122 0.7813878 0.2186122 0.7813878 0.7813878 0 0 1 0 1 1 1 0 1 0 0 0 1 1 1 1 1 0 0 1 0 0 0 0 0 1 0 1 1 1 0.2186122 0.7813878 0.2186122 0.2186122 0 0 0.2186122 0.2186122 0.7813878 0.2186122 1 0 0.7813878 0.2186122 0.7813878 0.7813878 1 1 0.2186122 0.7813878 0 1 1 1 0.2186122 0.7813878 0.7813878 0.7813878 0.7813878 0.2186122 0.2186122 0.7813878 0.2186122 0.7813878 0.2186122 0.2186122 0.7813878 0.7813878 0.7813878 0.7813878 0.2186122 0.7813878 0.2186122 0.2186122 0.2186122 0.2186122 0.7813878 0.2186122 0.7813878 0.7813878 0.7813878 0.2186122 0.7813878 0.2186122 1 0 1 1 0 1 1 0 1 0 0 0 1 1 1 1 1 0 0 0 0 0 0 1 1 1 0 1 0 1 0.2186122 0.2186122 0 0 0 1 0.7813878 0.2186122 1 0 0 0 0.7813878 0.7813878 1 1 1 0 0.7813878 0.7813878 0.2186122 0.7813878 0 1 0.2186122 0.2186122 0.2186122 0.7813878 0.7813878 0.7813878 0.2186122 0.7813878 0.2186122 0.7813878 0.2186122 0.2186122 0.2186122 0.7813878 0.7813878 0.7813878 0.7813878 0.7813878 0.2186122 0.2186122 0.2186122 0.2186122 0.7813878 0.2186122 0.7813878 0.2186122 0.7813878 0.2186122 0.7813878 0.7813878 1 0 1 1 0 1 1 0 1 0 0 0 1 1 1 1 1 0 0 0 0 0 0 1 0 1 0 1 1 1 0.2186122 0.7813878 0.2186122 0.2186122 0 0 0.7813878 0.2186122 1 0 0 0 0.7813878 0.2186122 0.7813878 0.7813878 1 1 0.7813878 0.7813878 0.2186122 0.7813878 0 1 0.2186122 0.2186122 0.2186122 0.7813878 0.7813878 0.7813878 0.2186122 0.7813878 0.2186122 0.7813878 0.2186122 0.2186122 0.7813878 0.7813878 0.7813878 0.7813878 0.2186122 0.7813878 0.2186122 0.2186122 0.2186122 0.2186122 0.7813878 0.2186122 0.7813878 0.7813878 0.7813878 0.2186122 0.7813878 0.2186122 0 0 1 0 1 1 1 0 1 0 0 0 1 1 1 1 1 0 0 1 0 0 0 0 0 1 0 1 1 1 0.2186122 0.2186122 0 0 0 1 0.2186122 0.2186122 0.7813878 0.2186122 1 0 0.7813878 0.7813878 1 1 1 0 0.2186122 0.7813878 0 1 1 1 0.2186122 0.7813878 0.7813878 0.7813878 0.7813878 0.2186122 0.2186122 0.2186122 0.2186122 0.7813878 0.2186122 0.7813878 0.7813878 0.7813878 0.7813878 0.7813878 0.2186122 0.7813878 0.7813878 0.2186122 0.2186122 0.2186122 0.2186122 0.2186122 1 1 0.8 1 0.8 0.5 0.8 0.5 0.8 1 0.6 1 0.6 0.5 0.6 1 0.4 1 0.3910685 0.0558359 0.4782536 0.3241641 0.25 0.49 0.25 0.49 0.02174639 0.3241641 0.1089315 0.0558359 0.4 1 0.2 1 0.2 0.5 0.2 0.5 0.2 1 0 1 0.5217465 0.3241641 0.75 0.49 0.9782536 0.3241641 0.9782536 0.3241641 0.8910685 0.0558359 0.6089316 0.0558359</float_array>
          <technique_common>
            <accessor source="#Circle_008-mesh-map-0-array" count="6108" stride="2">
              <param name="S" type="float"/>
              <param name="T" type="float"/>
            </accessor>
          </technique_common>
        </source>
        <vertices id="Circle_008-mesh-vertices">
          <input semantic="POSITION" source="#Circle_008-mesh-positions"/>
        </vertices>
        <triangles material="Llanta_mat_005-material" count="442">
          <input semantic="VERTEX" source="#Circle_008-mesh-vertices" offset="0"/>
          <input semantic="NORMAL" source="#Circle_008-mesh-normals" offset="1"/>
          <input semantic="TEXCOORD" source="#Circle_008-mesh-map-0" offset="2" set="0"/>
          <p>117 0 0 73 1 1 115 2 2 101 3 3 64 4 4 97 5 5 98 6 6 95 7 7 159 8 8 105 9 9 67 10 10 103 11 11 105 9 12 69 12 13 68 13 14 109 14 15 69 12 16 107 15 17 111 16 18 70 17 19 109 14 20 113 18 21 71 19 22 111 16 23 114 20 24 8 21 25 9 22 26 115 2 27 72 23 28 113 18 29 119 24 30 74 25 31 117 0 32 121 26 33 75 27 34 119 24 35 123 28 36 76 29 37 121 26 38 125 30 39 77 31 40 123 28 41 127 32 42 78 33 43 125 30 44 129 34 45 79 35 46 127 32 47 131 36 48 80 37 49 129 34 50 133 38 51 81 39 52 131 36 53 135 40 54 82 41 55 133 38 56 137 42 57 83 43 58 135 40 59 139 44 60 84 45 61 137 42 62 139 44 63 86 46 64 85 47 65 141 48 66 87 49 67 86 46 68 145 50 69 87 49 70 143 51 71 147 52 72 88 53 73 145 50 74 147 52 75 90 54 76 89 55 77 149 56 78 91 57 79 90 54 80 153 58 81 91 57 82 151 59 83 155 60 84 92 61 85 153 58 86 157 62 87 93 63 88 155 60 89 159 8 90 94 64 91 157 62 92 55 65 93 47 66 94 39 67 95 103 11 96 66 68 97 101 3 98 88 53 99 38 69 100 39 67 101 140 70 102 23 71 103 142 72 104 114 20 105 10 73 106 116 74 107 142 72 108 24 75 109 144 76 110 116 74 111 11 77 112 118 78 113 146 79 114 24 75 115 25 80 116 118 78 117 12 81 118 120 82 119 148 83 120 25 80 121 26 84 122 122 85 123 12 81 124 13 86 125 148 83 126 27 87 127 150 88 128 124 89 129 13 86 130 14 90 131 96 91 132 0 92 133 1 93 134 150 88 135 28 94 136 152 95 137 126 96 138 14 90 139 15 97 140 100 98 141 1 93 142 2 99 143 154 100 144 28 94 145 29 101 146 126 96 147 16 102 148 128 103 149 100 98 150 3 104 151 102 105 152 154 100 153 30 106 154 156 107 155 130 108 156 16 102 157 17 109 158 102 105 159 4 110 160 104 111 161 156 107 162 31 97 163 158 112 164 130 108 165 18 113 166 132 114 167 106 115 168 4 110 169 5 116 170 158 112 171 0 92 172 99 117 173 132 114 174 19 118 175 134 119 176 108 120 177 5 116 178 6 121 179 134 119 180 20 122 181 136 123 182 110 124 183 6 121 184 7 125 185 136 123 186 21 126 187 138 127 188 110 124 189 8 21 190 112 128 191 140 70 192 21 126 193 22 129 194 97 5 195 99 117 196 96 91 197 97 5 198 100 98 199 101 3 200 101 3 201 102 105 202 103 11 203 103 11 204 104 111 205 105 9 206 105 9 207 106 115 208 107 15 209 107 15 210 108 120 211 109 14 212 111 16 213 108 120 214 110 124 215 111 16 216 112 128 217 113 18 218 113 18 219 114 20 220 115 2 221 115 2 222 116 74 223 117 0 224 119 24 225 116 74 226 118 78 227 119 24 228 120 82 229 121 26 230 121 26 231 122 85 232 123 28 233 125 30 234 122 85 235 124 89 236 127 32 237 124 89 238 126 96 239 127 32 240 128 103 241 129 34 242 129 34 243 130 108 244 131 36 245 131 36 246 132 114 247 133 38 248 135 40 249 132 114 250 134 119 251 137 42 252 134 119 253 136 123 254 139 44 255 136 123 256 138 127 257 139 44 258 140 70 259 141 48 260 141 48 261 142 72 262 143 51 263 145 50 264 142 72 265 144 76 266 147 52 267 144 76 268 146 79 269 149 56 270 146 79 271 148 83 272 151 59 273 148 83 274 150 88 275 153 58 276 150 88 277 152 95 278 153 58 279 154 100 280 155 60 281 155 60 282 156 107 283 157 62 284 159 8 285 156 107 286 158 112 287 159 8 288 99 117 289 98 6 290 97 5 291 65 130 292 98 6 293 76 29 294 52 131 295 75 27 296 90 54 297 38 69 298 89 55 299 77 31 300 51 132 301 76 29 302 91 57 303 37 133 304 90 54 305 78 33 306 50 134 307 77 31 308 64 4 309 62 135 310 65 130 311 92 61 312 36 136 313 91 57 314 79 35 315 49 137 316 78 33 317 66 68 318 63 138 319 64 4 320 93 63 321 35 139 322 92 61 323 79 35 324 47 66 325 48 140 326 67 10 327 61 141 328 66 68 329 94 64 330 34 142 331 93 63 332 81 39 333 47 66 334 80 37 335 68 13 336 60 143 337 67 10 338 95 7 339 33 144 340 94 64 341 81 39 342 45 145 343 46 146 344 69 12 345 59 147 346 68 13 347 65 130 348 32 148 349 95 7 350 82 41 351 44 149 352 45 145 353 69 12 354 57 150 355 58 151 356 84 45 357 44 149 358 83 43 359 70 17 360 56 152 361 57 150 362 84 45 363 42 153 364 43 154 365 72 23 366 56 152 367 71 19 368 86 46 369 42 153 370 85 47 371 73 1 372 55 65 373 72 23 374 87 49 375 41 155 376 86 46 377 73 1 378 53 156 379 54 157 380 88 53 381 40 158 382 87 49 383 74 25 384 52 131 385 53 156 386 161 159 387 175 160 388 163 161 389 166 162 390 164 163 391 165 164 392 169 165 393 166 162 394 165 164 395 170 166 396 167 167 397 166 162 398 168 168 399 165 164 400 164 163 401 171 169 402 164 163 403 167 167 404 162 170 405 169 165 406 168 168 407 161 159 408 169 165 409 160 171 410 163 161 411 170 166 412 161 159 413 162 170 414 171 169 415 163 161 416 173 172 417 175 160 418 174 173 419 160 171 420 172 174 421 173 172 422 163 161 423 172 174 424 162 170 425 161 159 426 173 172 427 174 173 428 177 175 429 191 176 430 179 177 431 181 178 432 183 179 433 180 180 434 185 181 435 182 182 436 181 178 437 187 183 438 182 182 439 186 184 440 185 181 441 180 180 442 184 185 443 187 183 444 180 180 445 183 179 446 178 186 447 185 181 448 184 185 449 177 175 450 185 181 451 176 187 452 177 175 453 187 183 454 186 184 455 178 186 456 187 183 457 179 177 458 188 188 459 190 189 460 189 190 461 176 187 462 188 188 463 189 190 464 178 186 465 191 176 466 188 188 467 176 187 468 190 189 469 177 175 470 193 191 471 207 192 472 195 193 473 197 194 474 199 195 475 196 196 476 201 197 477 198 198 478 197 194 479 202 199 480 199 195 481 198 198 482 201 197 483 196 196 484 200 200 485 200 200 486 199 195 487 203 201 488 192 202 489 200 200 490 194 203 491 193 191 492 201 197 493 192 202 494 193 191 495 203 201 496 202 199 497 194 203 498 203 201 499 195 193 500 205 204 501 207 192 502 206 205 503 192 202 504 204 206 505 205 204 506 194 203 507 207 192 508 204 206 509 193 191 510 205 204 511 206 205 512 209 207 513 223 208 514 211 209 515 213 210 516 215 211 517 212 212 518 218 213 519 213 210 520 217 214 521 219 215 522 214 216 523 218 213 524 216 217 525 213 210 526 212 212 527 216 217 528 215 211 529 219 215 530 208 218 531 216 217 532 210 219 533 209 207 534 217 214 535 208 218 536 209 207 537 219 215 538 218 213 539 211 209 540 216 217 541 219 215 542 221 220 543 223 208 544 222 221 545 210 219 546 221 220 547 208 218 548 211 209 549 220 222 550 210 219 551 208 218 552 222 221 553 209 207 554 225 223 555 239 224 556 227 225 557 229 226 558 231 227 559 228 228 560 233 229 561 230 230 562 229 226 563 235 231 564 230 230 565 234 232 566 232 233 567 229 226 568 228 228 569 235 231 570 228 228 571 231 227 572 226 234 573 233 229 574 232 233 575 224 235 576 234 232 577 233 229 578 227 225 579 234 232 580 225 223 581 226 234 582 235 231 583 227 225 584 237 236 585 239 224 586 238 237 587 224 235 588 236 238 589 237 236 590 226 234 591 239 224 592 236 238 593 224 235 594 238 237 595 225 223 596 241 239 597 242 240 598 240 241 599 243 242 600 244 243 601 242 240 602 245 244 603 246 245 604 244 243 605 241 239 606 247 246 607 245 244 608 247 246 609 248 247 610 246 245 611 248 247 612 241 239 613 240 241 614 242 240 615 246 245 616 248 247 617 117 0 2964 74 25 2965 73 1 2966 101 3 2967 66 68 2968 64 4 2969 98 6 2970 65 130 2971 95 7 2972 105 9 2973 68 13 2974 67 10 2975 105 9 2976 107 15 2977 69 12 2978 109 14 2979 70 17 2980 69 12 2981 111 16 2982 71 19 2983 70 17 2984 113 18 2985 72 23 2986 71 19 2987 114 20 2988 112 128 2989 8 21 2990 115 2 2991 73 1 2992 72 23 2993 119 24 2994 75 27 2995 74 25 2996 121 26 2997 76 29 2998 75 27 2999 123 28 3000 77 31 3001 76 29 3002 125 30 3003 78 33 3004 77 31 3005 127 32 3006 79 35 3007 78 33 3008 129 34 3009 80 37 3010 79 35 3011 131 36 3012 81 39 3013 80 37 3014 133 38 3015 82 41 3016 81 39 3017 135 40 3018 83 43 3019 82 41 3020 137 42 3021 84 45 3022 83 43 3023 139 44 3024 85 47 3025 84 45 3026 139 44 3027 141 48 3028 86 46 3029 141 48 3030 143 51 3031 87 49 3032 145 50 3033 88 53 3034 87 49 3035 147 52 3036 89 55 3037 88 53 3038 147 52 3039 149 56 3040 90 54 3041 149 56 3042 151 59 3043 91 57 3044 153 58 3045 92 61 3046 91 57 3047 155 60 3048 93 63 3049 92 61 3050 157 62 3051 94 64 3052 93 63 3053 159 8 3054 95 7 3055 94 64 3056 62 135 3057 63 138 3058 59 147 3059 63 138 3060 61 141 3061 59 147 3062 61 141 3063 60 143 3064 59 147 3065 59 147 3066 58 151 3067 57 150 3068 57 150 3069 56 152 3070 59 147 3071 56 152 3072 55 65 3073 59 147 3074 55 65 3075 54 157 3076 53 156 3077 53 156 3078 52 131 3079 55 65 3080 52 131 3081 51 132 3082 55 65 3083 51 132 3084 50 134 3085 49 137 3086 49 137 3087 48 140 3088 51 132 3089 48 140 3090 47 66 3091 51 132 3092 47 66 3093 46 146 3094 45 145 3095 45 145 3096 44 149 3097 43 154 3098 43 154 3099 42 153 3100 41 155 3101 41 155 3102 40 158 3103 43 154 3104 40 158 3105 39 67 3106 43 154 3107 39 67 3108 38 69 3109 35 139 3110 38 69 3111 37 133 3112 35 139 3113 37 133 3114 36 136 3115 35 139 3116 35 139 3117 34 142 3118 33 144 3119 33 144 3120 32 148 3121 62 135 3122 47 66 3123 45 145 3124 43 154 3125 35 139 3126 33 144 3127 62 135 3128 62 135 3129 59 147 3130 55 65 3131 55 65 3132 51 132 3133 47 66 3134 47 66 3135 43 154 3136 39 67 3137 39 67 3138 35 139 3139 62 135 3140 62 135 3141 55 65 3142 39 67 3143 103 11 3144 67 10 3145 66 68 3146 88 53 3147 89 55 3148 38 69 3149 140 70 3150 22 129 3151 23 71 3152 114 20 3153 9 22 3154 10 73 3155 142 72 3156 23 71 3157 24 75 3158 116 74 3159 10 73 3160 11 77 3161 146 79 3162 144 76 3163 24 75 3164 118 78 3165 11 77 3166 12 81 3167 148 83 3168 146 79 3169 25 80 3170 122 85 3171 120 82 3172 12 81 3173 148 83 3174 26 84 3175 27 87 3176 124 89 3177 122 85 3178 13 86 3179 96 91 3180 99 117 3181 0 92 3182 150 88 3183 27 87 3184 28 94 3185 126 96 3186 124 89 3187 14 90 3188 100 98 3189 96 91 3190 1 93 3191 154 100 3192 152 95 3193 28 94 3194 126 96 3195 15 97 3196 16 102 3197 100 98 3198 2 99 3199 3 104 3200 154 100 3201 29 101 3202 30 106 3203 130 108 3204 128 103 3205 16 102 3206 102 105 3207 3 104 3208 4 110 3209 156 107 3210 30 106 3211 31 97 3212 130 108 3213 17 109 3214 18 113 3215 106 115 3216 104 111 3217 4 110 3218 158 112 3219 31 97 3220 0 92 3221 132 114 3222 18 113 3223 19 118 3224 108 120 3225 106 115 3226 5 116 3227 134 119 3228 19 118 3229 20 122 3230 110 124 3231 108 120 3232 6 121 3233 136 123 3234 20 122 3235 21 126 3236 110 124 3237 7 125 3238 8 21 3239 140 70 3240 138 127 3241 21 126 3242 97 5 3243 98 6 3244 99 117 3245 97 5 3246 96 91 3247 100 98 3248 101 3 3249 100 98 3250 102 105 3251 103 11 3252 102 105 3253 104 111 3254 105 9 3255 104 111 3256 106 115 3257 107 15 3258 106 115 3259 108 120 3260 111 16 3261 109 14 3262 108 120 3263 111 16 3264 110 124 3265 112 128 3266 113 18 3267 112 128 3268 114 20 3269 115 2 3270 114 20 3271 116 74 3272 119 24 3273 117 0 3274 116 74 3275 119 24 3276 118 78 3277 120 82 3278 121 26 3279 120 82 3280 122 85 3281 125 30 3282 123 28 3283 122 85 3284 127 32 3285 125 30 3286 124 89 3287 127 32 3288 126 96 3289 128 103 3290 129 34 3291 128 103 3292 130 108 3293 131 36 3294 130 108 3295 132 114 3296 135 40 3297 133 38 3298 132 114 3299 137 42 3300 135 40 3301 134 119 3302 139 44 3303 137 42 3304 136 123 3305 139 44 3306 138 127 3307 140 70 3308 141 48 3309 140 70 3310 142 72 3311 145 50 3312 143 51 3313 142 72 3314 147 52 3315 145 50 3316 144 76 3317 149 56 3318 147 52 3319 146 79 3320 151 59 3321 149 56 3322 148 83 3323 153 58 3324 151 59 3325 150 88 3326 153 58 3327 152 95 3328 154 100 3329 155 60 3330 154 100 3331 156 107 3332 159 8 3333 157 62 3334 156 107 3335 159 8 3336 158 112 3337 99 117 3338 97 5 3339 64 4 3340 65 130 3341 76 29 3342 51 132 3343 52 131 3344 90 54 3345 37 133 3346 38 69 3347 77 31 3348 50 134 3349 51 132 3350 91 57 3351 36 136 3352 37 133 3353 78 33 3354 49 137 3355 50 134 3356 64 4 3357 63 138 3358 62 135 3359 92 61 3360 35 139 3361 36 136 3362 79 35 3363 48 140 3364 49 137 3365 66 68 3366 61 141 3367 63 138 3368 93 63 3369 34 142 3370 35 139 3371 79 35 3372 80 37 3373 47 66 3374 67 10 3375 60 143 3376 61 141 3377 94 64 3378 33 144 3379 34 142 3380 81 39 3381 46 146 3382 47 66 3383 68 13 3384 59 147 3385 60 143 3386 95 7 3387 32 148 3388 33 144 3389 81 39 3390 82 41 3391 45 145 3392 69 12 3393 58 151 3394 59 147 3395 65 130 3396 62 135 3397 32 148 3398 82 41 3399 83 43 3400 44 149 3401 69 12 3402 70 17 3403 57 150 3404 84 45 3405 43 154 3406 44 149 3407 70 17 3408 71 19 3409 56 152 3410 84 45 3411 85 47 3412 42 153 3413 72 23 3414 55 65 3415 56 152 3416 86 46 3417 41 155 3418 42 153 3419 73 1 3420 54 157 3421 55 65 3422 87 49 3423 40 158 3424 41 155 3425 73 1 3426 74 25 3427 53 156 3428 88 53 3429 39 67 3430 40 158 3431 74 25 3432 75 27 3433 52 131 3434 161 159 3435 174 173 3436 175 160 3437 166 162 3438 167 167 3439 164 163 3440 169 165 3441 170 166 3442 166 162 3443 170 166 3444 171 169 3445 167 167 3446 168 168 3447 169 165 3448 165 164 3449 171 169 3450 168 168 3451 164 163 3452 162 170 3453 160 171 3454 169 165 3455 161 159 3456 170 166 3457 169 165 3458 163 161 3459 171 169 3460 170 166 3461 162 170 3462 168 168 3463 171 169 3464 173 172 3465 172 174 3466 175 160 3467 160 171 3468 162 170 3469 172 174 3470 163 161 3471 175 160 3472 172 174 3473 161 159 3474 160 171 3475 173 172 3476 177 175 3477 190 189 3478 191 176 3479 181 178 3480 182 182 3481 183 179 3482 185 181 3483 186 184 3484 182 182 3485 187 183 3486 183 179 3487 182 182 3488 185 181 3489 181 178 3490 180 180 3491 187 183 3492 184 185 3493 180 180 3494 178 186 3495 176 187 3496 185 181 3497 177 175 3498 186 184 3499 185 181 3500 177 175 3501 179 177 3502 187 183 3503 178 186 3504 184 185 3505 187 183 3506 188 188 3507 191 176 3508 190 189 3509 176 187 3510 178 186 3511 188 188 3512 178 186 3513 179 177 3514 191 176 3515 176 187 3516 189 190 3517 190 189 3518 193 191 3519 206 205 3520 207 192 3521 197 194 3522 198 198 3523 199 195 3524 201 197 3525 202 199 3526 198 198 3527 202 199 3528 203 201 3529 199 195 3530 201 197 3531 197 194 3532 196 196 3533 200 200 3534 196 196 3535 199 195 3536 192 202 3537 201 197 3538 200 200 3539 193 191 3540 202 199 3541 201 197 3542 193 191 3543 195 193 3544 203 201 3545 194 203 3546 200 200 3547 203 201 3548 205 204 3549 204 206 3550 207 192 3551 192 202 3552 194 203 3553 204 206 3554 194 203 3555 195 193 3556 207 192 3557 193 191 3558 192 202 3559 205 204 3560 209 207 3561 222 221 3562 223 208 3563 213 210 3564 214 216 3565 215 211 3566 218 213 3567 214 216 3568 213 210 3569 219 215 3570 215 211 3571 214 216 3572 216 217 3573 217 214 3574 213 210 3575 216 217 3576 212 212 3577 215 211 3578 208 218 3579 217 214 3580 216 217 3581 209 207 3582 218 213 3583 217 214 3584 209 207 3585 211 209 3586 219 215 3587 211 209 3588 210 219 3589 216 217 3590 221 220 3591 220 222 3592 223 208 3593 210 219 3594 220 222 3595 221 220 3596 211 209 3597 223 208 3598 220 222 3599 208 218 3600 221 220 3601 222 221 3602 225 223 3603 238 237 3604 239 224 3605 229 226 3606 230 230 3607 231 227 3608 233 229 3609 234 232 3610 230 230 3611 235 231 3612 231 227 3613 230 230 3614 232 233 3615 233 229 3616 229 226 3617 235 231 3618 232 233 3619 228 228 3620 226 234 3621 224 235 3622 233 229 3623 224 235 3624 225 223 3625 234 232 3626 227 225 3627 235 231 3628 234 232 3629 226 234 3630 232 233 3631 235 231 3632 237 236 3633 236 238 3634 239 224 3635 224 235 3636 226 234 3637 236 238 3638 226 234 3639 227 225 3640 239 224 3641 224 235 3642 237 236 3643 238 237 3644 241 239 3645 243 242 3646 242 240 3647 243 242 3648 245 244 3649 244 243 3650 245 244 3651 247 246 3652 246 245 3653 245 244 3654 243 242 3655 241 239 3656 241 239 3657 249 1070 3658 247 246 3659 247 246 3660 249 1070 3661 248 247 3662 248 247 3663 249 1070 3664 241 239 3665 248 247 3666 240 241 3667 242 240 3668 242 240 3669 244 243 3670 246 245 3671</p>
        </triangles>
        <triangles material="Rueda_mat_004-material" count="1152">
          <input semantic="VERTEX" source="#Circle_008-mesh-vertices" offset="0"/>
          <input semantic="NORMAL" source="#Circle_008-mesh-normals" offset="1"/>
          <input semantic="TEXCOORD" source="#Circle_008-mesh-map-0" offset="2" set="0"/>
          <p>250 248 618 263 249 619 251 250 620 251 250 621 264 251 622 252 252 623 252 252 624 265 253 625 253 254 626 253 254 627 266 255 628 254 256 629 254 256 630 267 257 631 255 258 632 255 258 633 268 259 634 256 260 635 268 259 636 257 261 637 256 260 638 257 261 639 270 262 640 258 263 641 258 263 642 271 264 643 259 265 644 259 265 645 272 266 646 260 267 647 272 266 648 261 268 649 260 267 650 273 269 651 250 248 652 261 268 653 262 270 654 275 271 655 263 249 656 275 271 657 264 251 658 263 249 659 276 272 660 265 253 661 264 251 662 277 273 663 266 255 664 265 253 665 278 274 666 267 257 667 266 255 668 279 275 669 268 259 670 267 257 671 280 276 672 269 277 673 268 259 674 269 277 675 282 278 676 270 262 677 270 262 678 283 279 679 271 264 680 283 279 681 272 266 682 271 264 683 272 266 684 285 280 685 273 269 686 273 269 687 274 281 688 262 270 689 286 282 690 275 271 691 274 281 692 287 283 693 276 272 694 275 271 695 276 272 696 289 284 697 277 273 698 277 273 699 290 285 700 278 274 701 290 285 702 279 275 703 278 274 704 291 286 705 280 276 706 279 275 707 292 287 708 281 288 709 280 276 710 293 289 711 282 278 712 281 288 713 294 290 714 283 279 715 282 278 716 283 279 717 296 291 718 284 292 719 296 291 720 285 280 721 284 292 722 297 293 723 274 281 724 285 280 725 298 294 726 287 283 727 286 282 728 299 295 729 288 296 730 287 283 731 288 296 732 301 297 733 289 284 734 301 297 735 290 285 736 289 284 737 290 285 738 303 298 739 291 286 740 303 298 741 292 287 742 291 286 743 304 299 744 293 289 745 292 287 746 293 289 747 306 300 748 294 290 749 294 290 750 307 301 751 295 302 752 295 302 753 308 303 754 296 291 755 308 303 756 297 293 757 296 291 758 309 304 759 286 282 760 297 293 761 298 294 762 311 305 763 299 295 764 299 295 765 312 306 766 300 307 767 312 306 768 301 297 769 300 307 770 313 308 771 302 309 772 301 297 773 302 309 774 315 310 775 303 298 776 315 310 777 304 299 778 303 298 779 304 299 780 317 311 781 305 312 782 317 311 783 306 300 784 305 312 785 318 313 786 307 301 787 306 300 788 307 301 789 320 314 790 308 303 791 320 314 792 309 304 793 308 303 794 321 315 795 298 294 796 309 304 797 322 316 798 311 305 799 310 317 800 323 318 801 312 306 802 311 305 803 324 319 804 313 308 805 312 306 806 325 320 807 314 321 808 313 308 809 326 322 810 315 310 811 314 321 812 327 323 813 316 324 814 315 310 815 316 324 816 329 325 817 317 311 818 329 325 819 318 313 820 317 311 821 318 313 822 331 326 823 319 327 824 319 327 825 332 328 826 320 314 827 320 314 828 333 329 829 321 315 830 321 315 831 322 316 832 310 317 833 322 316 834 335 330 835 323 318 836 335 330 837 324 319 838 323 318 839 336 331 840 325 320 841 324 319 842 337 332 843 326 322 844 325 320 845 338 333 846 327 323 847 326 322 848 327 323 849 340 334 850 328 335 851 328 335 852 341 336 853 329 325 854 329 325 855 342 337 856 330 338 857 330 338 858 343 339 859 331 326 860 343 339 861 332 328 862 331 326 863 344 340 864 333 329 865 332 328 866 345 341 867 322 316 868 333 329 869 334 342 870 347 343 871 335 330 872 335 330 873 348 344 874 336 331 875 336 331 876 349 345 877 337 332 878 337 332 879 350 346 880 338 333 881 338 333 882 351 347 883 339 348 884 351 347 885 340 334 886 339 348 887 340 334 888 353 349 889 341 336 890 353 349 891 342 337 892 341 336 893 354 350 894 343 339 895 342 337 896 355 351 897 344 340 898 343 339 899 344 340 900 357 352 901 345 341 902 357 352 903 334 342 904 345 341 905 358 353 906 347 343 907 346 354 908 359 355 909 348 344 910 347 343 911 360 356 912 349 345 913 348 344 914 349 345 915 362 357 916 350 346 917 362 357 918 351 347 919 350 346 920 351 347 921 364 358 922 352 359 923 352 359 924 365 360 925 353 349 926 353 349 927 366 361 928 354 350 929 354 350 930 367 362 931 355 351 932 367 362 933 356 363 934 355 351 935 356 363 936 369 364 937 357 352 938 369 364 939 346 354 940 357 352 941 358 353 942 371 365 943 359 355 944 359 355 945 372 366 946 360 356 947 372 366 948 361 367 949 360 356 950 361 367 951 374 368 952 362 357 953 374 368 954 363 369 955 362 357 956 375 370 957 364 358 958 363 369 959 364 358 960 377 371 961 365 360 962 377 371 963 366 361 964 365 360 965 366 361 966 379 372 967 367 362 968 379 372 969 368 373 970 367 362 971 380 374 972 369 364 973 368 373 974 369 364 975 370 375 976 358 353 977 382 376 978 371 365 979 370 375 980 371 365 981 384 377 982 372 366 983 384 377 984 373 378 985 372 366 986 385 379 987 374 368 988 373 378 989 386 380 990 375 370 991 374 368 992 375 370 993 388 381 994 376 382 995 376 382 996 389 383 997 377 371 998 389 383 999 378 384 1000 377 371 1001 378 384 1002 391 385 1003 379 372 1004 379 372 1005 392 386 1006 380 374 1007 392 386 1008 381 387 1009 380 374 1010 393 388 1011 370 375 1012 381 387 1013 394 389 1014 383 390 1015 382 376 1016 383 390 1017 396 391 1018 384 377 1019 384 377 1020 397 392 1021 385 379 1022 385 379 1023 398 393 1024 386 380 1025 386 380 1026 399 394 1027 387 395 1028 399 394 1029 388 381 1030 387 395 1031 400 396 1032 389 383 1033 388 381 1034 401 397 1035 390 398 1036 389 383 1037 402 399 1038 391 385 1039 390 398 1040 403 400 1041 392 386 1042 391 385 1043 392 386 1044 405 401 1045 393 388 1046 393 388 1047 394 389 1048 382 376 1049 406 402 1050 395 403 1051 394 389 1052 395 403 1053 408 404 1054 396 391 1055 408 404 1056 397 392 1057 396 391 1058 409 405 1059 398 393 1060 397 392 1061 410 406 1062 399 394 1063 398 393 1064 411 407 1065 400 396 1066 399 394 1067 412 408 1068 401 397 1069 400 396 1070 401 397 1071 414 409 1072 402 399 1073 402 399 1074 415 410 1075 403 400 1076 403 400 1077 416 411 1078 404 412 1079 404 412 1080 417 413 1081 405 401 1082 405 401 1083 406 402 1084 394 389 1085 418 414 1086 407 415 1087 406 402 1088 407 415 1089 420 416 1090 408 404 1091 408 404 1092 421 417 1093 409 405 1094 409 405 1095 422 418 1096 410 406 1097 410 406 1098 423 419 1099 411 407 1100 423 419 1101 412 408 1102 411 407 1103 412 408 1104 425 420 1105 413 421 1106 425 420 1107 414 409 1108 413 421 1109 426 422 1110 415 410 1111 414 409 1112 427 423 1113 416 411 1114 415 410 1115 428 424 1116 417 413 1117 416 411 1118 429 425 1119 406 402 1120 417 413 1121 418 414 1122 431 426 1123 419 427 1124 431 426 1125 420 416 1126 419 427 1127 420 416 1128 433 428 1129 421 417 1130 433 428 1131 422 418 1132 421 417 1133 434 429 1134 423 419 1135 422 418 1136 435 430 1137 424 431 1138 423 419 1139 436 432 1140 425 420 1141 424 431 1142 425 420 1143 438 433 1144 426 422 1145 426 422 1146 439 434 1147 427 423 1148 439 434 1149 428 424 1150 427 423 1151 440 435 1152 429 425 1153 428 424 1154 429 425 1155 430 436 1156 418 414 1157 430 436 1158 443 437 1159 431 426 1160 443 437 1161 432 438 1162 431 426 1163 444 439 1164 433 428 1165 432 438 1166 445 440 1167 434 429 1168 433 428 1169 434 429 1170 447 441 1171 435 430 1172 435 430 1173 448 442 1174 436 432 1175 448 442 1176 437 443 1177 436 432 1178 437 443 1179 450 444 1180 438 433 1181 438 433 1182 451 445 1183 439 434 1184 439 434 1185 452 446 1186 440 435 1187 452 446 1188 441 447 1189 440 435 1190 441 447 1191 442 448 1192 430 436 1193 454 449 1194 443 437 1195 442 448 1196 455 450 1197 444 439 1198 443 437 1199 444 439 1200 457 451 1201 445 440 1202 457 451 1203 446 452 1204 445 440 1205 446 452 1206 459 453 1207 447 441 1208 459 453 1209 448 442 1210 447 441 1211 460 454 1212 449 455 1213 448 442 1214 449 455 1215 462 456 1216 450 444 1217 462 456 1218 451 445 1219 450 444 1220 451 445 1221 464 457 1222 452 446 1223 452 446 1224 465 458 1225 453 459 1226 453 459 1227 454 449 1228 442 448 1229 454 449 1230 467 460 1231 455 450 1232 467 460 1233 456 461 1234 455 450 1235 456 461 1236 469 462 1237 457 451 1238 469 462 1239 458 463 1240 457 451 1241 458 463 1242 471 464 1243 459 453 1244 459 453 1245 472 465 1246 460 454 1247 472 465 1248 461 466 1249 460 454 1250 461 466 1251 474 467 1252 462 456 1253 462 456 1254 475 468 1255 463 469 1256 475 468 1257 464 457 1258 463 469 1259 464 457 1260 477 470 1261 465 458 1262 477 470 1263 454 449 1264 465 458 1265 466 471 1266 479 472 1267 467 460 1268 479 472 1269 468 473 1270 467 460 1271 480 474 1272 469 462 1273 468 473 1274 469 462 1275 482 475 1276 470 476 1277 470 476 1278 483 477 1279 471 464 1280 483 477 1281 472 465 1282 471 464 1283 484 478 1284 473 479 1285 472 465 1286 485 480 1287 474 467 1288 473 479 1289 486 481 1290 475 468 1291 474 467 1292 487 482 1293 476 483 1294 475 468 1295 476 483 1296 489 484 1297 477 470 1298 489 484 1299 466 471 1300 477 470 1301 478 485 1302 491 486 1303 479 472 1304 491 486 1305 480 474 1306 479 472 1307 492 487 1308 481 488 1309 480 474 1310 493 489 1311 482 475 1312 481 488 1313 482 475 1314 495 490 1315 483 477 1316 495 490 1317 484 478 1318 483 477 1319 496 491 1320 485 480 1321 484 478 1322 497 492 1323 486 481 1324 485 480 1325 498 493 1326 487 482 1327 486 481 1328 499 494 1329 488 495 1330 487 482 1331 500 496 1332 489 484 1333 488 495 1334 489 484 1335 490 497 1336 478 485 1337 490 497 1338 503 498 1339 491 486 1340 503 498 1341 492 487 1342 491 486 1343 492 487 1344 505 499 1345 493 489 1346 493 489 1347 506 500 1348 494 501 1349 494 501 1350 507 502 1351 495 490 1352 507 502 1353 496 491 1354 495 490 1355 496 491 1356 509 503 1357 497 492 1358 509 503 1359 498 493 1360 497 492 1361 510 504 1362 499 494 1363 498 493 1364 511 505 1365 500 496 1366 499 494 1367 512 506 1368 501 507 1369 500 496 1370 501 507 1371 502 508 1372 490 497 1373 502 508 1374 515 509 1375 503 498 1376 503 498 1377 516 510 1378 504 511 1379 504 511 1380 517 512 1381 505 499 1382 517 512 1383 506 500 1384 505 499 1385 518 513 1386 507 502 1387 506 500 1388 519 514 1389 508 515 1390 507 502 1391 520 516 1392 509 503 1393 508 515 1394 521 517 1395 510 504 1396 509 503 1397 522 518 1398 511 505 1399 510 504 1400 511 505 1401 524 519 1402 512 506 1403 524 519 1404 513 520 1405 512 506 1406 525 521 1407 502 508 1408 513 520 1409 526 522 1410 515 509 1411 514 523 1412 527 524 1413 516 510 1414 515 509 1415 528 525 1416 517 512 1417 516 510 1418 529 526 1419 518 513 1420 517 512 1421 530 527 1422 519 514 1423 518 513 1424 531 528 1425 520 516 1426 519 514 1427 532 529 1428 521 517 1429 520 516 1430 533 530 1431 522 518 1432 521 517 1433 522 518 1434 535 531 1435 523 532 1436 523 532 1437 536 533 1438 524 519 1439 524 519 1440 537 534 1441 525 521 1442 525 521 1443 526 522 1444 514 523 1445 526 522 1446 539 535 1447 527 524 1448 527 524 1449 540 536 1450 528 525 1451 528 525 1452 541 537 1453 529 526 1454 529 526 1455 542 538 1456 530 527 1457 530 527 1458 543 539 1459 531 528 1460 531 528 1461 544 540 1462 532 529 1463 532 529 1464 545 541 1465 533 530 1466 533 530 1467 546 542 1468 534 543 1469 534 543 1470 547 544 1471 535 531 1472 535 531 1473 548 545 1474 536 533 1475 548 545 1476 537 534 1477 536 533 1478 549 546 1479 526 522 1480 537 534 1481 550 547 1482 539 535 1483 538 548 1484 551 549 1485 540 536 1486 539 535 1487 552 550 1488 541 537 1489 540 536 1490 553 551 1491 542 538 1492 541 537 1493 554 552 1494 543 539 1495 542 538 1496 555 553 1497 544 540 1498 543 539 1499 556 554 1500 545 541 1501 544 540 1502 557 555 1503 546 542 1504 545 541 1505 558 556 1506 547 544 1507 546 542 1508 559 557 1509 548 545 1510 547 544 1511 548 545 1512 561 558 1513 549 546 1514 549 546 1515 550 547 1516 538 548 1517 562 559 1518 551 549 1519 550 547 1520 551 549 1521 564 560 1522 552 550 1523 552 550 1524 565 561 1525 553 551 1526 553 551 1527 566 562 1528 554 552 1529 566 562 1530 555 553 1531 554 552 1532 567 563 1533 556 554 1534 555 553 1535 568 564 1536 557 555 1537 556 554 1538 557 555 1539 570 565 1540 558 556 1541 570 565 1542 559 557 1543 558 556 1544 571 566 1545 560 567 1546 559 557 1547 572 568 1548 561 558 1549 560 567 1550 573 569 1551 550 547 1552 561 558 1553 574 570 1554 563 571 1555 562 559 1556 563 571 1557 576 572 1558 564 560 1559 576 572 1560 565 561 1561 564 560 1562 565 561 1563 578 573 1564 566 562 1565 578 573 1566 567 563 1567 566 562 1568 567 563 1569 580 574 1570 568 564 1571 568 564 1572 581 575 1573 569 576 1574 569 576 1575 582 577 1576 570 565 1577 570 565 1578 583 578 1579 571 566 1580 583 578 1581 572 568 1582 571 566 1583 584 579 1584 573 569 1585 572 568 1586 573 569 1587 574 570 1588 562 559 1589 586 580 1590 575 581 1591 574 570 1592 587 582 1593 576 572 1594 575 581 1595 588 583 1596 577 584 1597 576 572 1598 577 584 1599 590 585 1600 578 573 1601 590 585 1602 579 586 1603 578 573 1604 579 586 1605 592 587 1606 580 574 1607 592 587 1608 581 575 1609 580 574 1610 593 588 1611 582 577 1612 581 575 1613 582 577 1614 595 589 1615 583 578 1616 583 578 1617 596 590 1618 584 579 1619 584 579 1620 597 591 1621 585 592 1622 585 592 1623 586 580 1624 574 570 1625 598 593 1626 587 582 1627 586 580 1628 599 594 1629 588 583 1630 587 582 1631 600 595 1632 589 596 1633 588 583 1634 589 596 1635 602 597 1636 590 585 1637 602 597 1638 591 598 1639 590 585 1640 603 599 1641 592 587 1642 591 598 1643 592 587 1644 605 600 1645 593 588 1646 605 600 1647 594 601 1648 593 588 1649 594 601 1650 607 602 1651 595 589 1652 607 602 1653 596 590 1654 595 589 1655 596 590 1656 609 603 1657 597 591 1658 597 591 1659 598 593 1660 586 580 1661 610 604 1662 599 594 1663 598 593 1664 599 594 1665 612 605 1666 600 595 1667 612 605 1668 601 606 1669 600 595 1670 613 607 1671 602 597 1672 601 606 1673 602 597 1674 615 608 1675 603 599 1676 615 608 1677 604 609 1678 603 599 1679 604 609 1680 617 610 1681 605 600 1682 617 610 1683 606 611 1684 605 600 1685 606 611 1686 619 612 1687 607 602 1688 619 612 1689 608 613 1690 607 602 1691 608 613 1692 621 614 1693 609 603 1694 609 603 1695 610 604 1696 598 593 1697 622 615 1698 611 616 1699 610 604 1700 611 616 1701 624 617 1702 612 605 1703 612 605 1704 625 618 1705 613 607 1706 625 618 1707 614 619 1708 613 607 1709 626 620 1710 615 608 1711 614 619 1712 615 608 1713 628 621 1714 616 622 1715 628 621 1716 617 610 1717 616 622 1718 629 623 1719 618 624 1720 617 610 1721 630 625 1722 619 612 1723 618 624 1724 619 612 1725 632 626 1726 620 627 1727 632 626 1728 621 614 1729 620 627 1730 621 614 1731 622 615 1732 610 604 1733 634 628 1734 623 629 1735 622 615 1736 635 630 1737 624 617 1738 623 629 1739 636 631 1740 625 618 1741 624 617 1742 625 618 1743 638 632 1744 626 620 1745 638 632 1746 627 633 1747 626 620 1748 627 633 1749 640 634 1750 628 621 1751 640 634 1752 629 623 1753 628 621 1754 641 635 1755 630 625 1756 629 623 1757 642 636 1758 631 637 1759 630 625 1760 643 638 1761 632 626 1762 631 637 1763 644 639 1764 633 640 1765 632 626 1766 645 641 1767 622 615 1768 633 640 1769 646 642 1770 635 630 1771 634 628 1772 647 643 1773 636 631 1774 635 630 1775 636 631 1776 649 644 1777 637 645 1778 649 644 1779 638 632 1780 637 645 1781 650 646 1782 639 647 1783 638 632 1784 651 648 1785 640 634 1786 639 647 1787 652 649 1788 641 635 1789 640 634 1790 653 650 1791 642 636 1792 641 635 1793 654 651 1794 643 638 1795 642 636 1796 643 638 1797 656 652 1798 644 639 1799 644 639 1800 657 653 1801 645 641 1802 645 641 1803 646 642 1804 634 628 1805 646 642 1806 659 654 1807 647 643 1808 659 654 1809 648 655 1810 647 643 1811 660 656 1812 649 644 1813 648 655 1814 661 657 1815 650 646 1816 649 644 1817 650 646 1818 663 658 1819 651 648 1820 651 648 1821 664 659 1822 652 649 1823 664 659 1824 653 650 1825 652 649 1826 653 650 1827 666 660 1828 654 651 1829 654 651 1830 667 661 1831 655 662 1832 655 662 1833 668 663 1834 656 652 1835 656 652 1836 669 664 1837 657 653 1838 669 664 1839 646 642 1840 657 653 1841 658 665 1842 671 666 1843 659 654 1844 659 654 1845 672 667 1846 660 656 1847 660 656 1848 673 668 1849 661 657 1850 661 657 1851 674 669 1852 662 670 1853 662 670 1854 675 671 1855 663 658 1856 675 671 1857 664 659 1858 663 658 1859 676 672 1860 665 673 1861 664 659 1862 665 673 1863 678 674 1864 666 660 1865 678 674 1866 667 661 1867 666 660 1868 679 675 1869 668 663 1870 667 661 1871 680 676 1872 669 664 1873 668 663 1874 669 664 1875 670 677 1876 658 665 1877 682 678 1878 671 666 1879 670 677 1880 683 679 1881 672 667 1882 671 666 1883 684 680 1884 673 668 1885 672 667 1886 685 681 1887 674 669 1888 673 668 1889 686 682 1890 675 671 1891 674 669 1892 675 671 1893 688 683 1894 676 672 1895 676 672 1896 689 684 1897 677 685 1898 677 685 1899 690 686 1900 678 674 1901 678 674 1902 691 687 1903 679 675 1904 679 675 1905 692 688 1906 680 676 1907 680 676 1908 693 689 1909 681 690 1910 693 689 1911 670 677 1912 681 690 1913 694 691 1914 683 679 1915 682 678 1916 683 679 1917 696 692 1918 684 680 1919 684 680 1920 697 693 1921 685 681 1922 685 681 1923 698 694 1924 686 682 1925 686 682 1926 699 695 1927 687 696 1928 687 696 1929 700 697 1930 688 683 1931 688 683 1932 701 698 1933 689 684 1934 689 684 1935 702 699 1936 690 686 1937 702 699 1938 691 687 1939 690 686 1940 703 700 1941 692 688 1942 691 687 1943 704 701 1944 693 689 1945 692 688 1946 705 702 1947 682 678 1948 693 689 1949 706 703 1950 695 704 1951 694 691 1952 707 705 1953 696 692 1954 695 704 1955 696 692 1956 709 706 1957 697 693 1958 709 706 1959 698 694 1960 697 693 1961 710 707 1962 699 695 1963 698 694 1964 711 708 1965 700 697 1966 699 695 1967 712 709 1968 701 698 1969 700 697 1970 713 710 1971 702 699 1972 701 698 1973 702 699 1974 715 711 1975 703 700 1976 715 711 1977 704 701 1978 703 700 1979 704 701 1980 717 712 1981 705 702 1982 705 702 1983 706 703 1984 694 691 1985 718 713 1986 707 705 1987 706 703 1988 707 705 1989 720 714 1990 708 715 1991 708 715 1992 721 716 1993 709 706 1994 721 716 1995 710 707 1996 709 706 1997 710 707 1998 723 717 1999 711 708 2000 711 708 2001 724 718 2002 712 709 2003 724 718 2004 713 710 2005 712 709 2006 725 719 2007 714 720 2008 713 710 2009 726 721 2010 715 711 2011 714 720 2012 715 711 2013 728 722 2014 716 723 2015 716 723 2016 729 724 2017 717 712 2018 717 712 2019 718 713 2020 706 703 2021 730 725 2022 719 726 2023 718 713 2024 719 726 2025 732 727 2026 720 714 2027 732 727 2028 721 716 2029 720 714 2030 733 728 2031 722 729 2032 721 716 2033 722 729 2034 735 730 2035 723 717 2036 723 717 2037 736 731 2038 724 718 2039 736 731 2040 725 719 2041 724 718 2042 737 732 2043 726 721 2044 725 719 2045 726 721 2046 739 733 2047 727 734 2048 739 733 2049 728 722 2050 727 734 2051 740 735 2052 729 724 2053 728 722 2054 741 736 2055 718 713 2056 729 724 2057 730 725 2058 743 737 2059 731 738 2060 743 737 2061 732 727 2062 731 738 2063 744 739 2064 733 728 2065 732 727 2066 745 740 2067 734 741 2068 733 728 2069 746 742 2070 735 730 2071 734 741 2072 747 743 2073 736 731 2074 735 730 2075 736 731 2076 749 744 2077 737 732 2078 737 732 2079 750 745 2080 738 746 2081 738 746 2082 751 747 2083 739 733 2084 751 747 2085 740 735 2086 739 733 2087 740 735 2088 753 748 2089 741 736 2090 753 748 2091 730 725 2092 741 736 2093 754 749 2094 743 737 2095 742 750 2096 743 737 2097 756 751 2098 744 739 2099 744 739 2100 757 752 2101 745 740 2102 745 740 2103 758 753 2104 746 742 2105 758 753 2106 747 743 2107 746 742 2108 747 743 2109 760 754 2110 748 755 2111 748 755 2112 761 756 2113 749 744 2114 761 756 2115 750 745 2116 749 744 2117 762 757 2118 751 747 2119 750 745 2120 763 758 2121 752 759 2122 751 747 2123 752 759 2124 765 760 2125 753 748 2126 765 760 2127 742 750 2128 753 748 2129 766 761 2130 755 762 2131 754 749 2132 767 763 2133 756 751 2134 755 762 2135 768 764 2136 757 752 2137 756 751 2138 769 765 2139 758 753 2140 757 752 2141 770 766 2142 759 767 2143 758 753 2144 771 768 2145 760 754 2146 759 767 2147 772 769 2148 761 756 2149 760 754 2150 773 770 2151 762 757 2152 761 756 2153 762 757 2154 775 771 2155 763 758 2156 763 758 2157 776 772 2158 764 773 2159 764 773 2160 777 774 2161 765 760 2162 777 774 2163 754 749 2164 765 760 2165 778 775 2166 767 763 2167 766 761 2168 767 763 2169 780 776 2170 768 764 2171 768 764 2172 781 777 2173 769 765 2174 769 765 2175 782 778 2176 770 766 2177 782 778 2178 771 768 2179 770 766 2180 771 768 2181 784 779 2182 772 769 2183 784 779 2184 773 770 2185 772 769 2186 773 770 2187 786 780 2188 774 781 2189 774 781 2190 787 782 2191 775 771 2192 787 782 2193 776 772 2194 775 771 2195 776 772 2196 789 783 2197 777 774 2198 789 783 2199 766 761 2200 777 774 2201 790 784 2202 779 785 2203 778 775 2204 779 785 2205 792 786 2206 780 776 2207 780 776 2208 793 787 2209 781 777 2210 781 777 2211 794 788 2212 782 778 2213 794 788 2214 783 789 2215 782 778 2216 783 789 2217 796 790 2218 784 779 2219 784 779 2220 797 791 2221 785 792 2222 797 791 2223 786 780 2224 785 792 2225 798 793 2226 787 782 2227 786 780 2228 799 794 2229 788 795 2230 787 782 2231 788 795 2232 801 796 2233 789 783 2234 801 796 2235 778 775 2236 789 783 2237 802 797 2238 791 798 2239 790 784 2240 803 799 2241 792 786 2242 791 798 2243 804 800 2244 793 787 2245 792 786 2246 793 787 2247 806 801 2248 794 788 2249 794 788 2250 807 802 2251 795 803 2252 807 802 2253 796 790 2254 795 803 2255 808 804 2256 797 791 2257 796 790 2258 797 791 2259 810 805 2260 798 793 2261 798 793 2262 811 806 2263 799 794 2264 799 794 2265 812 807 2266 800 808 2267 812 807 2268 801 796 2269 800 808 2270 801 796 2271 802 797 2272 790 784 2273 814 809 2274 803 799 2275 802 797 2276 803 799 2277 816 810 2278 804 800 2279 804 800 2280 817 811 2281 805 812 2282 805 812 2283 818 813 2284 806 801 2285 806 801 2286 819 814 2287 807 802 2288 807 802 2289 820 815 2290 808 804 2291 808 804 2292 821 816 2293 809 817 2294 821 816 2295 810 805 2296 809 817 2297 822 818 2298 811 806 2299 810 805 2300 823 819 2301 812 807 2302 811 806 2303 824 820 2304 813 821 2305 812 807 2306 825 822 2307 802 797 2308 813 821 2309 250 248 2310 815 823 2311 814 809 2312 251 250 2313 816 810 2314 815 823 2315 252 252 2316 817 811 2317 816 810 2318 253 254 2319 818 813 2320 817 811 2321 254 256 2322 819 814 2323 818 813 2324 255 258 2325 820 815 2326 819 814 2327 256 260 2328 821 816 2329 820 815 2330 257 261 2331 822 818 2332 821 816 2333 258 263 2334 823 819 2335 822 818 2336 259 265 2337 824 820 2338 823 819 2339 824 820 2340 261 268 2341 825 822 2342 261 268 2343 814 809 2344 825 822 2345 250 248 3672 262 270 3673 263 249 3674 251 250 3675 263 249 3676 264 251 3677 252 252 3678 264 251 3679 265 253 3680 253 254 3681 265 253 3682 266 255 3683 254 256 3684 266 255 3685 267 257 3686 255 258 3687 267 257 3688 268 259 3689 268 259 3690 269 277 3691 257 261 3692 257 261 3693 269 277 3694 270 262 3695 258 263 3696 270 262 3697 271 264 3698 259 265 3699 271 264 3700 272 266 3701 272 266 3702 273 269 3703 261 268 3704 273 269 3705 262 270 3706 250 248 3707 262 270 3708 274 281 3709 275 271 3710 275 271 3711 276 272 3712 264 251 3713 276 272 3714 277 273 3715 265 253 3716 277 273 3717 278 274 3718 266 255 3719 278 274 3720 279 275 3721 267 257 3722 279 275 3723 280 276 3724 268 259 3725 280 276 3726 281 288 3727 269 277 3728 269 277 3729 281 288 3730 282 278 3731 270 262 3732 282 278 3733 283 279 3734 283 279 3735 284 292 3736 272 266 3737 272 266 3738 284 292 3739 285 280 3740 273 269 3741 285 280 3742 274 281 3743 286 282 3744 287 283 3745 275 271 3746 287 283 3747 288 296 3748 276 272 3749 276 272 3750 288 296 3751 289 284 3752 277 273 3753 289 284 3754 290 285 3755 290 285 3756 291 286 3757 279 275 3758 291 286 3759 292 287 3760 280 276 3761 292 287 3762 293 289 3763 281 288 3764 293 289 3765 294 290 3766 282 278 3767 294 290 3768 295 302 3769 283 279 3770 283 279 3771 295 302 3772 296 291 3773 296 291 3774 297 293 3775 285 280 3776 297 293 3777 286 282 3778 274 281 3779 298 294 3780 299 295 3781 287 283 3782 299 295 3783 300 307 3784 288 296 3785 288 296 3786 300 307 3787 301 297 3788 301 297 3789 302 309 3790 290 285 3791 290 285 3792 302 309 3793 303 298 3794 303 298 3795 304 299 3796 292 287 3797 304 299 3798 305 312 3799 293 289 3800 293 289 3801 305 312 3802 306 300 3803 294 290 3804 306 300 3805 307 301 3806 295 302 3807 307 301 3808 308 303 3809 308 303 3810 309 304 3811 297 293 3812 309 304 3813 298 294 3814 286 282 3815 298 294 3816 310 317 3817 311 305 3818 299 295 3819 311 305 3820 312 306 3821 312 306 3822 313 308 3823 301 297 3824 313 308 3825 314 321 3826 302 309 3827 302 309 3828 314 321 3829 315 310 3830 315 310 3831 316 324 3832 304 299 3833 304 299 3834 316 324 3835 317 311 3836 317 311 3837 318 313 3838 306 300 3839 318 313 3840 319 327 3841 307 301 3842 307 301 3843 319 327 3844 320 314 3845 320 314 3846 321 315 3847 309 304 3848 321 315 3849 310 317 3850 298 294 3851 322 316 3852 323 318 3853 311 305 3854 323 318 3855 324 319 3856 312 306 3857 324 319 3858 325 320 3859 313 308 3860 325 320 3861 326 322 3862 314 321 3863 326 322 3864 327 323 3865 315 310 3866 327 323 3867 328 335 3868 316 324 3869 316 324 3870 328 335 3871 329 325 3872 329 325 3873 330 338 3874 318 313 3875 318 313 3876 330 338 3877 331 326 3878 319 327 3879 331 326 3880 332 328 3881 320 314 3882 332 328 3883 333 329 3884 321 315 3885 333 329 3886 322 316 3887 322 316 3888 334 342 3889 335 330 3890 335 330 3891 336 331 3892 324 319 3893 336 331 3894 337 332 3895 325 320 3896 337 332 3897 338 333 3898 326 322 3899 338 333 3900 339 348 3901 327 323 3902 327 323 3903 339 348 3904 340 334 3905 328 335 3906 340 334 3907 341 336 3908 329 325 3909 341 336 3910 342 337 3911 330 338 3912 342 337 3913 343 339 3914 343 339 3915 344 340 3916 332 328 3917 344 340 3918 345 341 3919 333 329 3920 345 341 3921 334 342 3922 322 316 3923 334 342 3924 346 354 3925 347 343 3926 335 330 3927 347 343 3928 348 344 3929 336 331 3930 348 344 3931 349 345 3932 337 332 3933 349 345 3934 350 346 3935 338 333 3936 350 346 3937 351 347 3938 351 347 3939 352 359 3940 340 334 3941 340 334 3942 352 359 3943 353 349 3944 353 349 3945 354 350 3946 342 337 3947 354 350 3948 355 351 3949 343 339 3950 355 351 3951 356 363 3952 344 340 3953 344 340 3954 356 363 3955 357 352 3956 357 352 3957 346 354 3958 334 342 3959 358 353 3960 359 355 3961 347 343 3962 359 355 3963 360 356 3964 348 344 3965 360 356 3966 361 367 3967 349 345 3968 349 345 3969 361 367 3970 362 357 3971 362 357 3972 363 369 3973 351 347 3974 351 347 3975 363 369 3976 364 358 3977 352 359 3978 364 358 3979 365 360 3980 353 349 3981 365 360 3982 366 361 3983 354 350 3984 366 361 3985 367 362 3986 367 362 3987 368 373 3988 356 363 3989 356 363 3990 368 373 3991 369 364 3992 369 364 3993 358 353 3994 346 354 3995 358 353 3996 370 375 3997 371 365 3998 359 355 3999 371 365 4000 372 366 4001 372 366 4002 373 378 4003 361 367 4004 361 367 4005 373 378 4006 374 368 4007 374 368 4008 375 370 4009 363 369 4010 375 370 4011 376 382 4012 364 358 4013 364 358 4014 376 382 4015 377 371 4016 377 371 4017 378 384 4018 366 361 4019 366 361 4020 378 384 4021 379 372 4022 379 372 4023 380 374 4024 368 373 4025 380 374 4026 381 387 4027 369 364 4028 369 364 4029 381 387 4030 370 375 4031 382 376 4032 383 390 4033 371 365 4034 371 365 4035 383 390 4036 384 377 4037 384 377 4038 385 379 4039 373 378 4040 385 379 4041 386 380 4042 374 368 4043 386 380 4044 387 395 4045 375 370 4046 375 370 4047 387 395 4048 388 381 4049 376 382 4050 388 381 4051 389 383 4052 389 383 4053 390 398 4054 378 384 4055 378 384 4056 390 398 4057 391 385 4058 379 372 4059 391 385 4060 392 386 4061 392 386 4062 393 388 4063 381 387 4064 393 388 4065 382 376 4066 370 375 4067 394 389 4068 395 403 4069 383 390 4070 383 390 4071 395 403 4072 396 391 4073 384 377 4074 396 391 4075 397 392 4076 385 379 4077 397 392 4078 398 393 4079 386 380 4080 398 393 4081 399 394 4082 399 394 4083 400 396 4084 388 381 4085 400 396 4086 401 397 4087 389 383 4088 401 397 4089 402 399 4090 390 398 4091 402 399 4092 403 400 4093 391 385 4094 403 400 4095 404 412 4096 392 386 4097 392 386 4098 404 412 4099 405 401 4100 393 388 4101 405 401 4102 394 389 4103 406 402 4104 407 415 4105 395 403 4106 395 403 4107 407 415 4108 408 404 4109 408 404 4110 409 405 4111 397 392 4112 409 405 4113 410 406 4114 398 393 4115 410 406 4116 411 407 4117 399 394 4118 411 407 4119 412 408 4120 400 396 4121 412 408 4122 413 421 4123 401 397 4124 401 397 4125 413 421 4126 414 409 4127 402 399 4128 414 409 4129 415 410 4130 403 400 4131 415 410 4132 416 411 4133 404 412 4134 416 411 4135 417 413 4136 405 401 4137 417 413 4138 406 402 4139 418 414 4140 419 427 4141 407 415 4142 407 415 4143 419 427 4144 420 416 4145 408 404 4146 420 416 4147 421 417 4148 409 405 4149 421 417 4150 422 418 4151 410 406 4152 422 418 4153 423 419 4154 423 419 4155 424 431 4156 412 408 4157 412 408 4158 424 431 4159 425 420 4160 425 420 4161 426 422 4162 414 409 4163 426 422 4164 427 423 4165 415 410 4166 427 423 4167 428 424 4168 416 411 4169 428 424 4170 429 425 4171 417 413 4172 429 425 4173 418 414 4174 406 402 4175 418 414 4176 430 436 4177 431 426 4178 431 426 4179 432 438 4180 420 416 4181 420 416 4182 432 438 4183 433 428 4184 433 428 4185 434 429 4186 422 418 4187 434 429 4188 435 430 4189 423 419 4190 435 430 4191 436 432 4192 424 431 4193 436 432 4194 437 443 4195 425 420 4196 425 420 4197 437 443 4198 438 433 4199 426 422 4200 438 433 4201 439 434 4202 439 434 4203 440 435 4204 428 424 4205 440 435 4206 441 447 4207 429 425 4208 429 425 4209 441 447 4210 430 436 4211 430 436 4212 442 448 4213 443 437 4214 443 437 4215 444 439 4216 432 438 4217 444 439 4218 445 440 4219 433 428 4220 445 440 4221 446 452 4222 434 429 4223 434 429 4224 446 452 4225 447 441 4226 435 430 4227 447 441 4228 448 442 4229 448 442 4230 449 455 4231 437 443 4232 437 443 4233 449 455 4234 450 444 4235 438 433 4236 450 444 4237 451 445 4238 439 434 4239 451 445 4240 452 446 4241 452 446 4242 453 459 4243 441 447 4244 441 447 4245 453 459 4246 442 448 4247 454 449 4248 455 450 4249 443 437 4250 455 450 4251 456 461 4252 444 439 4253 444 439 4254 456 461 4255 457 451 4256 457 451 4257 458 463 4258 446 452 4259 446 452 4260 458 463 4261 459 453 4262 459 453 4263 460 454 4264 448 442 4265 460 454 4266 461 466 4267 449 455 4268 449 455 4269 461 466 4270 462 456 4271 462 456 4272 463 469 4273 451 445 4274 451 445 4275 463 469 4276 464 457 4277 452 446 4278 464 457 4279 465 458 4280 453 459 4281 465 458 4282 454 449 4283 454 449 4284 466 471 4285 467 460 4286 467 460 4287 468 473 4288 456 461 4289 456 461 4290 468 473 4291 469 462 4292 469 462 4293 470 476 4294 458 463 4295 458 463 4296 470 476 4297 471 464 4298 459 453 4299 471 464 4300 472 465 4301 472 465 4302 473 479 4303 461 466 4304 461 466 4305 473 479 4306 474 467 4307 462 456 4308 474 467 4309 475 468 4310 475 468 4311 476 483 4312 464 457 4313 464 457 4314 476 483 4315 477 470 4316 477 470 4317 466 471 4318 454 449 4319 466 471 4320 478 485 4321 479 472 4322 479 472 4323 480 474 4324 468 473 4325 480 474 4326 481 488 4327 469 462 4328 469 462 4329 481 488 4330 482 475 4331 470 476 4332 482 475 4333 483 477 4334 483 477 4335 484 478 4336 472 465 4337 484 478 4338 485 480 4339 473 479 4340 485 480 4341 486 481 4342 474 467 4343 486 481 4344 487 482 4345 475 468 4346 487 482 4347 488 495 4348 476 483 4349 476 483 4350 488 495 4351 489 484 4352 489 484 4353 478 485 4354 466 471 4355 478 485 4356 490 497 4357 491 486 4358 491 486 4359 492 487 4360 480 474 4361 492 487 4362 493 489 4363 481 488 4364 493 489 4365 494 501 4366 482 475 4367 482 475 4368 494 501 4369 495 490 4370 495 490 4371 496 491 4372 484 478 4373 496 491 4374 497 492 4375 485 480 4376 497 492 4377 498 493 4378 486 481 4379 498 493 4380 499 494 4381 487 482 4382 499 494 4383 500 496 4384 488 495 4385 500 496 4386 501 507 4387 489 484 4388 489 484 4389 501 507 4390 490 497 4391 490 497 4392 502 508 4393 503 498 4394 503 498 4395 504 511 4396 492 487 4397 492 487 4398 504 511 4399 505 499 4400 493 489 4401 505 499 4402 506 500 4403 494 501 4404 506 500 4405 507 502 4406 507 502 4407 508 515 4408 496 491 4409 496 491 4410 508 515 4411 509 503 4412 509 503 4413 510 504 4414 498 493 4415 510 504 4416 511 505 4417 499 494 4418 511 505 4419 512 506 4420 500 496 4421 512 506 4422 513 520 4423 501 507 4424 501 507 4425 513 520 4426 502 508 4427 502 508 4428 514 523 4429 515 509 4430 503 498 4431 515 509 4432 516 510 4433 504 511 4434 516 510 4435 517 512 4436 517 512 4437 518 513 4438 506 500 4439 518 513 4440 519 514 4441 507 502 4442 519 514 4443 520 516 4444 508 515 4445 520 516 4446 521 517 4447 509 503 4448 521 517 4449 522 518 4450 510 504 4451 522 518 4452 523 532 4453 511 505 4454 511 505 4455 523 532 4456 524 519 4457 524 519 4458 525 521 4459 513 520 4460 525 521 4461 514 523 4462 502 508 4463 526 522 4464 527 524 4465 515 509 4466 527 524 4467 528 525 4468 516 510 4469 528 525 4470 529 526 4471 517 512 4472 529 526 4473 530 527 4474 518 513 4475 530 527 4476 531 528 4477 519 514 4478 531 528 4479 532 529 4480 520 516 4481 532 529 4482 533 530 4483 521 517 4484 533 530 4485 534 543 4486 522 518 4487 522 518 4488 534 543 4489 535 531 4490 523 532 4491 535 531 4492 536 533 4493 524 519 4494 536 533 4495 537 534 4496 525 521 4497 537 534 4498 526 522 4499 526 522 4500 538 548 4501 539 535 4502 527 524 4503 539 535 4504 540 536 4505 528 525 4506 540 536 4507 541 537 4508 529 526 4509 541 537 4510 542 538 4511 530 527 4512 542 538 4513 543 539 4514 531 528 4515 543 539 4516 544 540 4517 532 529 4518 544 540 4519 545 541 4520 533 530 4521 545 541 4522 546 542 4523 534 543 4524 546 542 4525 547 544 4526 535 531 4527 547 544 4528 548 545 4529 548 545 4530 549 546 4531 537 534 4532 549 546 4533 538 548 4534 526 522 4535 550 547 4536 551 549 4537 539 535 4538 551 549 4539 552 550 4540 540 536 4541 552 550 4542 553 551 4543 541 537 4544 553 551 4545 554 552 4546 542 538 4547 554 552 4548 555 553 4549 543 539 4550 555 553 4551 556 554 4552 544 540 4553 556 554 4554 557 555 4555 545 541 4556 557 555 4557 558 556 4558 546 542 4559 558 556 4560 559 557 4561 547 544 4562 559 557 4563 560 567 4564 548 545 4565 548 545 4566 560 567 4567 561 558 4568 549 546 4569 561 558 4570 550 547 4571 562 559 4572 563 571 4573 551 549 4574 551 549 4575 563 571 4576 564 560 4577 552 550 4578 564 560 4579 565 561 4580 553 551 4581 565 561 4582 566 562 4583 566 562 4584 567 563 4585 555 553 4586 567 563 4587 568 564 4588 556 554 4589 568 564 4590 569 576 4591 557 555 4592 557 555 4593 569 576 4594 570 565 4595 570 565 4596 571 566 4597 559 557 4598 571 566 4599 572 568 4600 560 567 4601 572 568 4602 573 569 4603 561 558 4604 573 569 4605 562 559 4606 550 547 4607 574 570 4608 575 581 4609 563 571 4610 563 571 4611 575 581 4612 576 572 4613 576 572 4614 577 584 4615 565 561 4616 565 561 4617 577 584 4618 578 573 4619 578 573 4620 579 586 4621 567 563 4622 567 563 4623 579 586 4624 580 574 4625 568 564 4626 580 574 4627 581 575 4628 569 576 4629 581 575 4630 582 577 4631 570 565 4632 582 577 4633 583 578 4634 583 578 4635 584 579 4636 572 568 4637 584 579 4638 585 592 4639 573 569 4640 573 569 4641 585 592 4642 574 570 4643 586 580 4644 587 582 4645 575 581 4646 587 582 4647 588 583 4648 576 572 4649 588 583 4650 589 596 4651 577 584 4652 577 584 4653 589 596 4654 590 585 4655 590 585 4656 591 598 4657 579 586 4658 579 586 4659 591 598 4660 592 587 4661 592 587 4662 593 588 4663 581 575 4664 593 588 4665 594 601 4666 582 577 4667 582 577 4668 594 601 4669 595 589 4670 583 578 4671 595 589 4672 596 590 4673 584 579 4674 596 590 4675 597 591 4676 585 592 4677 597 591 4678 586 580 4679 598 593 4680 599 594 4681 587 582 4682 599 594 4683 600 595 4684 588 583 4685 600 595 4686 601 606 4687 589 596 4688 589 596 4689 601 606 4690 602 597 4691 602 597 4692 603 599 4693 591 598 4694 603 599 4695 604 609 4696 592 587 4697 592 587 4698 604 609 4699 605 600 4700 605 600 4701 606 611 4702 594 601 4703 594 601 4704 606 611 4705 607 602 4706 607 602 4707 608 613 4708 596 590 4709 596 590 4710 608 613 4711 609 603 4712 597 591 4713 609 603 4714 598 593 4715 610 604 4716 611 616 4717 599 594 4718 599 594 4719 611 616 4720 612 605 4721 612 605 4722 613 607 4723 601 606 4724 613 607 4725 614 619 4726 602 597 4727 602 597 4728 614 619 4729 615 608 4730 615 608 4731 616 622 4732 604 609 4733 604 609 4734 616 622 4735 617 610 4736 617 610 4737 618 624 4738 606 611 4739 606 611 4740 618 624 4741 619 612 4742 619 612 4743 620 627 4744 608 613 4745 608 613 4746 620 627 4747 621 614 4748 609 603 4749 621 614 4750 610 604 4751 622 615 4752 623 629 4753 611 616 4754 611 616 4755 623 629 4756 624 617 4757 612 605 4758 624 617 4759 625 618 4760 625 618 4761 626 620 4762 614 619 4763 626 620 4764 627 633 4765 615 608 4766 615 608 4767 627 633 4768 628 621 4769 628 621 4770 629 623 4771 617 610 4772 629 623 4773 630 625 4774 618 624 4775 630 625 4776 631 637 4777 619 612 4778 619 612 4779 631 637 4780 632 626 4781 632 626 4782 633 640 4783 621 614 4784 621 614 4785 633 640 4786 622 615 4787 634 628 4788 635 630 4789 623 629 4790 635 630 4791 636 631 4792 624 617 4793 636 631 4794 637 645 4795 625 618 4796 625 618 4797 637 645 4798 638 632 4799 638 632 4800 639 647 4801 627 633 4802 627 633 4803 639 647 4804 640 634 4805 640 634 4806 641 635 4807 629 623 4808 641 635 4809 642 636 4810 630 625 4811 642 636 4812 643 638 4813 631 637 4814 643 638 4815 644 639 4816 632 626 4817 644 639 4818 645 641 4819 633 640 4820 645 641 4821 634 628 4822 622 615 4823 646 642 4824 647 643 4825 635 630 4826 647 643 4827 648 655 4828 636 631 4829 636 631 4830 648 655 4831 649 644 4832 649 644 4833 650 646 4834 638 632 4835 650 646 4836 651 648 4837 639 647 4838 651 648 4839 652 649 4840 640 634 4841 652 649 4842 653 650 4843 641 635 4844 653 650 4845 654 651 4846 642 636 4847 654 651 4848 655 662 4849 643 638 4850 643 638 4851 655 662 4852 656 652 4853 644 639 4854 656 652 4855 657 653 4856 645 641 4857 657 653 4858 646 642 4859 646 642 4860 658 665 4861 659 654 4862 659 654 4863 660 656 4864 648 655 4865 660 656 4866 661 657 4867 649 644 4868 661 657 4869 662 670 4870 650 646 4871 650 646 4872 662 670 4873 663 658 4874 651 648 4875 663 658 4876 664 659 4877 664 659 4878 665 673 4879 653 650 4880 653 650 4881 665 673 4882 666 660 4883 654 651 4884 666 660 4885 667 661 4886 655 662 4887 667 661 4888 668 663 4889 656 652 4890 668 663 4891 669 664 4892 669 664 4893 658 665 4894 646 642 4895 658 665 4896 670 677 4897 671 666 4898 659 654 4899 671 666 4900 672 667 4901 660 656 4902 672 667 4903 673 668 4904 661 657 4905 673 668 4906 674 669 4907 662 670 4908 674 669 4909 675 671 4910 675 671 4911 676 672 4912 664 659 4913 676 672 4914 677 685 4915 665 673 4916 665 673 4917 677 685 4918 678 674 4919 678 674 4920 679 675 4921 667 661 4922 679 675 4923 680 676 4924 668 663 4925 680 676 4926 681 690 4927 669 664 4928 669 664 4929 681 690 4930 670 677 4931 682 678 4932 683 679 4933 671 666 4934 683 679 4935 684 680 4936 672 667 4937 684 680 4938 685 681 4939 673 668 4940 685 681 4941 686 682 4942 674 669 4943 686 682 4944 687 696 4945 675 671 4946 675 671 4947 687 696 4948 688 683 4949 676 672 4950 688 683 4951 689 684 4952 677 685 4953 689 684 4954 690 686 4955 678 674 4956 690 686 4957 691 687 4958 679 675 4959 691 687 4960 692 688 4961 680 676 4962 692 688 4963 693 689 4964 693 689 4965 682 678 4966 670 677 4967 694 691 4968 695 704 4969 683 679 4970 683 679 4971 695 704 4972 696 692 4973 684 680 4974 696 692 4975 697 693 4976 685 681 4977 697 693 4978 698 694 4979 686 682 4980 698 694 4981 699 695 4982 687 696 4983 699 695 4984 700 697 4985 688 683 4986 700 697 4987 701 698 4988 689 684 4989 701 698 4990 702 699 4991 702 699 4992 703 700 4993 691 687 4994 703 700 4995 704 701 4996 692 688 4997 704 701 4998 705 702 4999 693 689 5000 705 702 5001 694 691 5002 682 678 5003 706 703 5004 707 705 5005 695 704 5006 707 705 5007 708 715 5008 696 692 5009 696 692 5010 708 715 5011 709 706 5012 709 706 5013 710 707 5014 698 694 5015 710 707 5016 711 708 5017 699 695 5018 711 708 5019 712 709 5020 700 697 5021 712 709 5022 713 710 5023 701 698 5024 713 710 5025 714 720 5026 702 699 5027 702 699 5028 714 720 5029 715 711 5030 715 711 5031 716 723 5032 704 701 5033 704 701 5034 716 723 5035 717 712 5036 705 702 5037 717 712 5038 706 703 5039 718 713 5040 719 726 5041 707 705 5042 707 705 5043 719 726 5044 720 714 5045 708 715 5046 720 714 5047 721 716 5048 721 716 5049 722 729 5050 710 707 5051 710 707 5052 722 729 5053 723 717 5054 711 708 5055 723 717 5056 724 718 5057 724 718 5058 725 719 5059 713 710 5060 725 719 5061 726 721 5062 714 720 5063 726 721 5064 727 734 5065 715 711 5066 715 711 5067 727 734 5068 728 722 5069 716 723 5070 728 722 5071 729 724 5072 717 712 5073 729 724 5074 718 713 5075 730 725 5076 731 738 5077 719 726 5078 719 726 5079 731 738 5080 732 727 5081 732 727 5082 733 728 5083 721 716 5084 733 728 5085 734 741 5086 722 729 5087 722 729 5088 734 741 5089 735 730 5090 723 717 5091 735 730 5092 736 731 5093 736 731 5094 737 732 5095 725 719 5096 737 732 5097 738 746 5098 726 721 5099 726 721 5100 738 746 5101 739 733 5102 739 733 5103 740 735 5104 728 722 5105 740 735 5106 741 736 5107 729 724 5108 741 736 5109 730 725 5110 718 713 5111 730 725 5112 742 750 5113 743 737 5114 743 737 5115 744 739 5116 732 727 5117 744 739 5118 745 740 5119 733 728 5120 745 740 5121 746 742 5122 734 741 5123 746 742 5124 747 743 5125 735 730 5126 747 743 5127 748 755 5128 736 731 5129 736 731 5130 748 755 5131 749 744 5132 737 732 5133 749 744 5134 750 745 5135 738 746 5136 750 745 5137 751 747 5138 751 747 5139 752 759 5140 740 735 5141 740 735 5142 752 759 5143 753 748 5144 753 748 5145 742 750 5146 730 725 5147 754 749 5148 755 762 5149 743 737 5150 743 737 5151 755 762 5152 756 751 5153 744 739 5154 756 751 5155 757 752 5156 745 740 5157 757 752 5158 758 753 5159 758 753 5160 759 767 5161 747 743 5162 747 743 5163 759 767 5164 760 754 5165 748 755 5166 760 754 5167 761 756 5168 761 756 5169 762 757 5170 750 745 5171 762 757 5172 763 758 5173 751 747 5174 763 758 5175 764 773 5176 752 759 5177 752 759 5178 764 773 5179 765 760 5180 765 760 5181 754 749 5182 742 750 5183 766 761 5184 767 763 5185 755 762 5186 767 763 5187 768 764 5188 756 751 5189 768 764 5190 769 765 5191 757 752 5192 769 765 5193 770 766 5194 758 753 5195 770 766 5196 771 768 5197 759 767 5198 771 768 5199 772 769 5200 760 754 5201 772 769 5202 773 770 5203 761 756 5204 773 770 5205 774 781 5206 762 757 5207 762 757 5208 774 781 5209 775 771 5210 763 758 5211 775 771 5212 776 772 5213 764 773 5214 776 772 5215 777 774 5216 777 774 5217 766 761 5218 754 749 5219 778 775 5220 779 785 5221 767 763 5222 767 763 5223 779 785 5224 780 776 5225 768 764 5226 780 776 5227 781 777 5228 769 765 5229 781 777 5230 782 778 5231 782 778 5232 783 789 5233 771 768 5234 771 768 5235 783 789 5236 784 779 5237 784 779 5238 785 792 5239 773 770 5240 773 770 5241 785 792 5242 786 780 5243 774 781 5244 786 780 5245 787 782 5246 787 782 5247 788 795 5248 776 772 5249 776 772 5250 788 795 5251 789 783 5252 789 783 5253 778 775 5254 766 761 5255 790 784 5256 791 798 5257 779 785 5258 779 785 5259 791 798 5260 792 786 5261 780 776 5262 792 786 5263 793 787 5264 781 777 5265 793 787 5266 794 788 5267 794 788 5268 795 803 5269 783 789 5270 783 789 5271 795 803 5272 796 790 5273 784 779 5274 796 790 5275 797 791 5276 797 791 5277 798 793 5278 786 780 5279 798 793 5280 799 794 5281 787 782 5282 799 794 5283 800 808 5284 788 795 5285 788 795 5286 800 808 5287 801 796 5288 801 796 5289 790 784 5290 778 775 5291 802 797 5292 803 799 5293 791 798 5294 803 799 5295 804 800 5296 792 786 5297 804 800 5298 805 812 5299 793 787 5300 793 787 5301 805 812 5302 806 801 5303 794 788 5304 806 801 5305 807 802 5306 807 802 5307 808 804 5308 796 790 5309 808 804 5310 809 817 5311 797 791 5312 797 791 5313 809 817 5314 810 805 5315 798 793 5316 810 805 5317 811 806 5318 799 794 5319 811 806 5320 812 807 5321 812 807 5322 813 821 5323 801 796 5324 801 796 5325 813 821 5326 802 797 5327 814 809 5328 815 823 5329 803 799 5330 803 799 5331 815 823 5332 816 810 5333 804 800 5334 816 810 5335 817 811 5336 805 812 5337 817 811 5338 818 813 5339 806 801 5340 818 813 5341 819 814 5342 807 802 5343 819 814 5344 820 815 5345 808 804 5346 820 815 5347 821 816 5348 821 816 5349 822 818 5350 810 805 5351 822 818 5352 823 819 5353 811 806 5354 823 819 5355 824 820 5356 812 807 5357 824 820 5358 825 822 5359 813 821 5360 825 822 5361 814 809 5362 802 797 5363 250 248 5364 251 250 5365 815 823 5366 251 250 5367 252 252 5368 816 810 5369 252 252 5370 253 254 5371 817 811 5372 253 254 5373 254 256 5374 818 813 5375 254 256 5376 255 258 5377 819 814 5378 255 258 5379 256 260 5380 820 815 5381 256 260 5382 257 261 5383 821 816 5384 257 261 5385 258 263 5386 822 818 5387 258 263 5388 259 265 5389 823 819 5390 259 265 5391 260 267 5392 824 820 5393 824 820 5394 260 267 5395 261 268 5396 261 268 5397 250 248 5398 814 809 5399</p>
        </triangles>
        <triangles material="Llanta_Mat_004-material" count="442">
          <input semantic="VERTEX" source="#Circle_008-mesh-vertices" offset="0"/>
          <input semantic="NORMAL" source="#Circle_008-mesh-normals" offset="1"/>
          <input semantic="TEXCOORD" source="#Circle_008-mesh-map-0" offset="2" set="0"/>
          <p>941 824 2346 900 825 2347 899 826 2348 927 827 2349 890 828 2350 923 829 2351 985 830 2352 891 831 2353 921 832 2354 931 833 2355 893 834 2356 929 835 2357 933 836 2358 894 837 2359 931 833 2360 933 836 2361 896 838 2362 895 839 2363 935 840 2364 897 841 2365 896 838 2366 939 842 2367 897 841 2368 937 843 2369 938 844 2370 835 845 2371 940 846 2372 941 824 2373 898 847 2374 939 842 2375 943 848 2376 901 849 2377 900 825 2378 947 850 2379 901 849 2380 945 851 2381 949 852 2382 902 853 2383 947 850 2384 951 854 2385 903 855 2386 949 852 2387 953 856 2388 904 857 2389 951 854 2390 955 858 2391 905 859 2392 953 856 2393 955 858 2394 907 860 2395 906 861 2396 957 862 2397 908 863 2398 907 860 2399 959 864 2400 909 865 2401 908 863 2402 961 866 2403 910 867 2404 909 865 2405 963 868 2406 911 869 2407 910 867 2408 967 870 2409 911 869 2410 965 871 2411 969 872 2412 912 873 2413 967 870 2414 969 872 2415 914 874 2416 913 875 2417 973 876 2418 914 874 2419 971 877 2420 975 878 2421 915 879 2422 973 876 2423 977 880 2424 916 881 2425 975 878 2426 977 880 2427 918 882 2428 917 883 2429 979 884 2430 919 885 2431 918 882 2432 981 886 2433 920 887 2434 919 885 2435 983 888 2436 921 832 2437 920 887 2438 888 889 2439 881 890 2440 873 891 2441 929 835 2442 892 892 2443 927 827 2444 915 879 2445 865 893 2446 914 874 2447 968 894 2448 848 895 2449 849 896 2450 942 897 2451 835 845 2452 836 898 2453 970 899 2454 849 896 2455 850 900 2456 944 901 2457 836 898 2458 837 902 2459 970 899 2460 851 903 2461 972 904 2462 944 901 2463 838 905 2464 946 906 2465 972 904 2466 852 907 2467 974 908 2468 946 906 2469 839 909 2470 948 910 2471 974 908 2472 853 911 2473 976 912 2474 950 913 2475 839 909 2476 840 914 2477 925 915 2478 827 916 2479 922 917 2480 976 912 2481 854 918 2482 978 919 2483 952 920 2484 840 914 2485 841 921 2486 926 922 2487 827 916 2488 828 923 2489 980 924 2490 854 918 2491 855 925 2492 954 926 2493 841 921 2494 842 927 2495 926 922 2496 829 928 2497 928 929 2498 982 930 2499 855 925 2500 856 931 2501 954 926 2502 843 932 2503 956 933 2504 928 929 2505 830 934 2506 930 935 2507 982 930 2508 857 936 2509 984 937 2510 956 933 2511 844 927 2512 958 938 2513 932 939 2514 830 934 2515 831 940 2516 925 915 2517 857 936 2518 826 927 2519 958 938 2520 845 941 2521 960 942 2522 932 939 2523 832 943 2524 934 944 2525 960 942 2526 846 945 2527 962 946 2528 934 944 2529 833 947 2530 936 948 2531 964 949 2532 846 945 2533 847 950 2534 938 844 2535 833 947 2536 834 951 2537 966 952 2538 847 950 2539 848 895 2540 924 953 2541 922 917 2542 923 829 2543 927 827 2544 922 917 2545 926 922 2546 927 827 2547 928 929 2548 929 835 2549 929 835 2550 930 935 2551 931 833 2552 931 833 2553 932 939 2554 933 836 2555 933 836 2556 934 944 2557 935 840 2558 935 840 2559 936 948 2560 937 843 2561 939 842 2562 936 948 2563 938 844 2564 939 842 2565 940 846 2566 941 824 2567 943 848 2568 940 846 2569 942 897 2570 943 848 2571 944 901 2572 945 851 2573 945 851 2574 946 906 2575 947 850 2576 949 852 2577 946 906 2578 948 910 2579 951 854 2580 948 910 2581 950 913 2582 953 856 2583 950 913 2584 952 920 2585 955 858 2586 952 920 2587 954 926 2588 955 858 2589 956 933 2590 957 862 2591 957 862 2592 958 938 2593 959 864 2594 959 864 2595 960 942 2596 961 866 2597 961 866 2598 962 946 2599 963 868 2600 965 871 2601 962 946 2602 964 949 2603 967 870 2604 964 949 2605 966 952 2606 969 872 2607 966 952 2608 968 894 2609 971 877 2610 968 894 2611 970 899 2612 971 877 2613 972 904 2614 973 876 2615 973 876 2616 974 908 2617 975 878 2618 977 880 2619 974 908 2620 976 912 2621 979 884 2622 976 912 2623 978 919 2624 981 886 2625 978 919 2626 980 924 2627 983 888 2628 980 924 2629 982 930 2630 983 888 2631 984 937 2632 985 830 2633 924 953 2634 984 937 2635 925 915 2636 923 829 2637 891 831 2638 924 953 2639 901 849 2640 877 954 2641 878 955 2642 916 881 2643 864 956 2644 915 879 2645 902 853 2646 876 957 2647 877 954 2648 917 883 2649 863 958 2650 916 881 2651 903 855 2652 875 959 2653 876 957 2654 890 828 2655 888 889 2656 891 831 2657 918 882 2658 862 960 2659 917 883 2660 904 857 2661 874 961 2662 875 959 2663 890 828 2664 887 962 2665 889 963 2666 919 885 2667 861 964 2668 918 882 2669 905 859 2670 873 891 2671 874 961 2672 892 892 2673 886 965 2674 887 962 2675 920 887 2676 860 966 2677 919 885 2678 907 860 2679 873 891 2680 906 861 2681 893 834 2682 885 967 2683 886 965 2684 921 832 2685 859 968 2686 920 887 2687 908 863 2688 872 969 2689 907 860 2690 894 837 2691 884 970 2692 885 967 2693 891 831 2694 858 971 2695 921 832 2696 909 865 2697 871 972 2698 908 863 2699 896 838 2700 884 970 2701 895 839 2702 910 867 2703 870 973 2704 909 865 2705 896 838 2706 882 974 2707 883 975 2708 911 869 2709 869 976 2710 910 867 2711 898 847 2712 882 974 2713 897 841 2714 912 873 2715 868 977 2716 911 869 2717 899 826 2718 881 890 2719 898 847 2720 913 875 2721 867 978 2722 912 873 2723 900 825 2724 880 979 2725 899 826 2726 914 874 2727 866 980 2728 913 875 2729 900 825 2730 878 955 2731 879 981 2732 987 982 2733 1001 983 2734 989 984 2735 991 985 2736 993 986 2737 990 987 2738 996 988 2739 991 985 2740 995 989 2741 997 990 2742 992 991 2743 996 988 2744 995 989 2745 990 987 2746 994 992 2747 994 992 2748 993 986 2749 997 990 2750 986 993 2751 994 992 2752 988 994 2753 987 982 2754 995 989 2755 986 993 2756 989 984 2757 996 988 2758 987 982 2759 988 994 2760 997 990 2761 989 984 2762 999 995 2763 1001 983 2764 1000 996 2765 988 994 2766 999 995 2767 986 993 2768 988 994 2769 1001 983 2770 998 997 2771 987 982 2772 999 995 2773 1000 996 2774 1003 998 2775 1017 999 2776 1005 1000 2777 1007 1001 2778 1009 1002 2779 1006 1003 2780 1012 1004 2781 1007 1001 2782 1011 1005 2783 1013 1006 2784 1008 1007 2785 1012 1004 2786 1010 1008 2787 1007 1001 2788 1006 1003 2789 1010 1008 2790 1009 1002 2791 1013 1006 2792 1004 1009 2793 1011 1005 2794 1010 1008 2795 1002 1010 2796 1012 1004 2797 1011 1005 2798 1003 998 2799 1013 1006 2800 1012 1004 2801 1004 1009 2802 1013 1006 2803 1005 1000 2804 1014 1011 2805 1016 1012 2806 1015 1013 2807 1004 1009 2808 1015 1013 2809 1002 1010 2810 1005 1000 2811 1014 1011 2812 1004 1009 2813 1002 1010 2814 1016 1012 2815 1003 998 2816 1021 1014 2817 1032 1015 2818 1033 1016 2819 1024 1017 2820 1022 1018 2821 1023 1019 2822 1028 1020 2823 1023 1019 2824 1027 1021 2825 1029 1022 2826 1024 1017 2827 1028 1020 2828 1027 1021 2829 1022 1018 2830 1026 1023 2831 1029 1022 2832 1022 1018 2833 1025 1024 2834 1018 1025 2835 1026 1023 2836 1020 1026 2837 1019 1027 2838 1027 1021 2839 1018 1025 2840 1021 1014 2841 1028 1020 2842 1019 1027 2843 1021 1014 2844 1026 1023 2845 1029 1022 2846 1031 1028 2847 1033 1016 2848 1032 1015 2849 1020 1026 2850 1031 1028 2851 1018 1025 2852 1020 1026 2853 1033 1016 2854 1030 1029 2855 1018 1025 2856 1032 1015 2857 1019 1027 2858 1035 1030 2859 1049 1031 2860 1037 1032 2861 1040 1033 2862 1038 1034 2863 1039 1035 2864 1044 1036 2865 1039 1035 2866 1043 1037 2867 1045 1038 2868 1040 1033 2869 1044 1036 2870 1043 1037 2871 1038 1034 2872 1042 1039 2873 1042 1039 2874 1041 1040 2875 1045 1038 2876 1036 1041 2877 1043 1037 2878 1042 1039 2879 1035 1030 2880 1043 1037 2881 1034 1042 2882 1035 1030 2883 1045 1038 2884 1044 1036 2885 1037 1032 2886 1042 1039 2887 1045 1038 2888 1047 1043 2889 1049 1031 2890 1048 1044 2891 1036 1041 2892 1047 1043 2893 1034 1042 2894 1037 1032 2895 1046 1045 2896 1036 1041 2897 1034 1042 2898 1048 1044 2899 1035 1030 2900 1053 1046 2901 1064 1047 2902 1065 1048 2903 1055 1049 2904 1057 1050 2905 1054 1051 2906 1060 1052 2907 1055 1049 2908 1059 1053 2909 1061 1054 2910 1056 1055 2911 1060 1052 2912 1058 1056 2913 1055 1049 2914 1054 1051 2915 1058 1056 2916 1057 1050 2917 1061 1054 2918 1050 1057 2919 1058 1056 2920 1052 1058 2921 1050 1057 2922 1060 1052 2923 1059 1053 2924 1053 1046 2925 1060 1052 2926 1051 1059 2927 1052 1058 2928 1061 1054 2929 1053 1046 2930 1062 1060 2931 1064 1047 2932 1063 1061 2933 1050 1057 2934 1062 1060 2935 1063 1061 2936 1053 1046 2937 1062 1060 2938 1052 1058 2939 1051 1059 2940 1063 1061 2941 1064 1047 2942 1067 1062 2943 1068 1063 2944 1066 1064 2945 1068 1063 2946 1071 1065 2947 1070 1066 2948 1070 1066 2949 1073 1067 2950 1072 1068 2951 1067 1062 2952 1073 1067 2953 1071 1065 2954 1073 1067 2955 1074 1069 2956 1072 1068 2957 1074 1069 2958 1067 1062 2959 1066 1064 2960 1068 1063 2961 1072 1068 2962 1074 1069 2963 941 824 5400 943 848 5401 900 825 5402 927 827 5403 892 892 5404 890 828 5405 985 830 5406 924 953 5407 891 831 5408 931 833 5409 894 837 5410 893 834 5411 933 836 5412 895 839 5413 894 837 5414 933 836 5415 935 840 5416 896 838 5417 935 840 5418 937 843 5419 897 841 5420 939 842 5421 898 847 5422 897 841 5423 938 844 5424 834 951 5425 835 845 5426 941 824 5427 899 826 5428 898 847 5429 943 848 5430 945 851 5431 901 849 5432 947 850 5433 902 853 5434 901 849 5435 949 852 5436 903 855 5437 902 853 5438 951 854 5439 904 857 5440 903 855 5441 953 856 5442 905 859 5443 904 857 5444 955 858 5445 906 861 5446 905 859 5447 955 858 5448 957 862 5449 907 860 5450 957 862 5451 959 864 5452 908 863 5453 959 864 5454 961 866 5455 909 865 5456 961 866 5457 963 868 5458 910 867 5459 963 868 5460 965 871 5461 911 869 5462 967 870 5463 912 873 5464 911 869 5465 969 872 5466 913 875 5467 912 873 5468 969 872 5469 971 877 5470 914 874 5471 973 876 5472 915 879 5473 914 874 5474 975 878 5475 916 881 5476 915 879 5477 977 880 5478 917 883 5479 916 881 5480 977 880 5481 979 884 5482 918 882 5483 979 884 5484 981 886 5485 919 885 5486 981 886 5487 983 888 5488 920 887 5489 983 888 5490 985 830 5491 921 832 5492 888 889 5493 889 963 5494 885 967 5495 889 963 5496 887 962 5497 885 967 5498 887 962 5499 886 965 5500 885 967 5501 885 967 5502 884 970 5503 883 975 5504 883 975 5505 882 974 5506 885 967 5507 882 974 5508 881 890 5509 885 967 5510 881 890 5511 880 979 5512 877 954 5513 880 979 5514 879 981 5515 877 954 5516 879 981 5517 878 955 5518 877 954 5519 877 954 5520 876 957 5521 875 959 5522 875 959 5523 874 961 5524 877 954 5525 874 961 5526 873 891 5527 877 954 5528 873 891 5529 872 969 5530 869 976 5531 872 969 5532 871 972 5533 869 976 5534 871 972 5535 870 973 5536 869 976 5537 869 976 5538 868 977 5539 867 978 5540 867 978 5541 866 980 5542 869 976 5543 866 980 5544 865 893 5545 869 976 5546 865 893 5547 864 956 5548 863 958 5549 863 958 5550 862 960 5551 865 893 5552 862 960 5553 861 964 5554 865 893 5555 861 964 5556 860 966 5557 859 968 5558 859 968 5559 858 971 5560 861 964 5561 858 971 5562 888 889 5563 861 964 5564 888 889 5565 885 967 5566 881 890 5567 881 890 5568 877 954 5569 873 891 5570 873 891 5571 869 976 5572 865 893 5573 865 893 5574 861 964 5575 873 891 5576 861 964 5577 888 889 5578 873 891 5579 929 835 5580 893 834 5581 892 892 5582 915 879 5583 864 956 5584 865 893 5585 968 894 5586 966 952 5587 848 895 5588 942 897 5589 940 846 5590 835 845 5591 970 899 5592 968 894 5593 849 896 5594 944 901 5595 942 897 5596 836 898 5597 970 899 5598 850 900 5599 851 903 5600 944 901 5601 837 902 5602 838 905 5603 972 904 5604 851 903 5605 852 907 5606 946 906 5607 838 905 5608 839 909 5609 974 908 5610 852 907 5611 853 911 5612 950 913 5613 948 910 5614 839 909 5615 925 915 5616 826 927 5617 827 916 5618 976 912 5619 853 911 5620 854 918 5621 952 920 5622 950 913 5623 840 914 5624 926 922 5625 922 917 5626 827 916 5627 980 924 5628 978 919 5629 854 918 5630 954 926 5631 952 920 5632 841 921 5633 926 922 5634 828 923 5635 829 928 5636 982 930 5637 980 924 5638 855 925 5639 954 926 5640 842 927 5641 843 932 5642 928 929 5643 829 928 5644 830 934 5645 982 930 5646 856 931 5647 857 936 5648 956 933 5649 843 932 5650 844 927 5651 932 939 5652 930 935 5653 830 934 5654 925 915 5655 984 937 5656 857 936 5657 958 938 5658 844 927 5659 845 941 5660 932 939 5661 831 940 5662 832 943 5663 960 942 5664 845 941 5665 846 945 5666 934 944 5667 832 943 5668 833 947 5669 964 949 5670 962 946 5671 846 945 5672 938 844 5673 936 948 5674 833 947 5675 966 952 5676 964 949 5677 847 950 5678 924 953 5679 925 915 5680 922 917 5681 927 827 5682 923 829 5683 922 917 5684 927 827 5685 926 922 5686 928 929 5687 929 835 5688 928 929 5689 930 935 5690 931 833 5691 930 935 5692 932 939 5693 933 836 5694 932 939 5695 934 944 5696 935 840 5697 934 944 5698 936 948 5699 939 842 5700 937 843 5701 936 948 5702 939 842 5703 938 844 5704 940 846 5705 943 848 5706 941 824 5707 940 846 5708 943 848 5709 942 897 5710 944 901 5711 945 851 5712 944 901 5713 946 906 5714 949 852 5715 947 850 5716 946 906 5717 951 854 5718 949 852 5719 948 910 5720 953 856 5721 951 854 5722 950 913 5723 955 858 5724 953 856 5725 952 920 5726 955 858 5727 954 926 5728 956 933 5729 957 862 5730 956 933 5731 958 938 5732 959 864 5733 958 938 5734 960 942 5735 961 866 5736 960 942 5737 962 946 5738 965 871 5739 963 868 5740 962 946 5741 967 870 5742 965 871 5743 964 949 5744 969 872 5745 967 870 5746 966 952 5747 971 877 5748 969 872 5749 968 894 5750 971 877 5751 970 899 5752 972 904 5753 973 876 5754 972 904 5755 974 908 5756 977 880 5757 975 878 5758 974 908 5759 979 884 5760 977 880 5761 976 912 5762 981 886 5763 979 884 5764 978 919 5765 983 888 5766 981 886 5767 980 924 5768 983 888 5769 982 930 5770 984 937 5771 924 953 5772 985 830 5773 984 937 5774 923 829 5775 890 828 5776 891 831 5777 901 849 5778 902 853 5779 877 954 5780 916 881 5781 863 958 5782 864 956 5783 902 853 5784 903 855 5785 876 957 5786 917 883 5787 862 960 5788 863 958 5789 903 855 5790 904 857 5791 875 959 5792 890 828 5793 889 963 5794 888 889 5795 918 882 5796 861 964 5797 862 960 5798 904 857 5799 905 859 5800 874 961 5801 890 828 5802 892 892 5803 887 962 5804 919 885 5805 860 966 5806 861 964 5807 905 859 5808 906 861 5809 873 891 5810 892 892 5811 893 834 5812 886 965 5813 920 887 5814 859 968 5815 860 966 5816 907 860 5817 872 969 5818 873 891 5819 893 834 5820 894 837 5821 885 967 5822 921 832 5823 858 971 5824 859 968 5825 908 863 5826 871 972 5827 872 969 5828 894 837 5829 895 839 5830 884 970 5831 891 831 5832 888 889 5833 858 971 5834 909 865 5835 870 973 5836 871 972 5837 896 838 5838 883 975 5839 884 970 5840 910 867 5841 869 976 5842 870 973 5843 896 838 5844 897 841 5845 882 974 5846 911 869 5847 868 977 5848 869 976 5849 898 847 5850 881 890 5851 882 974 5852 912 873 5853 867 978 5854 868 977 5855 899 826 5856 880 979 5857 881 890 5858 913 875 5859 866 980 5860 867 978 5861 900 825 5862 879 981 5863 880 979 5864 914 874 5865 865 893 5866 866 980 5867 900 825 5868 901 849 5869 878 955 5870 987 982 5871 1000 996 5872 1001 983 5873 991 985 5874 992 991 5875 993 986 5876 996 988 5877 992 991 5878 991 985 5879 997 990 5880 993 986 5881 992 991 5882 995 989 5883 991 985 5884 990 987 5885 994 992 5886 990 987 5887 993 986 5888 986 993 5889 995 989 5890 994 992 5891 987 982 5892 996 988 5893 995 989 5894 989 984 5895 997 990 5896 996 988 5897 988 994 5898 994 992 5899 997 990 5900 999 995 5901 998 997 5902 1001 983 5903 988 994 5904 998 997 5905 999 995 5906 988 994 5907 989 984 5908 1001 983 5909 987 982 5910 986 993 5911 999 995 5912 1003 998 5913 1016 1012 5914 1017 999 5915 1007 1001 5916 1008 1007 5917 1009 1002 5918 1012 1004 5919 1008 1007 5920 1007 1001 5921 1013 1006 5922 1009 1002 5923 1008 1007 5924 1010 1008 5925 1011 1005 5926 1007 1001 5927 1010 1008 5928 1006 1003 5929 1009 1002 5930 1004 1009 5931 1002 1010 5932 1011 1005 5933 1002 1010 5934 1003 998 5935 1012 1004 5936 1003 998 5937 1005 1000 5938 1013 1006 5939 1004 1009 5940 1010 1008 5941 1013 1006 5942 1014 1011 5943 1017 999 5944 1016 1012 5945 1004 1009 5946 1014 1011 5947 1015 1013 5948 1005 1000 5949 1017 999 5950 1014 1011 5951 1002 1010 5952 1015 1013 5953 1016 1012 5954 1021 1014 5955 1019 1027 5956 1032 1015 5957 1024 1017 5958 1025 1024 5959 1022 1018 5960 1028 1020 5961 1024 1017 5962 1023 1019 5963 1029 1022 5964 1025 1024 5965 1024 1017 5966 1027 1021 5967 1023 1019 5968 1022 1018 5969 1029 1022 5970 1026 1023 5971 1022 1018 5972 1018 1025 5973 1027 1021 5974 1026 1023 5975 1019 1027 5976 1028 1020 5977 1027 1021 5978 1021 1014 5979 1029 1022 5980 1028 1020 5981 1021 1014 5982 1020 1026 5983 1026 1023 5984 1031 1028 5985 1030 1029 5986 1033 1016 5987 1020 1026 5988 1030 1029 5989 1031 1028 5990 1020 1026 5991 1021 1014 5992 1033 1016 5993 1018 1025 5994 1031 1028 5995 1032 1015 5996 1035 1030 5997 1048 1044 5998 1049 1031 5999 1040 1033 6000 1041 1040 6001 1038 1034 6002 1044 1036 6003 1040 1033 6004 1039 1035 6005 1045 1038 6006 1041 1040 6007 1040 1033 6008 1043 1037 6009 1039 1035 6010 1038 1034 6011 1042 1039 6012 1038 1034 6013 1041 1040 6014 1036 1041 6015 1034 1042 6016 1043 1037 6017 1035 1030 6018 1044 1036 6019 1043 1037 6020 1035 1030 6021 1037 1032 6022 1045 1038 6023 1037 1032 6024 1036 1041 6025 1042 1039 6026 1047 1043 6027 1046 1045 6028 1049 1031 6029 1036 1041 6030 1046 1045 6031 1047 1043 6032 1037 1032 6033 1049 1031 6034 1046 1045 6035 1034 1042 6036 1047 1043 6037 1048 1044 6038 1053 1046 6039 1051 1059 6040 1064 1047 6041 1055 1049 6042 1056 1055 6043 1057 1050 6044 1060 1052 6045 1056 1055 6046 1055 1049 6047 1061 1054 6048 1057 1050 6049 1056 1055 6050 1058 1056 6051 1059 1053 6052 1055 1049 6053 1058 1056 6054 1054 1051 6055 1057 1050 6056 1050 1057 6057 1059 1053 6058 1058 1056 6059 1050 1057 6060 1051 1059 6061 1060 1052 6062 1053 1046 6063 1061 1054 6064 1060 1052 6065 1052 1058 6066 1058 1056 6067 1061 1054 6068 1062 1060 6069 1065 1048 6070 1064 1047 6071 1050 1057 6072 1052 1058 6073 1062 1060 6074 1053 1046 6075 1065 1048 6076 1062 1060 6077 1051 1059 6078 1050 1057 6079 1063 1061 6080 1067 1062 6081 1069 1071 6082 1068 1063 6083 1068 1063 6084 1069 1071 6085 1071 1065 6086 1070 1066 6087 1071 1065 6088 1073 1067 6089 1071 1065 6090 1069 1071 6091 1067 1062 6092 1067 1062 6093 1075 1072 6094 1073 1067 6095 1073 1067 6096 1075 1072 6097 1074 1069 6098 1074 1069 6099 1075 1072 6100 1067 1062 6101 1074 1069 6102 1066 1064 6103 1068 1063 6104 1068 1063 6105 1070 1066 6106 1072 1068 6107</p>
        </triangles>
      </mesh>
    </geometry>
  </library_geometries>
  <library_visual_scenes>
    <visual_scene id="Scene" name="Scene">
      <node id="tmp_export_Circle_008" name="tmp_export_Circle.008" type="NODE">
        <matrix sid="transform">1 0 0 0 0 1 0 0 0 0 1 0 0 0 0 1</matrix>
        <instance_geometry url="#Circle_008-mesh" name="tmp_export_Circle.008">
          <bind_material>
            <technique_common>
              <instance_material symbol="Llanta_mat_005-material" target="#Llanta_mat_005-material">
                <bind_vertex_input semantic="UVMap" input_semantic="TEXCOORD" input_set="0"/>
              </instance_material>
              <instance_material symbol="Rueda_mat_004-material" target="#Rueda_mat_004-material">
                <bind_vertex_input semantic="UVMap" input_semantic="TEXCOORD" input_set="0"/>
              </instance_material>
              <instance_material symbol="Llanta_Mat_004-material" target="#Llanta_Mat_004-material">
                <bind_vertex_input semantic="UVMap" input_semantic="TEXCOORD" input_set="0"/>
              </instance_material>
            </technique_common>
          </bind_material>
        </instance_geometry>
      </node>
    </visual_scene>
  </library_visual_scenes>
  <scene>
    <instance_visual_scene url="#Scene"/>
  </scene>
</COLLADA>