<?xml version="1.0" encoding="utf-8"?>
<COLLADA xmlns="http://www.collada.org/2005/11/COLLADASchema" version="1.4.1" xmlns:xsi="http://www.w3.org/2001/XMLSchema-instance">
  <asset>
    <contributor>
      <author>Blender User</author>
      <authoring_tool>Blender 4.2.18 LTS commit date:2026-02-16, commit time:13:37, hash:d71e3422e438</authoring_tool>
    </contributor>
    <created>2026-04-03T18:41:27</created>
    <modified>2026-04-03T18:41:27</modified>
    <unit name="meter" meter="1"/>
    <up_axis>Z_UP</up_axis>
  </asset>
  <library_effects>
    <effect id="Llanta_mat_003-effect">
      <profile_COMMON>
        <technique sid="common">
          <lambert>
            <emission>
              <color sid="emission">0 0 0 1</color>
            </emission>
            <diffuse>
              <color sid="diffuse">0.09190308 0.09190308 0.09190308 1</color>
            </diffuse>
            <index_of_refraction>
              <float sid="ior">1.5</float>
            </index_of_refraction>
          </lambert>
        </technique>
      </profile_COMMON>
    </effect>
    <effect id="Rueda_mat_002-effect">
      <profile_COMMON>
        <technique sid="common">
          <lambert>
            <emission>
              <color sid="emission">0 0 0 1</color>
            </emission>
            <diffuse>
              <color sid="diffuse">0.01661927 0.01661927 0.01661927 1</color>
            </diffuse>
            <index_of_refraction>
              <float sid="ior">1.5</float>
            </index_of_refraction>
          </lambert>
        </technique>
      </profile_COMMON>
    </effect>
    <effect id="Llanta_Mat_002-effect">
      <profile_COMMON>
        <technique sid="common">
          <lambert>
            <emission>
              <color sid="emission">0 0 0 1</color>
            </emission>
            <diffuse>
              <color sid="diffuse">0.09190308 0.09190308 0.09190308 1</color>
            </diffuse>
            <index_of_refraction>
              <float sid="ior">1.5</float>
            </index_of_refraction>
          </lambert>
        </technique>
      </profile_COMMON>
    </effect>
  </library_effects>
  <library_images/>
  <library_materials>
    <material id="Llanta_mat_003-material" name="Llanta_mat.003">
      <instance_effect url="#Llanta_mat_003-effect"/>
    </material>
    <material id="Rueda_mat_002-material" name="Rueda_mat.002">
      <instance_effect url="#Rueda_mat_002-effect"/>
    </material>
    <material id="Llanta_Mat_002-material" name="Llanta_Mat.002">
      <instance_effect url="#Llanta_Mat_002-effect"/>
    </material>
  </library_materials>
  <library_geometries>
    <geometry id="Circle_006-mesh" name="Circle.006">
      <mesh>
        <source id="Circle_006-mesh-positions">
          <float_array id="Circle_006-mesh-positions-array" count="3228">0.1304264 0.2873789 -2.9907e-5 0.1304264 0.281841 -0.05625677 0.1304264 0.2654403 -0.110323 0.1304264 0.2388069 -0.1601506 0.1304264 0.2029643 -0.2038249 0.1304264 0.15929 -0.2396674 0.1304264 0.1094623 -0.2663009 0.1304264 0.05539619 -0.2827017 0.1304264 -8.30701e-4 -0.2882395 0.1304264 -0.05705761 -0.2827017 0.1304264 -0.1111238 -0.2663009 0.1304264 -0.1609514 -0.2396674 0.1304264 -0.2046257 -0.2038249 0.1304264 -0.2404682 -0.1601506 0.1304264 -0.2671017 -0.110323 0.1304264 -0.2835025 -0.05625677 0.1304264 -0.2890403 -2.9907e-5 0.1304264 -0.2835025 0.05619698 0.1304264 -0.2671017 0.1102631 0.1304264 -0.2404682 0.1600908 0.1304264 -0.2046257 0.203765 0.1304264 -0.1609514 0.2396076 0.1304264 -0.1111238 0.2662411 0.1304264 -0.05705761 0.2826419 0.1304264 -8.30701e-4 0.2881798 0.1304264 0.05539619 0.2826419 0.1304264 0.1094623 0.2662411 0.1304264 0.15929 0.2396076 0.1304264 0.2029643 0.203765 0.1304264 0.2388069 0.1600908 0.1304264 0.2654403 0.1102631 0.1304264 0.281841 0.05619698 0.1068202 0.2328206 0.0464462 0.1068202 0.219264 0.09113627 0.1068202 0.1972492 0.1323229 0.1068202 0.1676225 0.1684232 0.1068202 0.1315221 0.19805 0.1068202 0.09033548 0.2200648 0.1068202 0.04564541 0.2336214 0.1068202 -8.30701e-4 0.2381989 0.1068202 -0.04730683 0.2336214 0.1068202 -0.0919969 0.2200648 0.1068202 -0.1331835 0.19805 0.1068202 -0.1692839 0.1684232 0.1068202 -0.1989107 0.1323229 0.1068202 -0.2209254 0.09113627 0.1068202 -0.2344819 0.0464462 0.1068202 -0.2390595 -2.99052e-5 0.1068202 -0.2344819 -0.04650598 0.1068202 -0.2209254 -0.09119611 0.1068202 -0.1989107 -0.1323827 0.1068202 -0.1692839 -0.1684831 0.1068202 -0.1331835 -0.1981099 0.1068202 -0.0919969 -0.2201246 0.1068202 -0.04730683 -0.2336812 0.1068202 -8.30701e-4 -0.2382587 0.1068202 0.04564541 -0.2336812 0.1068202 0.09033548 -0.2201246 0.1068202 0.1315221 -0.1981099 0.1068202 0.1676225 -0.1684831 0.1068202 0.1972492 -0.1323827 0.1068202 0.219264 -0.09119611 0.1068202 0.237398 -2.99052e-5 0.1068202 0.2328206 -0.04650598 0.1024383 0.2328206 -0.04650598 0.1024383 0.237398 -2.99049e-5 0.1024383 0.219264 -0.09119611 0.1024383 0.1972492 -0.1323827 0.1024383 0.1676225 -0.1684831 0.1024383 0.1315221 -0.1981099 0.1024383 0.09033548 -0.2201246 0.1024383 0.04564541 -0.2336812 0.1024383 -8.30701e-4 -0.2382587 0.1024383 -0.04730683 -0.2336812 0.1024383 -0.0919969 -0.2201246 0.1024383 -0.1331835 -0.1981099 0.1024383 -0.1692839 -0.1684831 0.1024383 -0.1989107 -0.1323827 0.1024383 -0.2209254 -0.09119611 0.1024383 -0.2344819 -0.04650598 0.1024383 -0.2390595 -2.99049e-5 0.1024383 -0.2344819 0.0464462 0.1024384 -0.2209254 0.09113627 0.1024384 -0.1989107 0.1323229 0.1024384 -0.1692839 0.1684232 0.1024384 -0.1331835 0.19805 0.1024384 -0.0919969 0.2200648 0.1024384 -0.04730683 0.2336214 0.1024384 -8.30701e-4 0.2381989 0.1024384 0.04564541 0.2336214 0.1024384 0.09033548 0.2200648 0.1024384 0.1315221 0.19805 0.1024384 0.1676225 0.1684232 0.1024384 0.1972492 0.1323229 0.1024384 0.219264 0.09113627 0.1024383 0.2328206 0.0464462 0.1304264 0.2565045 -0.05121701 0.1054335 0.2328206 -0.04650598 0.1054335 0.237398 -2.99051e-5 0.1304264 0.261546 -2.9907e-5 0.1304264 0.2415737 -0.1004371 0.1054335 0.219264 -0.09119611 0.1304264 0.2173275 -0.1457986 0.1054335 0.1972492 -0.1323827 0.1304264 0.1846976 -0.1855582 0.1054335 0.1676225 -0.1684831 0.1304264 0.1449379 -0.2181881 0.1054335 0.1315221 -0.1981099 0.1304264 0.09957647 -0.2424343 0.1054335 0.09033548 -0.2201246 0.1304264 0.05035644 -0.2573651 0.1054335 0.04564541 -0.2336812 0.1304264 -8.30701e-4 -0.2624065 0.1054335 -8.30701e-4 -0.2382587 0.1304264 -0.0520178 -0.2573651 0.1054335 -0.04730683 -0.2336812 0.1304264 -0.1012379 -0.2424343 0.1054335 -0.0919969 -0.2201246 0.1304264 -0.1465994 -0.2181881 0.1054335 -0.1331835 -0.1981099 0.1304264 -0.186359 -0.1855582 0.1054335 -0.1692839 -0.1684831 0.1304264 -0.2189889 -0.1457986 0.1054335 -0.1989107 -0.1323827 0.1304264 -0.2432351 -0.1004371 0.1054335 -0.2209254 -0.09119611 0.1304264 -0.2581659 -0.05121701 0.1054335 -0.2344819 -0.04650598 0.1304264 -0.2632074 -2.9907e-5 0.1054335 -0.2390595 -2.99051e-5 0.1304264 -0.2581659 0.05115723 0.1054335 -0.2344819 0.0464462 0.1304264 -0.2432351 0.1003773 0.1054335 -0.2209254 0.09113627 0.1304264 -0.2189889 0.1457387 0.1054335 -0.1989107 0.1323229 0.1304264 -0.186359 0.1854984 0.1054335 -0.1692839 0.1684232 0.1304264 -0.1465994 0.2181283 0.1054335 -0.1331835 0.19805 0.1304264 -0.1012379 0.2423745 0.1054335 -0.0919969 0.2200648 0.1304264 -0.0520178 0.2573053 0.1054335 -0.04730683 0.2336214 0.1304264 -8.30701e-4 0.2623468 0.1054335 -8.30701e-4 0.2381989 0.1304264 0.05035644 0.2573053 0.1054335 0.04564541 0.2336214 0.1304264 0.09957647 0.2423745 0.1054335 0.09033548 0.2200648 0.1304264 0.1449379 0.2181283 0.1054335 0.1315221 0.19805 0.1304264 0.1846976 0.1854984 0.1054335 0.1676225 0.1684232 0.1304264 0.2173275 0.1457387 0.1054335 0.1972492 0.1323229 0.1304264 0.2415737 0.1003773 0.1054335 0.219264 0.09113627 0.1304264 0.2565045 0.05115723 0.1054335 0.2328206 0.0464462 0.1304264 -0.06651449 0.2320177 0.1304264 -0.08434188 0.2262253 0.1304264 -0.01306122 0.06750553 0.1304264 -0.03088861 0.06171303 0.08902525 0.01462793 0.005850255 0.08902525 -0.08035349 0.2981733 0.08902525 -0.1120311 0.2878805 0.08902525 -0.01704961 -0.004442393 0.1304264 0.01462793 0.005850195 0.1304264 -0.08035349 0.2981733 0.1304264 -0.1120311 0.2878805 0.1304264 -0.01704961 -0.004442393 0.1229671 -0.01306122 0.06750553 0.1229671 -0.06651449 0.2320177 0.1229671 -0.08434188 0.2262253 0.1229671 -0.03088861 0.06171303 0.1304264 0.1986553 0.1333511 0.1304264 0.1876374 0.148516 0.1304264 0.05871289 0.031677 0.1304264 0.04769498 0.04684185 0.08902525 0.008631706 -0.01370954 0.08902525 0.2572965 0.166956 0.08902525 0.2377186 0.1939026 0.08902525 -0.01094609 0.01323705 0.1304264 0.008631706 -0.01370954 0.1304264 0.2572965 0.166956 0.1304264 0.2377186 0.1939026 0.1304264 -0.01094609 0.01323705 0.1229671 0.05871289 0.031677 0.1229671 0.1986553 0.1333511 0.1229671 0.1876374 0.148516 0.1229671 0.04769498 0.04684185 0.1304264 0.1862221 -0.1506004 0.1304264 0.1972401 -0.1354356 0.1304264 0.04627978 -0.04892629 0.1304264 0.0572977 -0.03376138 0.08902525 -0.01236128 -0.01532143 0.08902519 0.2363033 -0.195987 0.08902519 0.2558812 -0.1690405 0.08902525 0.007216513 0.01162511 0.1304264 -0.01236128 -0.01532143 0.1304264 0.2363033 -0.195987 0.1304264 0.2558812 -0.1690405 0.1304264 0.007216513 0.01162511 0.1229671 0.04627978 -0.04892629 0.1229671 0.1862221 -0.1506004 0.1229671 0.1972401 -0.1354356 0.1229671 0.0572977 -0.03376138 0.1304264 -0.08423519 -0.2257254 0.1304264 -0.06640779 -0.2315179 0.1304264 -0.03078186 -0.06121331 0.1304264 -0.01295447 -0.06700581 0.08902525 -0.01694279 0.004942119 0.08902519 -0.1119245 -0.2873807 0.08902519 -0.0802468 -0.2976734 0.08902525 0.01473474 -0.00535053 0.1304264 -0.01694279 0.004942119 0.1304264 -0.1119245 -0.2873807 0.1304264 -0.0802468 -0.2976734 0.1304264 0.01473474 -0.00535053 0.1229671 -0.03078186 -0.06121331 0.1229671 -0.08423519 -0.2257254 0.1229671 -0.06640779 -0.2315179 0.1229671 -0.01295447 -0.06700581 0.1304264 -0.2417478 0.009342491 0.1304264 -0.2417478 -0.009402275 0.1304264 -0.06876945 0.009342491 0.1304264 -0.06876945 -0.009402275 0.08902525 -0.00157535 0.01662397 0.08902525 -0.3089419 0.01662397 0.08902525 -0.3089419 -0.01668375 0.08902525 -0.00157535 -0.01668381 0.1304264 -0.00157535 0.01662397 0.1304264 -0.3089419 0.01662397 0.1304264 -0.3089419 -0.01668375 0.1304264 -0.00157535 -0.01668381 0.1229671 -0.06876945 0.009342491 0.1229671 -0.2417478 0.009342491 0.1229671 -0.2417478 -0.009402275 0.1229671 -0.06876945 -0.009402275 0.130412 -0.04732656 -2.98919e-5 0.09116309 -0.04732656 -2.98889e-5 0.130412 -0.0151987 -0.04425013 0.09116309 -0.0151987 -0.04425013 0.130412 0.03678524 -0.02735948 0.09116309 0.03678524 -0.02735948 0.130412 0.03678524 0.02729964 0.09116309 0.03678524 0.02729964 0.130412 -0.0151987 0.04419028 0.09116309 -0.0151987 0.04419028 5.38285e-4 -1.84289e-4 -0.3750299 0.07553821 -1.84289e-4 -0.3649818 0.130442 -1.84289e-4 -0.3375298 0.1505382 -1.84289e-4 -0.3000298 0.130442 -1.84289e-4 -0.2625299 0.07553821 -1.84289e-4 -0.2350779 5.3827e-4 -1.84289e-4 -0.2250299 -0.07446169 -1.84289e-4 -0.235078 -0.1293655 -1.84289e-4 -0.2625299 -0.1494616 -1.84289e-4 -0.3000299 -0.1293655 -1.84289e-4 -0.3375299 -0.07446169 -1.84289e-4 -0.3649818 5.38286e-4 0.04876297 -0.3718217 0.07553821 0.04745143 -0.3618596 0.130442 0.04386824 -0.3346425 0.1505382 0.03897351 -0.2974633 0.130442 0.03407877 -0.2602841 0.07553821 0.03049564 -0.233067 5.3827e-4 0.0291841 -0.223105 -0.07446169 0.03049564 -0.2330671 -0.1293655 0.03407877 -0.2602842 -0.1494616 0.03897351 -0.2974634 -0.1293655 0.04386824 -0.3346425 -0.07446169 0.04745143 -0.3618596 5.38277e-4 0.0968728 -0.3622521 0.07553821 0.09427219 -0.3525463 0.130442 0.08716708 -0.3260298 0.1505382 0.07746142 -0.2898076 0.130442 0.06775569 -0.2535854 0.07553821 0.06065058 -0.2270689 5.3827e-4 0.05804997 -0.2173632 -0.07446169 0.06065058 -0.2270689 -0.1293655 0.06775569 -0.2535854 -0.1494616 0.07746142 -0.2898077 -0.1293655 0.08716708 -0.3260299 -0.07446169 0.09427219 -0.3525463 5.38279e-4 0.1433219 -0.3464847 0.07553821 0.1394767 -0.3372015 0.130442 0.1289713 -0.3118392 0.1505382 0.1146207 -0.2771937 0.130442 0.1002701 -0.2425482 0.07553821 0.08976471 -0.217186 5.38271e-4 0.08591943 -0.2079027 -0.07446169 0.08976471 -0.217186 -0.1293655 0.1002701 -0.2425482 -0.1494616 0.1146207 -0.2771938 -0.1293655 0.1289713 -0.3118393 -0.07446169 0.1394767 -0.3372015 5.3828e-4 0.1873157 -0.3247894 0.07553821 0.1822916 -0.3160875 0.130442 0.1685657 -0.2923134 0.1505382 0.1498157 -0.2598375 0.130442 0.1310657 -0.2273615 0.07553821 0.1173397 -0.2035874 5.38263e-4 0.1123157 -0.1948856 -0.07446169 0.1173397 -0.2035875 -0.1293655 0.1310657 -0.2273615 -0.1494616 0.1498157 -0.2598375 -0.1293655 0.1685657 -0.2923135 -0.07446169 0.1822916 -0.3160875 5.38273e-4 0.2281011 -0.2975375 0.07553821 0.2219843 -0.2895658 0.130442 0.2052726 -0.2677866 0.1505382 0.182444 -0.2380359 0.130442 0.1596155 -0.2082851 0.07553821 0.1429039 -0.186506 5.38264e-4 0.136787 -0.1785343 -0.07446169 0.1429039 -0.1865061 -0.1293655 0.1596155 -0.2082852 -0.1494616 0.182444 -0.2380359 -0.1293655 0.2052726 -0.2677867 -0.07446169 0.2219843 -0.2895658 5.38276e-4 0.2649807 -0.2651949 0.07553821 0.2578757 -0.2580898 0.130442 0.2384642 -0.2386783 0.1505382 0.2119477 -0.2121618 0.130442 0.1854313 -0.1856454 0.07553821 0.1660198 -0.1662339 5.38266e-4 0.1589147 -0.1591289 -0.07446169 0.1660198 -0.166234 -0.1293655 0.1854313 -0.1856454 -0.1494616 0.2119477 -0.2121618 -0.1293655 0.2384642 -0.2386783 -0.07446169 0.2578757 -0.2580899 5.3827e-4 0.2973232 -0.2283154 0.07553821 0.2893515 -0.2221986 0.130442 0.2675724 -0.2054869 0.1505382 0.2378216 -0.1826583 0.130442 0.2080709 -0.1598297 0.07553821 0.1862918 -0.1431181 5.38259e-4 0.1783202 -0.1370012 -0.07446169 0.1862918 -0.1431182 -0.1293655 0.2080709 -0.1598297 -0.1494616 0.2378216 -0.1826583 -0.1293655 0.2675724 -0.2054869 -0.07446169 0.2893515 -0.2221986 5.38264e-4 0.3245753 -0.1875298 0.07553821 0.3158733 -0.1825058 0.130442 0.2920993 -0.1687799 0.1505382 0.2596234 -0.1500298 0.130442 0.2271474 -0.1312798 0.07553821 0.2033733 -0.1175539 5.3826e-4 0.1946714 -0.1125299 -0.07446169 0.2033733 -0.1175539 -0.1293655 0.2271474 -0.1312799 -0.1494617 0.2596234 -0.1500298 -0.1293655 0.2920993 -0.1687799 -0.07446169 0.3158733 -0.1825058 5.38267e-4 0.3462705 -0.1435362 0.07553821 0.3369873 -0.139691 0.130442 0.311625 -0.1291856 0.1505382 0.2769795 -0.114835 0.130442 0.242334 -0.1004843 0.07553821 0.2169718 -0.08997893 5.38262e-4 0.2076886 -0.08613371 -0.07446169 0.2169718 -0.08997893 -0.1293655 0.242334 -0.1004843 -0.1494617 0.2769795 -0.114835 -0.1293655 0.311625 -0.1291856 -0.07446169 0.3369873 -0.139691 5.38262e-4 0.3620379 -0.09708702 0.07553821 0.3523322 -0.09448641 0.130442 0.3258157 -0.0873813 0.1505382 0.2895935 -0.07767558 0.130442 0.2533712 -0.06796985 0.07553821 0.2268547 -0.0608648 5.38256e-4 0.217149 -0.05826413 -0.07446169 0.2268547 -0.0608648 -0.1293655 0.2533712 -0.06796991 -0.1494616 0.2895935 -0.07767564 -0.1293655 0.3258157 -0.0873813 -0.07446169 0.3523322 -0.09448641 5.38256e-4 0.3716075 -0.04897713 0.07553821 0.3616454 -0.04766559 0.130442 0.3344283 -0.0440824 0.1505382 0.2972491 -0.03918766 0.130442 0.26007 -0.03429293 0.07553821 0.2328529 -0.03070974 5.38258e-4 0.2228908 -0.0293982 -0.07446169 0.2328529 -0.03070974 -0.1293655 0.26007 -0.03429293 -0.1494617 0.2972491 -0.03918766 -0.1293655 0.3344283 -0.0440824 -0.07446169 0.3616454 -0.04766559 5.38251e-4 0.3748157 -2.99255e-5 0.07553821 0.3647676 -2.99195e-5 0.130442 0.3373157 -2.99136e-5 0.1505382 0.2998157 -2.99094e-5 0.130442 0.2623157 -2.9908e-5 0.07553821 0.2348638 -2.99097e-5 5.38251e-4 0.2248157 -2.99142e-5 -0.07446169 0.2348638 -2.99202e-5 -0.1293655 0.2623157 -2.99261e-5 -0.1494617 0.2998157 -2.99303e-5 -0.1293655 0.3373157 -2.99318e-5 -0.07446169 0.3647676 -2.993e-5 5.38246e-4 0.3716075 0.04891747 0.07553821 0.3616454 0.04760593 0.130442 0.3344283 0.04402273 0.1505382 0.2972491 0.039128 0.130442 0.26007 0.03423327 0.07553821 0.2328529 0.03065001 5.38244e-4 0.2228907 0.02933847 -0.07446169 0.2328529 0.03065001 -0.1293655 0.26007 0.03423321 -0.1494617 0.2972491 0.03912794 -0.1293655 0.3344283 0.04402273 -0.07446169 0.3616454 0.04760593 5.38241e-4 0.3620379 0.09702718 0.07553821 0.3523322 0.09442651 0.130442 0.3258157 0.08732146 0.1505382 0.2895935 0.07761579 0.130442 0.2533712 0.06791007 0.07553821 0.2268547 0.06080496 5.38247e-4 0.217149 0.05820435 -0.07446169 0.2268547 0.06080496 -0.1293655 0.2533712 0.06791001 -0.1494617 0.2895935 0.07761573 -0.1293655 0.3258157 0.08732146 -0.07446169 0.3523322 0.09442651 5.38235e-4 0.3462705 0.1434764 0.07553821 0.3369873 0.1396312 0.130442 0.3116251 0.1291258 0.1505382 0.2769796 0.1147751 0.130442 0.242334 0.1004245 0.07553821 0.2169718 0.08991909 5.3824e-4 0.2076886 0.08607387 -0.07446169 0.2169718 0.08991909 -0.1293655 0.242334 0.1004245 -0.1494617 0.2769796 0.1147751 -0.1293655 0.3116251 0.1291258 -0.07446169 0.3369873 0.1396312 5.38238e-4 0.3245753 0.18747 0.07553821 0.3158733 0.182446 0.130442 0.2920993 0.16872 0.1505382 0.2596234 0.14997 0.130442 0.2271474 0.1312201 0.07553821 0.2033733 0.1174941 5.38242e-4 0.1946714 0.11247 -0.07446169 0.2033733 0.1174941 -0.1293655 0.2271474 0.1312201 -0.1494617 0.2596234 0.14997 -0.1293655 0.2920993 0.16872 -0.07446169 0.3158733 0.182446 5.38233e-4 0.2973232 0.2282556 0.07553821 0.2893515 0.2221387 0.130442 0.2675724 0.2054271 0.1505382 0.2378217 0.1825985 0.130442 0.2080709 0.15977 0.07553821 0.1862919 0.1430583 5.38244e-4 0.1783202 0.1369414 -0.07446169 0.1862919 0.1430583 -0.1293655 0.2080709 0.15977 -0.1494617 0.2378217 0.1825985 -0.1293655 0.2675724 0.2054271 -0.07446175 0.2893515 0.2221387 5.38226e-4 0.2649807 0.2651352 0.07553821 0.2578756 0.2580301 0.130442 0.2384641 0.2386187 0.1505382 0.2119476 0.2121022 0.130442 0.1854311 0.1855856 0.07553821 0.1660197 0.1661742 5.38236e-4 0.1589147 0.1590691 -0.07446169 0.1660197 0.1661742 -0.1293655 0.1854311 0.1855856 -0.1494617 0.2119476 0.2121021 -0.1293655 0.2384641 0.2386187 -0.07446175 0.2578756 0.2580301 5.38229e-4 0.2281012 0.2974776 0.07553821 0.2219843 0.2895059 0.130442 0.2052726 0.2677268 0.1505382 0.1824441 0.2379761 0.130442 0.1596155 0.2082253 0.07553821 0.1429039 0.1864463 5.38238e-4 0.136787 0.1784746 -0.07446169 0.1429039 0.1864463 -0.1293655 0.1596155 0.2082253 -0.1494617 0.1824441 0.2379761 -0.1293655 0.2052726 0.2677268 -0.07446175 0.2219843 0.2895059 5.38222e-4 0.1873158 0.3247296 0.07553815 0.1822917 0.3160277 0.130442 0.1685658 0.2922537 0.1505382 0.1498157 0.2597777 0.130442 0.1310657 0.2273017 0.07553821 0.1173398 0.2035277 5.38239e-4 0.1123157 0.1948258 -0.07446175 0.1173398 0.2035276 -0.1293655 0.1310657 0.2273017 -0.1494617 0.1498157 0.2597777 -0.1293655 0.1685658 0.2922536 -0.07446175 0.1822917 0.3160277 5.38224e-4 0.143322 0.3464249 0.07553815 0.1394767 0.3371417 0.130442 0.1289713 0.3117795 0.1505382 0.1146208 0.277134 0.130442 0.1002701 0.2424885 0.07553821 0.08976471 0.2171262 5.38231e-4 0.08591949 0.207843 -0.07446175 0.08976471 0.2171261 -0.1293655 0.1002701 0.2424885 -0.1494617 0.1146208 0.277134 -0.1293655 0.1289713 0.3117794 -0.07446175 0.1394767 0.3371417 5.38225e-4 0.0968728 0.3621923 0.07553815 0.09427213 0.3524866 0.130442 0.08716708 0.3259701 0.1505382 0.07746136 0.2897479 0.130442 0.06775563 0.2535257 0.07553821 0.06065058 0.2270091 5.38232e-4 0.05804991 0.2173034 -0.07446175 0.06065058 0.2270091 -0.1293655 0.06775563 0.2535256 -0.1494617 0.07746136 0.2897478 -0.1293655 0.08716708 0.32597 -0.07446175 0.09427213 0.3524866 5.38217e-4 0.04876303 0.3717619 0.07553815 0.04745149 0.3617998 0.130442 0.0438683 0.3345828 0.1505382 0.03897356 0.2974036 0.130442 0.03407883 0.2602244 0.07553821 0.03049564 0.2330073 5.38232e-4 0.0291841 0.2230452 -0.07446175 0.03049564 0.2330073 -0.1293655 0.03407883 0.2602244 -0.1494617 0.03897356 0.2974035 -0.1293655 0.0438683 0.3345827 -0.07446175 0.04745149 0.3617998 5.38217e-4 -1.84256e-4 0.3749701 0.07553815 -1.84257e-4 0.364922 0.130442 -1.8426e-4 0.3374701 0.1505382 -1.84263e-4 0.2999702 0.130442 -1.84266e-4 0.2624701 0.07553821 -1.84269e-4 0.2350182 5.38232e-4 -1.84269e-4 0.2249701 -0.07446175 -1.84269e-4 0.2350181 -0.1293655 -1.84266e-4 0.2624701 -0.1494617 -1.84263e-4 0.29997 -0.1293655 -1.8426e-4 0.3374701 -0.07446175 -1.84257e-4 0.364922 5.38217e-4 -0.04913163 0.3717619 0.07553815 -0.04782009 0.3617998 0.130442 -0.04423689 0.3345828 0.1505382 -0.03934216 0.2974036 0.130442 -0.03444743 0.2602244 0.07553821 -0.03086423 0.2330073 5.38232e-4 -0.02955269 0.2230452 -0.07446175 -0.03086423 0.2330073 -0.1293655 -0.03444743 0.2602244 -0.1494617 -0.03934216 0.2974035 -0.1293655 -0.04423689 0.3345827 -0.07446175 -0.04782009 0.3617998 5.38225e-4 -0.09724134 0.3621923 0.07553815 -0.09464073 0.3524866 0.130442 -0.08753567 0.3259701 0.1505382 -0.07782995 0.2897479 0.130442 -0.06812423 0.2535257 0.07553821 -0.06101918 0.2270091 5.38232e-4 -0.05841851 0.2173034 -0.07446175 -0.06101918 0.2270091 -0.1293655 -0.06812423 0.2535256 -0.1494617 -0.07782995 0.2897478 -0.1293655 -0.08753567 0.32597 -0.07446175 -0.09464073 0.3524866 5.38224e-4 -0.1436904 0.346425 0.07553815 -0.1398452 0.3371418 0.130442 -0.1293398 0.3117796 0.1505382 -0.1149892 0.277134 0.130442 -0.1006386 0.2424885 0.07553821 -0.09013319 0.2171263 5.38231e-4 -0.08628797 0.207843 -0.07446175 -0.09013319 0.2171262 -0.1293655 -0.1006386 0.2424885 -0.1494617 -0.1149892 0.277134 -0.1293655 -0.1293398 0.3117795 -0.07446175 -0.1398452 0.3371418 5.38222e-4 -0.1876842 0.3247297 0.07553815 -0.1826602 0.3160278 0.130442 -0.1689342 0.2922537 0.1505382 -0.1501842 0.2597778 0.130442 -0.1314342 0.2273018 0.07553821 -0.1177083 0.2035278 5.38239e-4 -0.1126842 0.1948258 -0.07446175 -0.1177083 0.2035277 -0.1293655 -0.1314342 0.2273018 -0.1494617 -0.1501842 0.2597777 -0.1293655 -0.1689342 0.2922537 -0.07446175 -0.1826602 0.3160278 5.38229e-4 -0.2284698 0.2974776 0.07553821 -0.2223529 0.2895059 0.130442 -0.2056412 0.2677268 0.1505382 -0.1828127 0.2379761 0.130442 -0.1599841 0.2082253 0.07553821 -0.1432725 0.1864463 5.38238e-4 -0.1371556 0.1784746 -0.07446169 -0.1432725 0.1864463 -0.1293655 -0.1599841 0.2082253 -0.1494617 -0.1828127 0.2379761 -0.1293655 -0.2056412 0.2677268 -0.07446175 -0.2223529 0.2895059 5.38226e-4 -0.2653493 0.2651352 0.07553821 -0.2582442 0.2580301 0.130442 -0.2388327 0.2386187 0.1505382 -0.2123162 0.2121022 0.130442 -0.1857997 0.1855856 0.07553821 -0.1663883 0.1661742 5.38236e-4 -0.1592832 0.1590691 -0.07446169 -0.1663883 0.1661742 -0.1293655 -0.1857997 0.1855856 -0.1494617 -0.2123162 0.2121021 -0.1293655 -0.2388327 0.2386187 -0.07446175 -0.2582442 0.2580301 5.38233e-4 -0.2976917 0.2282558 0.07553821 -0.28972 0.2221389 0.130442 -0.2679409 0.2054272 0.1505382 -0.2381902 0.1825986 0.130442 -0.2084394 0.1597701 0.07553821 -0.1866604 0.1430584 5.38244e-4 -0.1786887 0.1369415 -0.07446169 -0.1866604 0.1430584 -0.1293655 -0.2084394 0.1597701 -0.1494617 -0.2381902 0.1825986 -0.1293655 -0.2679409 0.2054272 -0.07446175 -0.28972 0.2221388 5.38238e-4 -0.3249439 0.18747 0.07553821 -0.3162419 0.182446 0.130442 -0.2924679 0.16872 0.1505382 -0.259992 0.14997 0.130442 -0.2275159 0.1312201 0.07553821 -0.2037419 0.1174941 5.38242e-4 -0.19504 0.11247 -0.07446169 -0.2037419 0.1174941 -0.1293655 -0.2275159 0.1312201 -0.1494617 -0.259992 0.14997 -0.1293655 -0.2924679 0.16872 -0.07446169 -0.3162419 0.182446 5.38235e-4 -0.3466391 0.1434764 0.07553821 -0.3373559 0.1396312 0.130442 -0.3119936 0.1291258 0.1505382 -0.2773482 0.1147751 0.130442 -0.2427026 0.1004245 0.07553821 -0.2173404 0.08991909 5.3824e-4 -0.2080571 0.08607387 -0.07446169 -0.2173404 0.08991909 -0.1293655 -0.2427026 0.1004245 -0.1494617 -0.2773482 0.1147751 -0.1293655 -0.3119936 0.1291258 -0.07446169 -0.3373559 0.1396312 5.38241e-4 -0.3624064 0.09702736 0.07553821 -0.3527007 0.09442669 0.130442 -0.3261842 0.08732163 0.1505382 -0.289962 0.07761591 0.130442 -0.2537398 0.06791019 0.07553821 -0.2272232 0.06080508 5.38247e-4 -0.2175176 0.05820441 -0.07446169 -0.2272232 0.06080508 -0.1293655 -0.2537398 0.06791013 -0.1494617 -0.289962 0.07761585 -0.1293655 -0.3261842 0.08732163 -0.07446169 -0.3527007 0.09442669 5.38246e-4 -0.3719761 0.04891765 0.07553821 -0.3620139 0.04760611 0.130442 -0.3347969 0.04402285 0.1505382 -0.2976177 0.03912812 0.130442 -0.2604386 0.03423339 0.07553821 -0.2332215 0.03065013 5.38244e-4 -0.2232593 0.02933859 -0.07446169 -0.2332215 0.03065013 -0.1293655 -0.2604386 0.03423333 -0.1494617 -0.2976177 0.03912812 -0.1293655 -0.3347969 0.04402285 -0.07446169 -0.3620139 0.04760605 5.38251e-4 -0.3751842 -2.99255e-5 0.07553821 -0.3651362 -2.99195e-5 0.130442 -0.3376843 -2.99136e-5 0.1505382 -0.3001843 -2.99094e-5 0.130442 -0.2626843 -2.9908e-5 0.07553821 -0.2352324 -2.99097e-5 5.38251e-4 -0.2251843 -2.99142e-5 -0.07446169 -0.2352324 -2.99202e-5 -0.1293655 -0.2626843 -2.99261e-5 -0.1494617 -0.3001843 -2.99303e-5 -0.1293655 -0.3376843 -2.99318e-5 -0.07446169 -0.3651362 -2.993e-5 5.38256e-4 -0.3719761 -0.04897713 0.07553821 -0.362014 -0.04766559 0.130442 -0.3347969 -0.0440824 0.1505382 -0.2976177 -0.03918766 0.130442 -0.2604386 -0.03429293 0.07553821 -0.2332215 -0.03070974 5.38258e-4 -0.2232594 -0.0293982 -0.07446169 -0.2332215 -0.03070974 -0.1293655 -0.2604386 -0.03429293 -0.1494617 -0.2976177 -0.03918766 -0.1293655 -0.3347969 -0.0440824 -0.07446169 -0.362014 -0.04766559 5.38262e-4 -0.3624065 -0.09708684 0.07553821 -0.3527008 -0.09448623 0.130442 -0.3261843 -0.08738112 0.1505382 -0.2899621 -0.07767546 0.130442 -0.2537398 -0.06796973 0.07553821 -0.2272233 -0.06086468 5.38256e-4 -0.2175176 -0.05826407 -0.07446169 -0.2272233 -0.06086468 -0.1293655 -0.2537398 -0.06796973 -0.1494616 -0.2899621 -0.07767546 -0.1293655 -0.3261843 -0.08738118 -0.07446169 -0.3527008 -0.09448623 5.38267e-4 -0.346639 -0.1435362 0.07553821 -0.3373558 -0.139691 0.130442 -0.3119936 -0.1291856 0.1505382 -0.2773481 -0.114835 0.130442 -0.2427026 -0.1004843 0.07553821 -0.2173404 -0.08997893 5.38262e-4 -0.2080571 -0.08613371 -0.07446169 -0.2173404 -0.08997893 -0.1293655 -0.2427026 -0.1004843 -0.1494617 -0.2773481 -0.114835 -0.1293655 -0.3119936 -0.1291856 -0.07446169 -0.3373558 -0.139691 5.38264e-4 -0.3249438 -0.1875298 0.07553821 -0.3162419 -0.1825058 0.130442 -0.2924679 -0.1687799 0.1505382 -0.2599919 -0.1500298 0.130442 -0.2275159 -0.1312798 0.07553821 -0.2037419 -0.1175539 5.3826e-4 -0.19504 -0.1125299 -0.07446169 -0.2037419 -0.1175539 -0.1293655 -0.2275159 -0.1312799 -0.1494617 -0.2599919 -0.1500298 -0.1293655 -0.2924679 -0.1687799 -0.07446169 -0.3162419 -0.1825058 5.3827e-4 -0.2976918 -0.2283153 0.07553821 -0.2897202 -0.2221984 0.130442 -0.2679411 -0.2054868 0.1505382 -0.2381903 -0.1826582 0.130442 -0.2084395 -0.1598297 0.07553821 -0.1866605 -0.143118 5.38259e-4 -0.1786888 -0.1370012 -0.07446169 -0.1866605 -0.143118 -0.1293655 -0.2084395 -0.1598297 -0.1494616 -0.2381903 -0.1826582 -0.1293655 -0.2679411 -0.2054868 -0.07446169 -0.2897202 -0.2221984 5.38276e-4 -0.2653495 -0.2651948 0.07553821 -0.2582444 -0.2580897 0.130442 -0.238833 -0.2386783 0.1505382 -0.2123164 -0.2121618 0.130442 -0.1857999 -0.1856453 0.07553821 -0.1663885 -0.1662338 5.38266e-4 -0.1592834 -0.1591288 -0.07446169 -0.1663885 -0.1662339 -0.1293655 -0.1857999 -0.1856453 -0.1494616 -0.2123164 -0.2121618 -0.1293655 -0.238833 -0.2386783 -0.07446169 -0.2582444 -0.2580897 5.38273e-4 -0.2284697 -0.2975375 0.07553821 -0.2223529 -0.2895658 0.130442 -0.2056412 -0.2677866 0.1505382 -0.1828126 -0.2380359 0.130442 -0.1599841 -0.2082851 0.07553821 -0.1432724 -0.186506 5.38264e-4 -0.1371555 -0.1785343 -0.07446169 -0.1432724 -0.1865061 -0.1293655 -0.1599841 -0.2082852 -0.1494616 -0.1828126 -0.2380359 -0.1293655 -0.2056412 -0.2677867 -0.07446169 -0.2223529 -0.2895658 5.3828e-4 -0.1876843 -0.3247894 0.07553821 -0.1826602 -0.3160875 0.130442 -0.1689343 -0.2923134 0.1505382 -0.1501843 -0.2598375 0.130442 -0.1314343 -0.2273615 0.07553821 -0.1177083 -0.2035874 5.38263e-4 -0.1126843 -0.1948856 -0.07446169 -0.1177083 -0.2035875 -0.1293655 -0.1314343 -0.2273615 -0.1494616 -0.1501843 -0.2598375 -0.1293655 -0.1689343 -0.2923135 -0.07446169 -0.1826602 -0.3160875 5.38279e-4 -0.1436907 -0.3464847 0.07553821 -0.1398454 -0.3372014 0.130442 -0.1293401 -0.3118392 0.1505382 -0.1149894 -0.2771937 0.130442 -0.1006388 -0.2425482 0.07553821 -0.09013336 -0.2171859 5.38271e-4 -0.08628815 -0.2079027 -0.07446169 -0.09013336 -0.217186 -0.1293655 -0.1006388 -0.2425482 -0.1494616 -0.1149894 -0.2771937 -0.1293655 -0.1293401 -0.3118392 -0.07446169 -0.1398454 -0.3372014 5.38277e-4 -0.09724128 -0.3622521 0.07553821 -0.09464067 -0.3525463 0.130442 -0.08753561 -0.3260298 0.1505382 -0.07782989 -0.2898076 0.130442 -0.06812417 -0.2535854 0.07553821 -0.06101912 -0.2270689 5.3827e-4 -0.05841851 -0.2173632 -0.07446169 -0.06101912 -0.2270689 -0.1293655 -0.06812417 -0.2535855 -0.1494616 -0.07782989 -0.2898077 -0.1293655 -0.08753561 -0.3260299 -0.07446169 -0.09464067 -0.3525463 5.38286e-4 -0.04913157 -0.3718217 0.07553821 -0.04782003 -0.3618596 0.130442 -0.04423683 -0.3346425 0.1505382 -0.0393421 -0.2974633 0.130442 -0.03444737 -0.2602841 0.07553821 -0.03086417 -0.233067 5.3827e-4 -0.02955263 -0.223105 -0.07446169 -0.03086417 -0.2330671 -0.1293655 -0.03444737 -0.2602842 -0.1494616 -0.0393421 -0.2974634 -0.1293655 -0.04423683 -0.3346425 -0.07446169 -0.04782003 -0.3618596 -0.127153 -0.2890403 -2.98876e-5 -0.127153 -0.2835025 -0.05625677 -0.127153 -0.2671017 -0.1103229 -0.127153 -0.2404682 -0.1601505 -0.127153 -0.2046257 -0.2038248 -0.127153 -0.1609514 -0.2396674 -0.127153 -0.1111238 -0.2663009 -0.1271531 -0.05705755 -0.2827016 -0.1271531 -8.30701e-4 -0.2882395 -0.1271531 0.05539619 -0.2827016 -0.1271532 0.1094623 -0.2663009 -0.1271532 0.15929 -0.2396674 -0.1271532 0.2029643 -0.2038248 -0.1271532 0.2388068 -0.1601505 -0.1271532 0.2654402 -0.1103229 -0.1271532 0.281841 -0.05625677 -0.1271532 0.2873789 -2.98876e-5 -0.1271532 0.281841 0.05619698 -0.1271532 0.2654402 0.1102631 -0.1271532 0.2388068 0.1600908 -0.1271532 0.2029643 0.203765 -0.1271531 0.15929 0.2396076 -0.1271531 0.1094623 0.2662411 -0.1271531 0.05539619 0.2826418 -0.1271531 -8.30701e-4 0.2881797 -0.127153 -0.05705755 0.2826418 -0.127153 -0.1111238 0.2662411 -0.127153 -0.1609514 0.2396076 -0.127153 -0.2046257 0.203765 -0.127153 -0.2404682 0.1600908 -0.127153 -0.2671017 0.1102631 -0.127153 -0.2835025 0.05619698 -0.1035468 -0.2344819 0.0464462 -0.1035468 -0.2209253 0.09113627 -0.1035468 -0.1989107 0.1323229 -0.1035468 -0.1692838 0.1684232 -0.1035468 -0.1331835 0.1980501 -0.1035469 -0.0919969 0.2200648 -0.1035469 -0.04730677 0.2336214 -0.1035469 -8.30694e-4 0.2381989 -0.1035469 0.04564541 0.2336214 -0.1035469 0.09033548 0.2200648 -0.1035469 0.1315221 0.1980501 -0.1035469 0.1676225 0.1684232 -0.103547 0.1972492 0.1323229 -0.103547 0.2192639 0.09113627 -0.103547 0.2328205 0.0464462 -0.103547 0.237398 -2.98893e-5 -0.103547 0.2328205 -0.04650598 -0.103547 0.2192639 -0.09119606 -0.103547 0.1972492 -0.1323827 -0.103547 0.1676225 -0.168483 -0.1035469 0.1315221 -0.1981098 -0.1035469 0.09033548 -0.2201246 -0.1035469 0.04564541 -0.2336811 -0.1035469 -8.30694e-4 -0.2382586 -0.1035469 -0.04730677 -0.2336811 -0.1035469 -0.0919969 -0.2201246 -0.1035469 -0.1331835 -0.1981098 -0.1035469 -0.1692838 -0.168483 -0.1035468 -0.1989107 -0.1323827 -0.1035468 -0.2209253 -0.09119606 -0.1035468 -0.2390595 -2.98893e-5 -0.1035468 -0.2344819 -0.04650598 -0.09916502 -0.2344819 -0.04650598 -0.09916502 -0.2390595 -2.98897e-5 -0.09916502 -0.2209253 -0.09119606 -0.09916502 -0.1989106 -0.1323827 -0.09916502 -0.1692838 -0.168483 -0.09916508 -0.1331835 -0.1981098 -0.09916508 -0.0919969 -0.2201246 -0.09916508 -0.04730677 -0.2336811 -0.09916514 -8.30693e-4 -0.2382586 -0.09916514 0.04564541 -0.2336811 -0.09916514 0.09033548 -0.2201246 -0.09916514 0.1315221 -0.1981098 -0.0991652 0.1676225 -0.168483 -0.09916514 0.1972492 -0.1323827 -0.0991652 0.219264 -0.09119606 -0.0991652 0.2328206 -0.04650598 -0.0991652 0.237398 -2.98897e-5 -0.0991652 0.2328206 0.0464462 -0.09916514 0.219264 0.09113627 -0.09916514 0.1972492 0.1323229 -0.09916514 0.1676225 0.1684232 -0.09916514 0.1315221 0.1980501 -0.09916508 0.09033548 0.2200648 -0.09916508 0.04564541 0.2336214 -0.09916508 -8.30693e-4 0.2381989 -0.09916508 -0.04730677 0.2336214 -0.09916508 -0.0919969 0.2200648 -0.09916502 -0.1331835 0.1980501 -0.09916502 -0.1692838 0.1684232 -0.09916502 -0.1989106 0.1323229 -0.09916502 -0.2209253 0.09113627 -0.09916502 -0.2344819 0.0464462 -0.127153 -0.2581658 -0.05121701 -0.1021602 -0.2344819 -0.04650598 -0.1021602 -0.2390595 -2.98895e-5 -0.127153 -0.2632074 -2.98876e-5 -0.127153 -0.2432351 -0.1004371 -0.1021602 -0.2209253 -0.09119606 -0.127153 -0.2189889 -0.1457985 -0.1021602 -0.1989107 -0.1323827 -0.127153 -0.186359 -0.1855581 -0.1021602 -0.1692838 -0.168483 -0.127153 -0.1465994 -0.2181881 -0.1021602 -0.1331835 -0.1981098 -0.127153 -0.1012379 -0.2424343 -0.1021602 -0.0919969 -0.2201246 -0.1271531 -0.0520178 -0.2573651 -0.1021602 -0.04730677 -0.2336811 -0.1271531 -8.30701e-4 -0.2624065 -0.1021603 -8.30694e-4 -0.2382586 -0.1271531 0.05035638 -0.2573651 -0.1021603 0.04564541 -0.2336811 -0.1271532 0.09957647 -0.2424343 -0.1021603 0.09033548 -0.2201246 -0.1271532 0.1449379 -0.2181881 -0.1021603 0.1315221 -0.1981098 -0.1271532 0.1846976 -0.1855581 -0.1021603 0.1676225 -0.168483 -0.1271532 0.2173275 -0.1457985 -0.1021603 0.1972492 -0.1323827 -0.1271532 0.2415737 -0.1004371 -0.1021603 0.2192639 -0.09119606 -0.1271532 0.2565044 -0.05121701 -0.1021603 0.2328205 -0.04650598 -0.1271532 0.261546 -2.98876e-5 -0.1021603 0.237398 -2.98895e-5 -0.1271532 0.2565044 0.05115723 -0.1021603 0.2328205 0.0464462 -0.1271532 0.2415737 0.1003773 -0.1021603 0.2192639 0.09113627 -0.1271532 0.2173275 0.1457387 -0.1021603 0.1972492 0.1323229 -0.1271532 0.1846976 0.1854984 -0.1021603 0.1676225 0.1684232 -0.1271531 0.1449379 0.2181283 -0.1021603 0.1315221 0.1980501 -0.1271531 0.09957647 0.2423745 -0.1021603 0.09033548 0.2200648 -0.1271531 0.05035638 0.2573053 -0.1021602 0.04564541 0.2336214 -0.1271531 -8.30701e-4 0.2623468 -0.1021602 -8.30694e-4 0.2381989 -0.127153 -0.0520178 0.2573053 -0.1021602 -0.04730677 0.2336214 -0.127153 -0.1012379 0.2423745 -0.1021602 -0.0919969 0.2200648 -0.127153 -0.1465994 0.2181283 -0.1021602 -0.1331835 0.1980501 -0.127153 -0.186359 0.1854984 -0.1021602 -0.1692838 0.1684232 -0.127153 -0.2189889 0.1457387 -0.1021602 -0.1989107 0.1323229 -0.127153 -0.2432351 0.1003773 -0.1021602 -0.2209253 0.09113627 -0.127153 -0.2581658 0.05115723 -0.1021602 -0.2344819 0.0464462 -0.1271531 0.06485307 0.2320177 -0.1271531 0.08268046 0.2262253 -0.1271531 0.01139986 0.06750553 -0.1271531 0.02922725 0.06171303 -0.08575195 -0.01628935 0.005850255 -0.08575195 0.07869207 0.2981732 -0.08575195 0.1103698 0.2878805 -0.08575195 0.01538825 -0.004442393 -0.1271531 -0.01628935 0.005850255 -0.1271531 0.07869207 0.2981732 -0.1271531 0.1103697 0.2878805 -0.1271531 0.01538825 -0.004442393 -0.1196938 0.01139986 0.06750553 -0.1196939 0.06485307 0.2320177 -0.1196939 0.08268046 0.2262253 -0.1196938 0.02922725 0.06171303 -0.127153 -0.2003167 0.1333511 -0.127153 -0.1892988 0.148516 -0.1271531 -0.06037431 0.031677 -0.1271531 -0.04935634 0.04684191 -0.08575195 -0.01029306 -0.01370948 -0.08575183 -0.2589578 0.166956 -0.08575189 -0.23938 0.1939026 -0.08575195 0.009284734 0.01323705 -0.1271531 -0.01029312 -0.01370948 -0.127153 -0.2589579 0.166956 -0.127153 -0.23938 0.1939026 -0.1271531 0.009284734 0.01323705 -0.1196938 -0.06037431 0.031677 -0.1196938 -0.2003167 0.1333511 -0.1196938 -0.1892988 0.148516 -0.1196938 -0.04935634 0.04684191 -0.127153 -0.1878835 -0.1506004 -0.127153 -0.1989015 -0.1354355 -0.1271531 -0.04794114 -0.04892623 -0.1271531 -0.05895912 -0.03376138 -0.08575195 0.01069986 -0.01532143 -0.08575189 -0.2379647 -0.195987 -0.08575189 -0.2575426 -0.1690404 -0.08575195 -0.008877933 0.01162511 -0.1271531 0.01069986 -0.01532143 -0.127153 -0.2379647 -0.195987 -0.127153 -0.2575426 -0.1690404 -0.1271531 -0.008877933 0.01162511 -0.1196938 -0.04794114 -0.04892623 -0.1196938 -0.1878835 -0.1506004 -0.1196938 -0.1989015 -0.1354355 -0.1196938 -0.05895912 -0.03376138 -0.1271532 0.08257377 -0.2257254 -0.1271531 0.06474637 -0.2315179 -0.1271531 0.02912044 -0.06121331 -0.1271531 0.01129305 -0.06700581 -0.08575195 0.01528143 0.004942119 -0.08575201 0.1102631 -0.2873806 -0.08575201 0.07858544 -0.2976734 -0.08575195 -0.01639616 -0.00535053 -0.1271531 0.01528137 0.004942119 -0.1271532 0.1102631 -0.2873806 -0.1271532 0.07858544 -0.2976734 -0.1271531 -0.01639616 -0.00535053 -0.1196939 0.02912044 -0.06121331 -0.1196939 0.08257377 -0.2257254 -0.1196939 0.06474637 -0.2315179 -0.1196939 0.01129305 -0.06700581 -0.1271532 0.2400864 0.009342491 -0.1271532 0.2400864 -0.009402275 -0.1271531 0.06710803 0.009342491 -0.1271531 0.06710803 -0.009402275 -0.08575195 -8.59991e-5 0.01662403 -0.08575206 0.3072804 0.01662403 -0.08575206 0.3072804 -0.01668375 -0.08575195 -8.59905e-5 -0.01668375 -0.1271531 -8.60121e-5 0.01662403 -0.1271532 0.3072804 0.01662403 -0.1271532 0.3072804 -0.01668375 -0.1271531 -8.60035e-5 -0.01668375 -0.1196939 0.06710803 0.009342491 -0.1196939 0.2400864 0.009342491 -0.1196939 0.2400864 -0.009402275 -0.1196939 0.06710803 -0.009402275 -0.1271387 0.04566514 -2.98724e-5 -0.08788985 0.0456652 -2.98754e-5 -0.1271387 0.01353728 -0.04425007 -0.08788979 0.01353734 -0.04425007 -0.1271387 -0.03844666 -0.02735948 -0.08788979 -0.0384466 -0.02735948 -0.1271387 -0.03844666 0.0272997 -0.08788979 -0.03844666 0.0272997 -0.1271387 0.01353728 0.04419034 -0.08788979 0.01353728 0.04419034</float_array>
          <technique_common>
            <accessor source="#Circle_006-mesh-positions-array" count="1076" stride="3">
              <param name="X" type="float"/>
              <param name="Y" type="float"/>
              <param name="Z" type="float"/>
            </accessor>
          </technique_common>
        </source>
        <source id="Circle_006-mesh-normals">
          <float_array id="Circle_006-mesh-normals-array" count="3207">-0.3831009 -0.3534857 -0.8533943 0 -0.6839412 -0.7295373 -0.3831009 -0.1802052 -0.9059579 -0.3831008 0.8533933 -0.3534879 0 0.7017161 -0.7124567 -0.3831041 0.9059565 -0.1802055 -0.3830972 0.923708 3.27909e-7 0 0.9787403 -0.2051036 -0.3831043 0.9059563 0.1802065 -0.3830975 0.6531603 -0.6531599 0 0.2716004 -0.9624102 -0.3831009 0.7680339 -0.513184 -0.383104 0.5131837 -0.7680324 0 -0.05228435 -0.9986323 -0.3831008 0.3534872 -0.8533936 0 0.07819122 -0.9969385 -0.3831008 0.1802058 -0.9059579 0 -0.4321202 -0.901816 -0.3830975 6.55817e-7 -0.923708 0 -0.4296509 -0.9029951 -0.9292083 -0.07209694 -0.3624557 -1 0 0 -1 0 0 0 -0.4107223 -0.9117605 -0.3831008 -0.5131827 -0.7680349 0 -0.6061893 -0.7953204 -0.3831008 -0.6531592 -0.6531591 0 -0.6559563 -0.754799 -0.3831007 -0.7680333 -0.5131849 0 -0.9938274 0.1109389 -0.3831009 -0.853393 -0.3534886 0 -0.9472811 0.3204039 -0.3831044 -0.9059562 -0.1802067 0 -0.9802165 0.1979283 -0.3831008 -0.9237067 0 0 -0.9944118 0.1055711 -0.3830994 -0.9059582 0.1802073 0 -0.8143489 0.5803756 0 -0.9389144 0.344151 0 0.9994524 0.03308993 -0.3831006 -0.7680345 0.5131834 -0.3830991 -0.8533945 0.3534871 -0.3831042 -0.6531575 0.6531588 0 -0.05290591 0.9985996 -0.3831011 -0.5131837 0.7680341 0 0.3884608 0.9214653 -0.3830976 -0.3534883 0.8533946 0 -0.1321637 0.991228 -0.3831011 -0.1802077 0.9059574 0 0.2222408 0.9749919 -0.3831044 -5.03789e-7 0.9237051 0 0.4236851 0.9058095 -0.3831013 0.1802065 0.9059575 0 0.5090829 0.8607175 -0.3831008 0.3534873 0.8533936 0 0.6944452 0.7195456 -0.3831006 0.5131839 0.7680341 0 0.756898 0.6535331 -0.3831008 0.6531599 0.6531584 0 0.6165086 0.7873482 -0.3831008 0.7680337 0.5131842 0 0.9446309 -0.328135 -0.3830974 0.8533947 0.3534885 0 0.9972494 0.07411986 0 0.9453731 -0.3259907 -0.6856801 5.30147e-7 0.727903 -0.6856714 0.7279112 -3.00311e-7 -0.6856864 -6.31401e-7 -0.7278971 0 0.3924387 -0.9197782 -0.9292083 -0.07209682 0.3624556 -1 1.60299e-7 0 -1 1.20221e-7 0 -0.9292087 -0.1414229 -0.3414246 -0.9292094 0 0.3695538 -1 -1.9768e-7 0 -0.9292086 -0.2053142 -0.3072743 -0.9292084 0.07209676 0.3624555 -1 -1.20221e-7 0 -1 0 0 -0.9292091 -0.2613146 -0.2613143 -1 -1.60299e-7 0 -0.9292087 0.1414226 0.3414248 -0.9292086 -0.3072742 -0.205314 -1 0 0 -1 0 0 -0.9292086 0.205314 0.3072744 -0.9292086 -0.341425 -0.1414225 -1 -3.82059e-7 1.3311e-7 -0.9292085 0.3624551 -0.07209658 -1 0 1.29963e-7 -1 0 0 -0.9292092 0.2613142 0.2613145 -0.9292086 -0.362455 -0.07209658 -1 0 1.29963e-7 -1 3.82059e-7 1.3311e-7 -0.9292086 0.341425 -0.1414225 -0.9292087 0.3072743 0.2053142 -1 1.9768e-7 0 -0.9292091 -0.3695544 -1.44315e-7 -1 0 0 -0.9292086 0.3072743 -0.2053139 -0.9292084 0.3414254 0.1414233 -1 0 1.3311e-7 -0.9292082 -0.3624556 0.072097 -1 0 1.29963e-7 -1 0 0 -0.9292089 0.2613151 -0.2613149 -0.9292085 0.3624549 0.07209676 -1 0 1.3311e-7 -0.9292085 -0.3414254 0.1414232 -0.9292089 0.2053138 -0.3072738 -1 1.9768e-7 0 -0.9292088 0.3695552 0 -1 -1.9768e-7 0 -0.9292086 -0.3072742 0.2053142 -0.9292082 0.1414234 -0.3414258 -1 0 0 -0.929209 -0.2613148 0.2613148 -1 0 0 -0.9292087 0.07209688 -0.3624547 -1 0 0 -0.9292092 -0.2053135 0.3072731 -0.9292089 0 -0.3695552 -0.9292084 -0.1414231 0.3414255 0 0.7638856 -0.6453517 -0.6856992 0.404392 0.6052138 -0.685693 -0.142005 -0.7139046 -0.6856705 0.5147122 0.514711 -0.6856965 -0.2785508 -0.6724803 -0.6856993 0.6052145 0.4043909 -0.6856804 -0.7279028 5.23858e-7 -0.6856992 -0.4043915 -0.6052141 -0.6856961 0.6724811 0.2785502 -0.6856991 -0.7138989 0.142004 -0.6856742 -0.5147091 -0.5147091 -0.6856928 0.713905 0.1420041 -0.6856788 -0.6724955 0.2785578 -0.6856929 -0.605219 -0.4043951 -0.6856994 -0.6052145 0.4043908 -0.6856964 -0.6724807 -0.27855 -0.6856993 0.7138988 -0.1420037 -0.6856793 -0.514706 0.5147054 -0.685699 -0.7138993 -0.1420028 -0.6856963 0.6724804 -0.2785512 -0.6856991 -0.4043908 0.6052148 -0.6856929 0.605219 -0.4043951 -0.6856966 -0.2785503 0.6724805 -0.6856741 0.5147088 -0.5147095 -0.6856929 -0.1420038 0.7139049 -0.6856995 0.4043901 -0.6052148 -0.6856966 0.2785503 -0.6724805 -0.6856929 0.142005 0.7139047 -0.685693 0.142004 -0.7139047 -0.6856966 0.2785508 0.6724803 -0.9045323 -0.1935878 -0.3799279 -0.5773574 -0.7275115 0.3706555 -0.5773646 -0.370696 -0.7274851 0.5773537 0.7275018 -0.3706804 0.5773538 -0.7275015 0.3706806 0.5773419 -0.3706694 -0.7275167 -0.5773133 0.7275193 -0.3707089 -0.577354 -0.3706803 -0.7275015 -0.5773214 0.3706915 0.7275218 -0.5773453 -0.7274992 0.3706986 0.5773422 0.3706691 0.7275167 -0.9045367 0.1935905 0.379916 -0.9045364 0.3799281 -0.1935678 -0.9045344 -0.3799256 0.1935828 -0.5773504 0.3706878 0.7275005 -0.5773503 0.7275036 -0.3706821 -0.9045314 0.06670111 0.421158 -0.5773469 -0.8064453 0.1277364 -0.9045372 -0.4211434 0.06671416 0.5773459 -0.8064501 0.1277118 0.5773537 0.8064417 -0.1277285 0.5773419 0.1277458 0.8064475 -0.5773455 -0.1277461 -0.8064447 -0.5773214 -0.8064642 0.1277322 0.5773503 -0.1277284 -0.8064442 -0.5773217 0.1277313 0.8064643 -0.577345 0.8064506 -0.1277118 -0.904532 -0.06670188 -0.4211565 -0.9045384 0.4211412 -0.06671255 -0.5773631 -0.127708 -0.8064383 -0.5773633 0.1277065 0.8064383 -0.5773474 0.8064453 -0.1277343 -0.9045314 0.4211571 0.0667079 -0.5773508 -0.1277201 0.8064451 -0.9045379 -0.06669205 0.4211453 0.5773534 -0.806442 -0.1277277 0.5773454 0.8064504 0.1277116 0.5773423 -0.1277458 0.8064472 -0.5773456 -0.8064503 -0.1277107 -0.5773214 -0.1277304 0.8064644 -0.5773133 0.1277489 -0.8064674 -0.5773537 0.8064419 0.1277273 0.5773503 0.1277281 -0.8064442 -0.9045376 0.06669187 -0.4211463 -0.9045311 -0.4211578 -0.06670731 -0.5773506 0.1277201 -0.8064452 -0.5773601 0.8064342 0.1277467 -0.57736 -0.8064344 -0.1277461 -0.9045321 0.1935855 -0.3799296 -0.5773602 0.72751 0.3706542 -0.9045326 0.3799292 0.1935833 0.5773537 -0.3706802 0.7275019 0.5773537 0.3706805 -0.7275018 0.5773422 0.7275015 0.3706989 -0.5773454 -0.3706672 0.7275151 -0.5773206 0.7275231 0.3706902 -0.5773536 -0.7275021 -0.37068 -0.5773137 0.3706778 -0.7275348 0.5773422 -0.7275012 -0.3706994 -0.904536 -0.1935929 0.3799163 -0.9045372 -0.3799259 -0.1935689 -0.5773503 -0.7275072 -0.3706749 -0.5773598 0.370696 -0.727489 -0.5773501 -0.3706813 0.7275041 -0.9045323 -0.3015117 -0.3015164 -0.5773606 0.577326 -0.5773643 -0.9045333 0.3015125 -0.3015123 0.5773537 0.5773485 -0.5773485 0.5773457 -0.5773648 0.5773404 0.5773501 -0.5773501 -0.5773506 -0.5773456 0.5773647 -0.5773406 0.577342 0.5773665 0.5773424 -0.5773217 -0.5773643 0.577365 -0.5773205 0.5773652 0.5773653 -0.5773457 -0.5773649 -0.5773403 -0.9045359 0.3014989 0.3015185 -0.9045372 -0.3014992 0.3015143 -0.5773507 -0.5773455 0.5773547 -0.57736 -0.5773309 -0.5773599 -0.5773503 0.5773504 0.57735 0.595697 -0.8032093 -7.40266e-6 -0.5956822 -0.2482089 -0.7639078 0.5957116 -0.2482022 -0.7638871 0.5956969 0.6498055 -0.4721208 -0.5956972 0.6498141 -0.4721086 0.5956872 0.6498205 0.4721124 -0.5956873 -0.8032166 7.95841e-6 -0.5957021 -0.2482038 0.763894 -0.5957065 0.6497999 0.4721164 0.5956822 -0.2482085 0.7639079 0 0 -1 0.2920992 0.1248338 -0.9482061 0.2921018 0 -0.9563873 0.6907822 0.09437859 -0.7168771 0.6907922 0 -0.7230534 0.9998063 0.0025689 -0.01951283 0.9998068 0 -0.01965457 0.7033924 -0.09277832 0.7047207 0.7033892 0 0.7108049 0.2959483 -0.1246781 0.9470323 0.2959505 0 0.9552033 -2.97492e-7 -0.1305276 0.9914448 -4.24469e-7 0 1 -0.2959506 0 0.9552033 -0.2959485 -0.1246783 0.9470322 -0.703395 7.7853e-7 0.7107992 -0.9998069 0.002566099 -0.01948904 -0.9998064 0 -0.01968061 -0.6907883 0.09437704 -0.7168713 -0.6907876 0 -0.7230578 -0.2921004 -3.31589e-7 -0.9563876 -0.2920996 0.1248338 -0.948206 0 0.258819 -0.9659259 0 0.1305264 -0.9914449 0.2921003 0.2475314 -0.9237996 0.690789 0.1871414 -0.6984187 0.9998068 0.005086779 -0.01898515 0.7033889 -0.1839697 0.6865851 1.19952e-6 -0.2588201 0.9659256 -0.7033936 -0.1839694 0.6865805 -0.7033883 -0.09277933 0.7047247 -0.9998064 0.005093157 -0.01900786 -0.690785 0.1871408 -0.6984229 0 0.3826833 -0.9238796 0.2921003 0.3659937 -0.883587 0.9998066 0.007527053 -0.01817327 0.7033924 -0.2720119 0.6566953 0.295946 -0.3655408 0.8824942 0.2959482 -0.2472242 0.9226565 -3.19551e-6 -0.3826835 0.9238796 -0.2959507 -0.3655404 0.8824928 -0.2959461 -0.2472251 0.922657 -0.9998066 0.007527232 -0.01817047 -0.6907868 0.2767016 -0.6680194 -0.2921006 0.2475315 -0.9237995 -0.2920998 0.3659935 -0.8835873 0 0.4999999 -0.8660255 0.2921011 0.4781936 -0.8282559 0.6907871 0.2767034 -0.6680184 0.9998066 0.009833276 -0.01703298 0.7033907 -0.3554031 0.6155731 0.2959485 -0.4776027 0.8272305 1.2186e-6 -0.4999993 0.8660258 -0.2959461 -0.4776024 0.8272315 -0.7033908 -0.2720127 0.6566967 -0.9998066 0.009834527 -0.01703196 -0.6907867 0.3615289 -0.6261874 -0.2920994 0.4781941 -0.8282562 0.2920999 0.582212 -0.7587535 0.690787 0.3615299 -0.6261864 0.9998066 0.01197242 -0.01560372 0.7033905 -0.4327108 0.5639178 0.2959506 -0.5814908 0.7578138 -0.2959484 -0.581492 0.7578138 -0.7033907 -0.3554018 0.6155739 -0.9998066 0.01197361 -0.0156027 -0.6907839 0.440172 -0.573643 1.88069e-7 0.6087614 -0.7933533 0 0.7071071 -0.7071065 0.2921013 0.6762681 -0.6762679 0.6907871 0.440171 -0.5736399 0.9998064 0.01391464 -0.0139144 0.7033905 -0.502615 0.5026131 -2.8855e-7 -0.7071067 0.7071069 1.34019e-6 -0.6087608 0.793354 -0.2959483 -0.6754319 0.6754305 -0.7033907 -0.4327097 0.5639185 -0.9998066 0.01390784 -0.01390659 -0.690787 0.5112801 -0.5112789 -0.2921002 0.6762679 -0.6762686 -0.2921004 0.5822119 -0.7587534 0.2921002 0.7587532 -0.5822123 0.6907885 0.573639 -0.4401698 0.6907883 0.5112788 -0.5112784 0.9998068 0.01559317 -0.01196479 0.7033889 -0.5639196 0.432711 0.2959483 -0.6754306 0.6754319 -1.60254e-6 -0.7933531 0.6087617 -0.2959483 -0.7578148 0.5814906 -0.7033906 -0.5026142 0.502614 -0.9998068 0.01559299 -0.01196515 -0.6907886 0.5736399 -0.4401687 -0.2921004 0.758753 -0.5822125 1.92892e-7 0.7933534 -0.6087614 0.2920997 0.8282562 -0.4781939 0.6907851 0.626188 -0.3615308 0.9998063 0.01704412 -0.00984019 0.7033925 -0.6155722 0.3554012 0.2959483 -0.8272313 0.4776015 0.295946 -0.7578146 0.5814921 -0.2959483 -0.8272313 0.4776014 -0.7033863 -0.5639213 0.432713 -0.7033881 -0.6155757 0.3554036 -0.9998064 0.01704156 -0.009839653 -0.2921003 0.8282558 -0.4781944 0 0.9238795 -0.3826835 2.82104e-7 0.8660253 -0.5000002 0.6907839 0.6680214 -0.276704 0.9998067 0.01816838 -0.007524907 0.7033892 -0.6566982 0.2720134 0.2959483 -0.8824939 0.3655396 0 -0.8660248 0.5000012 -0.2959506 -0.8824927 0.3655405 -0.7033935 -0.656694 0.2720124 -0.6907917 0.6680145 -0.276701 -0.6907848 0.626189 -0.3615297 -0.2921006 0.8835867 -0.3659942 0.2921001 0.9237996 -0.2475317 0.2921004 0.8835869 -0.3659942 0.69079 0.6984179 -0.1871409 0.7033925 -0.6865817 0.1839691 0.2959506 -0.9226555 0.2472246 -1.44273e-6 -0.9238792 0.3826845 2.79965e-6 -0.9659259 0.2588191 -0.295946 -0.922657 0.2472252 -0.7033926 -0.6865817 0.1839689 -0.9998068 0.01816093 -0.007522583 -0.9998064 0.01901024 -0.005093812 -0.6907853 0.6984221 -0.1871426 -0.2921003 0.9237996 -0.2475318 0 0.9914449 -0.130526 1.66369e-7 0.9659261 -0.2588186 0.6907887 0.7168707 -0.094379 0.9998066 0.01900029 -0.005090236 0.9998068 0.0194869 -0.002565681 0.7033893 -0.7047239 0.09277868 -2.86165e-6 -0.9914449 0.1305261 -0.2959505 -0.9470315 0.1246792 -0.7033892 -0.704724 0.09277856 -0.9998068 0.0194866 -0.00256586 -0.6907857 0.7168738 -0.09437835 -0.2920993 0.948206 -0.1248337 0.2920997 0.9563879 5.41941e-7 0.2921007 0.9482057 -0.124833 0.6907823 0.7230629 3.76432e-7 0.9998064 0.01968055 0 0.7033925 -0.7108017 0 0.2959483 -0.955204 -7.83808e-7 0.2959459 -0.9470329 0.1246791 0 -1 2.8378e-7 -0.2959483 -0.955204 1.06383e-6 -0.7033952 -0.710799 9.00417e-7 -0.9998064 0.01968085 0 -0.2921002 0.9563877 4.27975e-7 0 1 0 0.2921007 0.9482055 0.1248337 0.6907917 0.7168679 0.09437811 0.9998068 0.01948654 0.00256592 0.703389 -0.7047241 -0.09277838 0.2959505 -0.9470314 -0.124679 2.87834e-6 -0.991445 -0.1305255 -0.2959461 -0.9470327 -0.1246795 -0.9998068 0.0194863 0.002565264 -0.6907919 0.7168678 0.09437757 -0.6907852 0.7230601 1.21289e-6 -0.2921012 0.9482055 0.1248336 0 0.991445 0.1305256 0.2920994 0.9237999 0.2475315 0.690784 0.6984236 0.1871418 0.9998066 0.01900017 0.005090355 0.7033926 -0.6865816 -0.1839686 0.2959461 -0.9226568 -0.2472254 -2.79965e-6 -0.9659259 -0.2588192 -0.2959507 -0.9226554 -0.2472251 -0.7033864 -0.7047268 -0.09277808 -0.7033926 -0.6865817 -0.1839687 -0.9998066 0.01899969 0.005089998 -0.6907871 0.698421 0.1871401 -0.2921003 0.9237996 0.2475311 0 0.9238796 0.3826833 0 0.9659261 0.2588183 0.2921007 0.8835868 0.365994 0.9998064 0.01818031 0.007530391 0.7033936 -0.6566939 -0.2720122 0.2959506 -0.8824927 -0.3655405 1.38789e-6 -0.9238793 -0.3826839 -0.7033936 -0.6566939 -0.2720121 -0.9998064 0.01817977 0.00753051 -0.6907821 0.6680231 0.2767043 -0.2920997 0.8835872 0.3659937 0 0.8660253 0.5000003 0.6907887 0.6261857 0.3615279 0.6907882 0.6680179 0.2767015 0.9998068 0.01702326 0.009828448 0.295946 -0.8272318 -0.4776021 -1.40699e-6 -0.8660253 -0.5000004 -0.2959483 -0.8824937 -0.3655399 -0.2959483 -0.8272315 -0.4776011 -0.9998068 0.01702123 0.009826898 -0.6907888 0.626185 0.3615289 -0.2920995 0.8282564 0.4781939 -1.61547e-7 0.7933534 0.6087615 0.2921004 0.8282558 0.4781942 0.6907839 0.573643 0.440172 0.9998066 0.01560407 0.01197272 0.7033881 -0.6155759 -0.3554034 0.7033908 -0.5639174 -0.4327108 0.2959507 -0.7578141 -0.5814905 1.50652e-6 -0.7933529 -0.608762 -0.2959484 -0.7578151 -0.5814903 -0.7033867 -0.6155778 -0.3554029 -0.7033924 -0.5639169 -0.432709 -0.9998066 0.01560628 0.01197385 -0.292101 0.7587534 0.5822116 0.2921003 0.6762682 0.6762684 0.2921006 0.7587534 0.5822118 0.9998067 0.01390606 0.01390498 0.7033864 -0.5026167 -0.5026173 0 -0.7071055 -0.7071082 -0.7033891 -0.502615 -0.5026153 -0.9998065 0.01391261 0.01391267 -0.690787 0.5736402 0.4401708 -0.2921003 0.6762685 0.6762681 -1.56724e-7 0.707107 0.7071067 0.2921003 0.5822122 0.7587533 0.6907868 0.5112787 0.5112804 0.9998066 0.01197355 0.01560288 0.7033906 -0.4327099 -0.5639182 0.2959485 -0.675432 -0.6754304 -1.39268e-6 -0.608761 -0.7933537 -0.2959484 -0.6754322 -0.6754303 -0.2959483 -0.5814923 -0.7578137 -0.7033948 -0.4327078 -0.5639148 -0.6907901 0.4401683 0.5736383 -0.6907853 0.5112797 0.5112816 -0.2921007 0.582212 0.7587532 0 0.6087613 0.7933534 0.2921 0.4781944 0.8282558 0.690787 0.4401693 0.5736414 0.9998066 0.009834468 0.01703214 0.7033933 -0.355401 -0.6155713 0.2959461 -0.5814917 -0.7578149 0.2959483 -0.4776012 -0.8272314 1.52861e-6 -0.5000007 -0.866025 -0.2959458 -0.4776023 -0.8272316 -0.9998068 0.009827315 0.01702141 -0.9998066 0.01197391 0.0156058 -0.6907888 0.3615292 0.6261848 -0.2921004 0.4781941 0.8282558 0 0.5000004 0.8660253 0.2920999 0.3659945 0.8835868 0.6907868 0.3615287 0.6261873 0.9998066 0.007527112 0.01817029 0.7033908 -0.2720142 -0.6566961 0.2959508 -0.3655405 -0.8824927 -0.2959483 -0.3655399 -0.8824937 -0.7033865 -0.3554043 -0.6155772 -0.703395 -0.2720118 -0.6566925 -0.9998063 0.007531523 0.01818257 -0.6907852 0.2767037 0.6680202 -0.2921006 0.365994 0.8835868 0 0.3826841 0.9238793 0.2920995 0.2475312 0.9237999 0.6907867 0.2767019 0.6680193 0.9998064 0.005093514 0.0190103 0.7033927 -0.1839691 -0.6865815 0.2959462 -0.2472252 -0.9226568 -1.19475e-6 -0.2588201 -0.9659256 1.6192e-6 -0.3826839 -0.9238793 -0.2959484 -0.2472243 -0.9226564 -0.9998068 0.005087614 0.01898771 -0.6907856 0.1871415 0.698422 -0.2920998 0.2475312 0.9237998 0 0.130526 0.9914449 0 0.2588185 0.965926 0.2921012 0.1248335 0.9482054 0.6907854 0.1871404 0.6984226 0.6907917 0.09437757 0.716868 0.9998068 0.002565562 0.01948672 0.7033866 -0.09277814 -0.7047266 0.2959485 -0.1246783 -0.9470322 -0.2959505 -0.1246791 -0.9470314 -0.7033907 -0.1839697 -0.6865834 -0.9998066 0.00256747 0.01949936 -0.2921016 0.1248335 0.9482053 0.2920991 0 0.9563882 0.6907819 0 0.7230632 0.9998063 0 0.01968109 0.7033979 0 -0.7107964 0.2959483 8.75951e-7 -0.955204 -1.22334e-6 -0.1305271 -0.9914448 2.38471e-7 0 -1 -0.2959482 -9.48946e-7 -0.9552041 -0.7033907 -0.0927785 -0.7047224 -0.9998067 7.57283e-7 0.01966518 -0.6907902 0.09437745 0.7168695 -0.690784 -1.58364e-7 0.7230612 -0.2920994 0 0.956388 -1.59135e-7 -0.130526 0.9914449 0 0 1 0.2921006 -0.1248337 0.9482055 0.6907916 -0.09437757 0.7168682 0.9998068 -0.002565503 0.01948636 0.2959484 0.1246801 -0.9470319 2.93319e-7 0.1305263 -0.9914448 -0.2959483 0.1246781 -0.9470323 -0.7033864 -7.28261e-7 -0.7108078 -0.703388 0.09277814 -0.7047253 -0.9998066 -0.00256592 0.01949948 -0.2921014 -0.1248333 0.9482054 1.66369e-7 -0.2588182 0.9659261 0.6907853 -0.1871404 0.6984227 0.9998064 -0.005093455 0.01901006 0.7033953 0.183969 -0.6865789 0.7033838 0.09277915 -0.7047292 0.2959484 0.247226 -0.9226559 4.31632e-7 0.2588191 -0.9659258 -0.7033907 0.1839696 -0.6865834 -0.9998066 -0.005089581 0.01899778 -0.690787 -0.09437906 0.7168723 -0.2921004 -0.2475308 0.9237997 0 -0.3826835 0.9238795 0.2921004 -0.2475311 0.9237996 0.6907869 -0.2767014 0.6680194 0.9998067 -0.00752592 0.01816785 0.7033891 0.2720131 -0.6566983 0.2959507 0.3655403 -0.8824928 1.80103e-6 0.3826838 -0.9238794 -0.2959484 0.2472241 -0.9226564 -0.7033935 0.2720108 -0.6566947 -0.9998064 -0.00753051 0.01818054 -0.69079 -0.1871405 0.6984179 -0.690782 -0.2767039 0.6680233 0 -0.5000002 0.8660254 0.2921001 -0.3659942 0.883587 0.6907838 -0.3615306 0.6261897 0.703395 0.3553988 -0.6155707 0.2959462 0.477602 -0.8272317 2.24167e-7 0.5 -0.8660256 -0.2959483 0.3655396 -0.8824939 -0.2959461 0.4776017 -0.8272318 -0.703388 0.3554024 -0.6155766 -0.6907886 -0.3615292 0.6261851 -0.2921003 -0.478194 0.828256 -0.2921002 -0.3659939 0.8835871 0 -0.6087616 0.7933534 0.2920995 -0.4781943 0.8282561 0.2921006 -0.582212 0.7587532 0.69079 -0.4401681 0.5736387 0.9998066 -0.009835779 0.01703488 0.9998066 -0.01197385 0.015603 0.2959488 0.581492 -0.7578137 -0.2959508 0.5814906 -0.7578139 -0.7033949 0.4327077 -0.5639146 -0.9998068 -0.009828209 0.0170235 -0.9998065 -0.01197409 0.01560592 -0.2921008 -0.582212 0.7587531 -2.67637e-7 -0.7071068 0.7071068 0.6907868 -0.5112785 0.5112808 0.9998066 -0.01390779 0.01390653 0.7033905 0.4327097 -0.5639185 0.2959485 0.6754317 -0.6754307 -1.29011e-6 0.608761 -0.7933537 0 0.7071065 -0.7071071 -0.703389 0.5026149 -0.5026153 -0.9998067 -0.0139048 0.01390576 -0.6907901 -0.4401684 0.5736384 -0.690787 -0.5112788 0.5112804 0.2920994 -0.7587534 0.5822123 0.2921009 -0.6762676 0.6762686 0.6907838 -0.5736428 0.4401723 0.9998067 -0.01560187 0.01197069 0.7033905 0.502614 -0.5026141 0.2959505 0.7578138 -0.5814909 1.61383e-6 0.7933536 -0.6087612 -0.2959485 0.6754305 -0.6754319 -0.2959485 0.7578136 -0.5814922 -0.7033922 0.5639168 -0.4327092 -0.9998066 -0.01560491 0.01197475 -0.690787 -0.5736403 0.4401707 -0.2921004 -0.6762684 0.676268 0 -0.7933533 0.6087616 0 -0.8660252 0.5000004 0.2921009 -0.828256 0.4781936 0.6907886 -0.6261858 0.3615278 0.7033883 0.6155756 -0.3554036 0.7033864 0.563921 -0.432713 0.295946 0.8272317 -0.4776021 -1.34261e-6 0.866026 -0.4999991 -0.7033892 0.615575 -0.3554026 -0.9998064 -0.01703959 0.009837448 -0.6907853 -0.6261879 0.3615307 -0.2921008 -0.7587531 0.582212 -0.2920997 -0.8282563 0.4781938 0.2921003 -0.8835869 0.365994 0.9998063 -0.01818269 0.007531464 0.9998068 -0.01702332 0.009828865 0.7033979 0.6566902 -0.27201 0.2959505 0.8824927 -0.3655405 2.93796e-6 0.9238795 -0.3826837 -0.2959485 0.8272304 -0.4776027 -0.2959461 0.882494 -0.3655412 -0.703395 0.6566927 -0.2720114 -0.6907838 -0.6680215 0.276704 1.37435e-7 -0.9238795 0.3826836 0.2921009 -0.9237992 0.2475321 0.6907852 -0.6680209 0.2767023 0.6907916 -0.6984163 0.1871407 0.9998068 -0.01898455 0.005087137 0.295946 0.9226569 -0.2472252 -2.63749e-6 0.9659258 -0.2588192 -0.2959507 0.9226554 -0.2472252 -0.9998068 -0.01898449 0.005086719 -0.9998066 -0.01817309 0.007526993 -0.6907918 -0.6984162 0.1871405 -0.2921009 -0.9237992 0.2475322 -0.2921006 -0.8835871 0.3659936 0 -0.9659258 0.2588194 0.2920994 -0.948206 0.1248336 0.690782 -0.7168772 0.09437942 0.9998064 -0.01951211 0.002569377 0.7033976 0.7047156 -0.0927776 0.7033841 0.6865897 -0.1839714 0.2959507 0.9470313 -0.1246795 2.96896e-6 0.991445 -0.1305263 -0.2959462 0.9470326 -0.1246798 -0.7033864 0.6865873 -0.1839716 -0.7033925 0.7047207 -0.0927785 -0.9998063 -0.01951229 0.002568602 -0.6907823 -0.7168769 0.09437888 -0.2921 -0.9482058 0.1248339 0 -1 -4.13511e-7 0 -0.9914449 0.130526 0.2921006 -0.9563876 -3.84934e-7 0.6907917 -0.7230539 4.41481e-7 0.9998068 -0.01965487 1.28179e-7 0.2959483 0.955204 -1.42282e-6 0 1 -2.40856e-7 -0.2959483 0.955204 1.08776e-6 -0.7033865 0.7108076 8.36266e-7 -0.9998068 -0.01965463 0 -0.6907918 -0.7230538 2.57347e-7 -0.2921006 -0.9563876 3.1704e-7 0 -0.991445 -0.1305256 0.6907837 -0.7168755 -0.09437841 0.9998066 -0.01950216 -0.002566695 0.7033923 0.7047209 0.09277838 0.7033864 0.7108077 -3.74005e-7 0.2959458 0.9470329 0.1246787 -2.8068e-6 0.9914449 0.130526 -0.2959505 0.9470314 0.1246793 -0.7033979 0.7047155 0.09277731 -0.9998066 -0.01950222 -0.002566874 -0.690784 -0.7168753 -0.09437853 -0.2920992 -0.9482061 -0.1248332 0.2921 -0.9237997 -0.2475314 0.2921003 -0.9482057 -0.1248339 0.9998066 -0.0189979 -0.005089938 0.7033908 0.6865829 0.1839706 0.2959504 0.9226556 0.2472244 2.90458e-6 0.9659259 0.2588189 -0.295946 0.9226569 0.2472254 -0.9998064 -0.01900547 -0.005092382 -0.2921007 -0.9237994 -0.2475317 1.80836e-7 -0.9659261 -0.2588182 0 -0.9238795 -0.3826836 0.690785 -0.6680208 -0.2767028 0.6907899 -0.6984181 -0.1871404 0.9998064 -0.01818025 -0.007530689 0.7033935 0.6566939 0.2720121 -1.42604e-6 0.9238793 0.3826842 -0.2959507 0.8824928 0.3655403 -0.7033867 0.6865875 0.1839694 -0.7033951 0.6566932 0.2720102 -0.6907868 -0.6680192 -0.2767019 -0.6907881 -0.6984198 -0.1871411 0.2920998 -0.8282564 -0.4781934 0.2921007 -0.883587 -0.3659937 0.6907839 -0.6261896 -0.3615304 0.9998066 -0.01703232 -0.009833931 0.295946 0.8272314 0.4776026 0.2959483 0.8824939 0.3655396 0 0.8660253 0.5000004 -0.295946 0.8272315 0.4776025 -0.9998066 -0.01703184 -0.009834587 -0.9998066 -0.01817291 -0.007527947 -0.6907867 -0.6261875 -0.3615286 -0.2921001 -0.883587 -0.3659941 0 -0.8660253 -0.5000002 0.2920997 -0.758754 -0.5822115 0.6907886 -0.5736392 -0.4401696 0.9998068 -0.01559334 -0.01196461 0.7033881 0.6155757 0.3554037 0.7033889 0.5639199 0.4327108 0.2959485 0.7578136 0.5814923 -0.2959505 0.7578137 0.581491 -0.7033892 0.5639198 0.4327104 -0.7033881 0.6155759 0.3554033 -0.9998068 -0.01559293 -0.01196503 -0.6907886 -0.5736401 -0.4401684 -0.2921008 -0.8282561 -0.4781935 -0.2921002 -0.7587535 -0.5822118 0 -0.7071074 -0.7071063 2.3147e-7 -0.7933539 -0.6087609 0.2921001 -0.6762684 -0.6762681 0.9998064 -0.01391631 -0.01391631 0.7033923 0.5026131 0.5026126 0.2959482 0.6754306 0.6754319 -1.50712e-6 0.7933543 0.6087602 0 0.7071071 0.7071066 -0.2959485 0.675432 0.6754304 -0.7033924 0.5026131 0.5026125 -0.9998064 -0.01391649 -0.01391631 -0.6907851 -0.5112816 -0.5112801 -0.2920997 -0.6762685 -0.6762682 2.26648e-7 -0.6087613 -0.7933534 0.2921007 -0.5822116 -0.7587535 0.6907849 -0.5112803 -0.5112814 0.6907901 -0.4401682 -0.5736384 0.9998067 -0.01197063 -0.01560169 0.7033866 0.4327117 0.5639219 0.2959505 0.5814906 0.7578141 1.46658e-6 0.6087605 0.793354 -0.7033866 0.4327118 0.5639219 -0.9998068 -0.01196503 -0.01559317 -0.6907855 -0.4401711 -0.5736419 0 -0.5000002 -0.8660254 0.6907887 -0.3615291 -0.6261851 0.7033905 0.3554018 0.6155741 1.15183e-6 0.4999995 0.8660257 -0.2959486 0.581492 0.7578136 -0.7033906 0.3554019 0.6155739 -0.9998066 -0.009834408 -0.01703166 -0.2920992 -0.4781941 -0.8282563 -0.2921006 -0.5822117 -0.7587534 -2.00125e-7 -0.3826835 -0.9238795 0.2921004 -0.4781935 -0.8282562 0.6907851 -0.2767035 -0.6680203 0.9998063 -0.007531464 -0.01818287 0.9998068 -0.009828805 -0.01702326 0.7033949 0.2720105 0.6566932 0.2959483 0.4776029 0.8272305 -3.18597e-6 0.3826836 0.9238796 -0.2959507 0.3655405 0.8824928 -0.295946 0.4776024 0.8272315 -0.7033934 0.2720126 0.656694 -0.9998064 -0.007530272 -0.01818001 -0.6907867 -0.3615288 -0.6261875 -0.2920999 -0.3659936 -0.8835872 0.2920999 -0.2475314 -0.9237997 0.2921008 -0.3659934 -0.883587 0.6907888 -0.1871415 -0.6984189 0.9998068 -0.005086839 -0.0189855 0.7033889 0.1839698 0.6865851 0.2959461 0.3655412 0.882494 0.2959483 0.247224 0.9226565 -1.24005e-7 0.2588193 0.9659259 -0.2959484 0.2472259 0.922656 -0.7033909 0.183971 0.6865828 -0.6907916 -0.1871401 -0.6984165 -0.6907852 -0.2767024 -0.6680207 -0.2921007 -0.2475314 -0.9237995 0 -0.258819 -0.9659259 -2.91748e-7 -0.1305263 -0.991445 0.6907823 -0.09437865 -0.716877 0.9998063 -0.0025689 -0.01951283 0.7033922 0.09277814 0.704721 0.2959482 0.124678 0.9470323 1.24006e-6 0.130527 0.9914448 -0.2959462 0.1246792 0.9470328 -0.7033908 0.09277969 0.7047223 -0.9998068 -0.005087673 -0.01898735 -0.9998066 -0.002568066 -0.0194993 -0.6907836 -0.09437829 -0.7168757 -0.2920994 -0.1248338 -0.948206 0.2920999 -0.1248334 -0.9482059 0.3831011 0.3534879 -0.8533933 -0.1135283 0.321595 -0.9400468 0.3831011 0.1802061 -0.9059577 0.3831064 -0.8533918 -0.3534855 0.5177148 -0.8529696 0.06644046 0.3830999 -0.9059584 -0.1802054 0.3831033 -0.9059568 0.1802063 0.3063414 -0.9519144 -0.003718376 0.733026 -0.6375972 0.2369449 0.3831007 -0.6531587 -0.6531597 0.5219523 -0.1312739 -0.8428126 0.3831053 -0.7680317 -0.513184 0.3830997 -0.513184 -0.7680345 -0.8206509 -0.2749988 -0.500907 0 0.374194 -0.9273504 0 -0.8352894 0.5498107 0.3830977 -0.3534865 -0.8533954 -0.02609753 -0.1696658 -0.9851561 0.3831036 -4.02026e-7 -0.9237054 0.3831028 -0.1802067 -0.9059569 0.9292085 3.66536e-7 -0.3695562 1 0 0 0.9292087 0.0720967 -0.3624545 -0.1965705 0.5882939 -0.7843918 0.3831009 0.5131844 -0.7680335 0 0.9353883 -0.3536224 0.3830951 0.6531606 -0.6531612 -0.01091969 -0.08947795 0.995929 0.3830981 0.7680342 -0.5131856 -0.8627012 0.3246536 -0.3877456 0.3831022 0.8533927 -0.353488 -0.7662827 0.4261856 -0.4808084 0.3830928 0.9059609 -0.1802074 -0.6073747 0.7031161 -0.3697617 0.3831003 0.9237068 0 -0.7878361 0.614077 0.04715794 -0.8023446 0.5961914 0.02826768 -0.9855976 -0.1674082 0.02391546 0.3830962 0.9059595 0.1802079 -0.4428476 0.7927652 0.4188193 0.383099 0.8533939 0.3534884 -0.8200204 0.4693869 0.3274793 0.3830984 0.7680341 0.5131855 -0.7532392 -0.008887648 0.6576868 0.3830952 0.6531602 0.6531615 -0.004686713 0.6191477 0.7852606 0.3831043 0.3534873 0.853392 0.3831027 0.5131846 0.7680327 0.3830958 0.1802066 0.9059599 0 -0.5467072 -0.8373239 -0.8195334 0.007409214 0.5729836 0 -0.9931506 0.1168412 0.3831034 -4.29666e-7 0.9237055 -0.02452474 -0.4992873 0.8660894 0.3831006 -0.3534853 0.8533945 0.383099 -0.1802067 0.9059585 0.3831029 -0.5131832 0.7680335 0 0.3699959 0.9290334 -0.4680013 -0.8573419 0.2143355 0 -0.9587981 -0.2840883 0.3830987 -0.6531605 0.6531591 0.4209657 -0.4838523 0.7672516 0.3831074 -0.7680316 0.5131824 0.4887772 -0.8711071 0.04763865 0.3830996 -0.8533943 0.3534866 0.6856803 0.7279028 0 0.685676 -2.53257e-7 0.7279068 0.6856721 -0.7279106 0 0.4775485 -0.8474968 -0.2317255 0.6856842 7.3548e-7 -0.7278992 0.9292089 0.1414228 0.341424 1 0 0 0.9292088 0.07209664 0.3624544 1 4.43519e-7 0 0.9292087 0.1414232 -0.3414248 0.9292085 3.00126e-7 0.3695561 1 4.40813e-7 0 1 4.17378e-7 2.19001e-7 0.9292086 0.2053142 -0.3072741 1 3.7892e-7 0 0.9292088 -0.07209628 0.3624545 1 0 2.81849e-7 0.9292084 0.261316 -0.2613157 0.9292081 -0.1414231 0.341426 1 0 1.52127e-7 1 4.91692e-7 0 0.9292089 0.3072738 -0.2053136 1 3.9513e-7 1.4538e-7 0.9292091 -0.2053132 0.3072735 0.9292085 0.3414253 -0.1414232 1 0 -1.22422e-7 0.9292086 -0.3695558 0 1 0 -1.36619e-7 0.9292089 -0.3624541 -0.07209676 1 0 0 0.9292089 -0.2613148 0.2613149 1 0 -1.36619e-7 0.9292088 0.3624544 -0.07209682 0.9292086 -0.3414249 -0.1414231 1 3.20591e-7 -1.22422e-7 0.9292091 -0.307273 0.2053138 1 5.53139e-7 0 0.9292086 0.3695558 0 1 0 0 1 5.53139e-7 0 0.9292088 -0.3072739 -0.205314 0.929208 -0.3414265 0.1414234 1 0 -1.22422e-7 1 0 -1.29966e-7 0.9292086 0.3624549 0.07209652 1 0 0 0.9292092 -0.2613143 -0.2613145 1 0 -1.3662e-7 0.9292092 -0.3624535 0.07209616 1 0 -1.3311e-7 0.9292086 0.3414251 0.1414225 0.9292089 -0.2053138 -0.3072739 1 4.91909e-7 -1.45381e-7 1 3.07299e-7 0 0.9292086 0.3072745 0.2053139 0.9292085 -0.1414226 -0.3414254 1 4.54529e-7 -1.44089e-7 1 0 -1.65912e-7 0.9292089 0.2613152 0.2613148 0.9292087 -0.07209628 -0.3624545 1 2.44981e-7 0 0.9292082 0.205315 0.3072751 1 3.20591e-7 -2.20854e-7 1 6.01107e-7 0 1 4.4352e-7 0 0.3831084 -0.9237035 0 0.685671 -0.5147109 0.5147117 0.6857007 -0.4043897 0.6052137 0.6856964 0.2785507 -0.6724805 0.6856952 0.1420038 -0.7139027 0.685701 -0.6052125 0.4043911 0.6856957 0.4043929 -0.6052171 0.6856976 -0.6724792 0.2785509 0.6856914 0.7139064 0.1420042 0.685696 -0.7139017 0.1420052 0.6856965 0.6724806 0.2785502 0.68568 0.5147055 -0.514705 0.6856951 0.6052184 0.4043921 0.685697 0.6052162 -0.4043923 0.6856698 0.5147125 0.5147114 0.6856957 0.6724813 -0.2785504 0.6856952 -0.7139024 -0.1420049 0.685696 0.4043923 0.6052172 0.6856912 0.7139066 -0.1420041 0.6856973 -0.6724798 -0.2785501 0.6857013 -0.6052124 -0.4043908 0.6856964 0.2785507 0.6724805 0.6856704 -0.5147115 -0.5147117 0.6856929 0.1420038 0.7139049 0.6856983 -0.4043906 -0.6052158 0.6856907 -0.1420043 -0.7139069 0.6856988 -0.2785503 -0.6724782 0.6856932 -0.1420047 0.7139045 0.6856964 -0.2785509 0.6724805 0.904532 0.3799321 0.1935815 0.5773605 0.3707028 -0.727485 0.9045339 0.1935817 -0.3799275 -0.577354 0.3706802 -0.7275016 -0.5773453 -0.3706677 0.7275149 -0.5773506 0.7275035 0.3706816 0.5773138 0.3706781 -0.7275346 -0.5773415 -0.7275016 -0.3706995 0.5773217 -0.370691 0.7275217 0.5773539 -0.7275014 -0.3706808 0.5773453 0.7274993 0.3706985 0.9045358 -0.3799295 -0.1935681 0.9045376 -0.1935891 0.3799148 0.5773507 -0.3706876 0.7275005 0.5773599 0.7275068 0.3706607 0.5773504 -0.7275038 -0.3706816 0.9045356 0.4211465 0.06671613 0.5773503 -0.1277207 0.8064454 0.5773488 0.8064453 0.1277282 -0.5773543 0.8064413 0.1277284 -0.5773453 -0.8064503 -0.1277117 -0.5773504 -0.1277283 0.8064441 0.5773454 0.8064505 0.1277113 -0.5773419 0.1277458 -0.8064474 0.5773213 -0.8064644 -0.1277317 0.5773213 0.1277313 -0.8064645 0.5773456 -0.1277456 0.8064449 0.9045318 0.06670325 -0.4211569 0.9045326 -0.4211548 -0.0667054 0.9045369 -0.06669288 0.4211475 0.5773646 0.1277064 -0.8064375 0.5773569 -0.8064354 -0.1277543 0.904536 -0.4211456 0.06671696 0.5773609 0.1277 0.8064411 0.9045332 0.06670558 0.4211533 -0.5773456 0.8064502 -0.1277114 -0.577345 -0.8064506 0.1277121 -0.5773504 0.1277279 0.8064442 0.5773139 0.1277482 0.806467 0.5773457 -0.1277447 -0.8064448 0.5773538 0.8064419 -0.1277269 0.5773223 -0.8064638 0.1277312 -0.5773504 -0.1277282 -0.8064441 0.904533 -0.0667026 -0.4211542 0.9045367 0.4211444 -0.06671619 0.5773606 -0.1276996 -0.8064413 0.5773504 -0.8064442 0.1277269 0.5773485 0.8064456 -0.1277273 0.904531 -0.1935891 -0.3799303 0.577351 -0.7275065 0.3706753 0.9045374 -0.3799254 0.1935685 -0.5773534 -0.7275025 0.3706796 -0.5773544 0.7275014 -0.3706802 -0.577342 -0.3706689 -0.727517 0.5773137 -0.7275194 0.3707082 -0.5773421 0.3706682 0.7275171 0.5773127 0.7275199 -0.3707086 0.5773539 0.3706798 0.7275019 0.5773527 -0.370681 -0.7275024 0.9045373 0.3799254 -0.1935689 0.9045318 0.1935876 0.3799291 0.5773506 0.7275073 -0.3706744 0.5773589 -0.3706964 -0.7274895 0.5773599 0.3706975 0.7274882 0.9045362 -0.3014976 -0.3015187 0.5773604 0.5773262 -0.5773642 0.5773506 -0.5773497 -0.5773506 -0.5773454 -0.5773648 -0.5773407 -0.577354 0.5773482 0.5773487 -0.5773423 0.5773665 -0.577342 0.5773123 -0.5773816 0.5773569 0.5773538 -0.5773485 -0.5773485 0.5773131 0.5773809 0.5773569 -0.5773501 -0.5773501 0.5773507 0.5773534 0.5773487 -0.5773488 0.9045331 -0.3015125 0.3015131 0.9045362 0.301499 0.3015175 0.9045339 0.3015124 -0.3015109 0.5773611 -0.5773258 0.577364 0.5773502 0.5773504 0.5773503 0.5957064 0.8032025 -7.42144e-6 -0.5957016 0.2482042 -0.7638941 -0.5956973 0.8032091 7.94892e-6 0.5956823 -0.6498185 -0.4721212 -0.5957018 -0.6498071 -0.4721125 -0.5956871 -0.6498207 0.4721124 0.5956873 -0.6498114 0.4721248 -0.5956872 0.2481999 0.7639069 0.5956972 0.2482125 0.7638949 0.5957022 0.2482044 -0.7638938</float_array>
          <technique_common>
            <accessor source="#Circle_006-mesh-normals-array" count="1069" stride="3">
              <param name="X" type="float"/>
              <param name="Y" type="float"/>
              <param name="Z" type="float"/>
            </accessor>
          </technique_common>
        </source>
        <source id="Circle_006-mesh-map-0">
          <float_array id="Circle_006-mesh-map-0-array" count="12216">0 0 0 0 0 0 0 0 0 0 0 0 0 0 0 0 0 0 0 0 0 0 0 0 0 0 0 0 0 0 0 0 0 0 0 0 0 0 0 0 0 0 0 0 0 0 0 0 0 0 0 0 0 0 0 0 0 0 0 0 0 0 0 0 0 0 0 0 0 0 0 0 0 0 0 0 0 0 0 0 0 0 0 0 0 0 0 0 0 0 0 0 0 0 0 0 0 0 0 0 0 0 0 0 0 0 0 0 0 0 0 0 0 0 0 0 0 0 0 0 0 0 0 0 0 0 0 0 0 0 0 0 0 0 0 0 0 0 0 0 0 0 0 0 0 0 0 0 0 0 0 0 0 0 0 0 0 0 0 0 0 0 0 0 0 0 0 0 0 0 0 0 0 0 0 0 0 0 0 0 0 0 0 0 0 0 0 0 0 0 0 0 0 0 0 0 0 0 0 0 0 0 0 0 0 0 0 0 0 0 0 0 0 0 0 0 0 0 0 0 0 0 0 0 0 0 0 0 0 0 0 0 0 0 0 0 0 0 0 0 0 0 0 0 0 0 0 0 0 0 0 0 0 0 0 0 0 0 0 0 0 0 0 0 0 0 0 0 0 0 0 0 0 0 0 0 0 0 0 0 0 0 0 0 0 0 0 0 0 0 0 0 0 0 0 0 0 0 0 0 0 0 0 0 0 0 0 0 0 0 0 0 0 0 0 0 0 0 0 0 0 0 0 0 0 0 0 0 0 0 0 0 0 0 0 0 0 0 0 0 0 0 0 0 0 0 0 0 0 0 0 0 0 0 0 0 0 0 0 0 0 0 0 0 0 0 0 0 0 0 0 0 0 0 0 0 0 0 0 0 0 0 0 0 0 0 0 0 0 0 0 0 0 0 0 0 0 0 0 0 0 0 0 0 0 0 0 0 0 0 0 0 0 0 0 0 0 0 0 0 0 0 0 0 0 0 0 0 0 0 0 0 0 0 0 0 0 0 0 0 0 0 0 0 0 0 0 0 0 0 0 0 0 0 0 0 0 0 0 0 0 0 0 0 0 0 0 0 0 0 0 0 0 0 0 0 0 0 0 0 0 0 0 0 0 0 0 0 0 0 0 0 0 0 0 0 0 0 0 0 0 0 0 0 0 0 0 0 0 0 0 0 0 0 0 0 0 0 0 0 0 0 0 0 0 0 0 0 0 0 0 0 0 0 0 0 0 0 0 0 0 0 0 0 0 0 0 0 0 0 0 0 0 0 0 0 0 0 0 0 0 0 0 0 0 0 0 0 0 0 0 0 0 0 0 0 0 0 0 0 0 0 0 0 0 0 0 0 0 0 0 0 0 0 0 0 0 0 0 0 0 0 0 0 0 0 0 0 0 0 0 0 0 0 0 0 0 0 0 0 0 0 0 0 0 0 0 0 0 0 0 0 0 0 0 0 0 0 0 0 0 0 0 0 0 0 0 0 0 0 0 0 0 0 0 0 0 0 0 0 0 0 0 0 0 0 0 0 0 0 0 0 0 0 0 0 0 0 0 0 0 0 0 0 0 0 0 0 0 0 0 0 0 0 0 0 0 0 0 0 0 0 0 0 0 0 0 0 0 0 0 0 0 0 0 0 0 0 0 0 0 0 0 0 0 0 0 0 0 0 0 0 0 0 0 0 0 0 0 0 0 0 0 0 0 0 0 0 0 0 0 0 0 0 0 0 0 0 0 0 0 0 0 0 0 0 0 0 0 0 0 0 0 0 0.7813878 0.7813878 0.7813878 0.2186122 0.7813878 0.7813878 1 0 0 1 0 0 1 0 0 0 0 0 1 1 1 0 1 0 0 1 0 0 0 1 0 1 1 1 1 1 0.2186122 0.2186122 0 1 0.2186122 0.7813878 0.2186122 0.2186122 1 0 0 0 0.7813878 0.2186122 1 1 1 0 0.2186122 0.7813878 1 1 0.7813878 0.7813878 0.2186122 0.2186122 0.7813878 0.7813878 0.7813878 0.2186122 0.2186122 0.7813878 0.2186122 0.2186122 0.2186122 0.2186122 0.2186122 0.7813878 0.7813878 0.7813878 0.2186122 0.7813878 0.2186122 0.2186122 0.7813878 0.2186122 0.7813878 0.2186122 0.7813878 0.2186122 0.7813878 0.7813878 0.7813878 0.7813878 0 0 1 1 0 1 1 0 0 0 0 0 1 0 1 1 1 0 0 0 0 1 0 1 1 1 0 1 1 1 0.2186122 0.7813878 0 0 0 1 0.7813878 0.2186122 0 0 0.2186122 0.2186122 0.7813878 0.2186122 1 1 1 0 0.7813878 0.7813878 0 1 1 1 0.2186122 0.7813878 0.7813878 0.2186122 0.2186122 0.2186122 0.2186122 0.7813878 0.2186122 0.2186122 0.2186122 0.2186122 0.7813878 0.7813878 0.2186122 0.7813878 0.2186122 0.7813878 0.2186122 0.2186122 0.7813878 0.2186122 0.7813878 0.2186122 0.7813878 0.2186122 0.7813878 0.7813878 0.7813878 0.7813878 1 0 0 1 0 0 1 0 0 0 0 0 1 1 1 0 1 0 0 0 0 1 0 1 1 1 0 1 1 1 0.2186122 0.2186122 0 1 0.2186122 0.7813878 0.7813878 0.2186122 0 0 0.2186122 0.2186122 0.7813878 0.2186122 1 1 1 0 0.2186122 0.7813878 1 1 0.7813878 0.7813878 0.2186122 0.2186122 0.7813878 0.7813878 0.7813878 0.2186122 0.2186122 0.7813878 0.2186122 0.2186122 0.2186122 0.2186122 0.7813878 0.7813878 0.2186122 0.7813878 0.2186122 0.7813878 0.2186122 0.2186122 0.7813878 0.2186122 0.7813878 0.2186122 0.7813878 0.2186122 0.7813878 0.7813878 0.7813878 0.7813878 1 0 0 1 0 0 1 0 0 0 0 0 1 1 1 0 1 0 0 0 0 1 0 1 0 1 1 1 1 1 0.2186122 0.7813878 0 0 0 1 0.7813878 0.2186122 0 0 0.2186122 0.2186122 0.7813878 0.2186122 1 1 1 0 0.7813878 0.7813878 0 1 1 1 0.2186122 0.2186122 0.7813878 0.7813878 0.7813878 0.2186122 0.2186122 0.7813878 0.2186122 0.2186122 0.2186122 0.2186122 0.2186122 0.7813878 0.7813878 0.7813878 0.2186122 0.7813878 0.2186122 0.2186122 0.7813878 0.2186122 0.7813878 0.2186122 0.7813878 0.2186122 0.7813878 0.7813878 0.7813878 0.7813878 0 0 1 1 0 1 0 0 1 0 0 0 1 1 1 0 1 0 0 0 0 1 0 1 0 1 1 1 1 1 0.2186122 0.7813878 0 0 0 1 0.2186122 0.2186122 1 0 0 0 0.7813878 0.7813878 1 0 0.7813878 0.2186122 0.2186122 0.7813878 1 1 0.7813878 0.7813878 0.2186122 0.2186122 0.7813878 0.7813878 0.7813878 0.2186122 0.2186122 0.7813878 0.2186122 0.2186122 0.2186122 0.2186122 0.2186122 0.7813878 0.7813878 0.7813878 0.2186122 0.7813878 0.2186122 0.2186122 0.7813878 0.2186122 0.7813878 0.2186122 1 0.5 0.8 1 0.8 0.5 0.8 1 0.6 0.5 0.8 0.5 0.6 1 0.4 0.5 0.6 0.5 0.25 0.49 0.02174639 0.3241641 0.1089315 0.0558359 0.4 1 0.2 0.5 0.4 0.5 0.2 0.5 0 1 0 0.5 0.9782536 0.3241641 0.6089316 0.0558359 0.5217465 0.3241641 0.5 0.5 0.5208333 0.5833333 0.5 0.5833333 0.5 0.5833333 0.5208333 0.6666667 0.5 0.6666667 0.5 0.6666667 0.5208333 0.75 0.5 0.75 0.5 0.75 0.5208333 0.8333333 0.5 0.8333333 0.5 0.8333333 0.5208333 0.9166667 0.5 0.9166667 0.5 0.9166667 0.5208333 1 0.5 1 0.5208333 0 0.5 0.08333331 0.5 0 0.5208333 0.08333331 0.5 0.1666666 0.5 0.08333331 0.5 0.1666666 0.5208333 0.25 0.5 0.25 0.5 0.25 0.5208333 0.3333333 0.5 0.3333333 0.5208333 0.3333333 0.5 0.4166666 0.5 0.3333333 0.5208333 0.4166666 0.5 0.5 0.5 0.4166666 0.5416667 0.5 0.5208333 0.5833333 0.5208333 0.5 0.5416667 0.5833333 0.5208333 0.6666667 0.5208333 0.5833333 0.5416667 0.6666667 0.5208333 0.75 0.5208333 0.6666667 0.5416667 0.75 0.5208333 0.8333333 0.5208333 0.75 0.5416667 0.8333333 0.5208333 0.9166667 0.5208333 0.8333333 0.5208333 0.9166667 0.5416667 1 0.5208333 1 0.5416667 0 0.5208333 0.08333331 0.5208333 0 0.5208333 0.08333331 0.5416667 0.1666666 0.5208333 0.1666666 0.5208333 0.1666666 0.5416667 0.25 0.5208333 0.25 0.5416667 0.25 0.5208333 0.3333333 0.5208333 0.25 0.5416667 0.3333333 0.5208333 0.4166666 0.5208333 0.3333333 0.5208333 0.4166666 0.5416667 0.5 0.5208333 0.5 0.5625 0.5 0.5416667 0.5833333 0.5416667 0.5 0.5625 0.5833333 0.5416667 0.6666667 0.5416667 0.5833333 0.5416667 0.6666667 0.5625 0.75 0.5416667 0.75 0.5416667 0.75 0.5625 0.8333333 0.5416667 0.8333333 0.5416667 0.8333333 0.5625 0.9166667 0.5416667 0.9166667 0.5416667 0.9166667 0.5625 1 0.5416667 1 0.5416667 0 0.5625 0.08333331 0.5416667 0.08333331 0.5625 0.08333331 0.5416667 0.1666666 0.5416667 0.08333331 0.5416667 0.1666666 0.5625 0.25 0.5416667 0.25 0.5416667 0.25 0.5625 0.3333333 0.5416667 0.3333333 0.5625 0.3333333 0.5416667 0.4166666 0.5416667 0.3333333 0.5625 0.4166666 0.5416667 0.5 0.5416667 0.4166666 0.5833333 0.5 0.5625 0.5833333 0.5625 0.5 0.5833333 0.5833333 0.5625 0.6666667 0.5625 0.5833333 0.5625 0.6666667 0.5833333 0.75 0.5625 0.75 0.5833333 0.75 0.5625 0.8333333 0.5625 0.75 0.5833333 0.8333333 0.5625 0.9166667 0.5625 0.8333333 0.5833333 0.9166667 0.5625 1 0.5625 0.9166667 0.5833333 0 0.5625 0.08333331 0.5625 0 0.5833333 0.08333331 0.5625 0.1666666 0.5625 0.08333331 0.5625 0.1666666 0.5833333 0.25 0.5625 0.25 0.5625 0.25 0.5833333 0.3333333 0.5625 0.3333333 0.5833333 0.3333333 0.5625 0.4166666 0.5625 0.3333333 0.5833333 0.4166666 0.5625 0.5 0.5625 0.4166666 0.5833333 0.5 0.6041667 0.5833333 0.5833333 0.5833333 0.6041667 0.5833333 0.5833333 0.6666667 0.5833333 0.5833333 0.5833333 0.6666667 0.6041667 0.75 0.5833333 0.75 0.6041667 0.75 0.5833333 0.8333333 0.5833333 0.75 0.6041667 0.8333333 0.5833333 0.9166667 0.5833333 0.8333333 0.6041667 0.9166667 0.5833333 1 0.5833333 0.9166667 0.5833333 0 0.6041667 0.08333331 0.5833333 0.08333331 0.6041667 0.08333331 0.5833333 0.1666666 0.5833333 0.08333331 0.5833333 0.1666666 0.6041667 0.25 0.5833333 0.25 0.5833333 0.25 0.6041667 0.3333333 0.5833333 0.3333333 0.6041667 0.3333333 0.5833333 0.4166666 0.5833333 0.3333333 0.5833333 0.4166666 0.6041667 0.5 0.5833333 0.5 0.625 0.5 0.6041667 0.5833333 0.6041667 0.5 0.625 0.5833333 0.6041667 0.6666667 0.6041667 0.5833333 0.6041667 0.6666667 0.625 0.75 0.6041667 0.75 0.625 0.75 0.6041667 0.8333333 0.6041667 0.75 0.625 0.8333333 0.6041667 0.9166667 0.6041667 0.8333333 0.6041667 0.9166667 0.625 1 0.6041667 1 0.6041667 0 0.625 0.08333331 0.6041667 0.08333331 0.625 0.08333331 0.6041667 0.1666666 0.6041667 0.08333331 0.6041667 0.1666666 0.625 0.25 0.6041667 0.25 0.6041667 0.25 0.625 0.3333333 0.6041667 0.3333333 0.6041667 0.3333333 0.625 0.4166666 0.6041667 0.4166666 0.625 0.4166666 0.6041667 0.5 0.6041667 0.4166666 0.625 0.5 0.6458333 0.5833333 0.625 0.5833333 0.625 0.5833333 0.6458333 0.6666667 0.625 0.6666667 0.6458333 0.6666667 0.625 0.75 0.625 0.6666667 0.6458333 0.75 0.625 0.8333333 0.625 0.75 0.6458333 0.8333333 0.625 0.9166667 0.625 0.8333333 0.625 0.9166667 0.6458333 1 0.625 1 0.625 0 0.6458333 0.08333331 0.625 0.08333331 0.6458333 0.08333331 0.625 0.1666666 0.625 0.08333331 0.625 0.1666666 0.6458333 0.25 0.625 0.25 0.625 0.25 0.6458333 0.3333333 0.625 0.3333333 0.625 0.3333333 0.6458333 0.4166666 0.625 0.4166666 0.6458333 0.4166666 0.625 0.5 0.625 0.4166666 0.6458333 0.5 0.6666667 0.5833333 0.6458333 0.5833333 0.6458333 0.5833333 0.6666667 0.6666667 0.6458333 0.6666667 0.6458333 0.6666667 0.6666667 0.75 0.6458333 0.75 0.6458333 0.75 0.6666667 0.8333333 0.6458333 0.8333333 0.6458333 0.8333333 0.6666667 0.9166667 0.6458333 0.9166667 0.6666667 0.9166667 0.6458333 1 0.6458333 0.9166667 0.6458333 0 0.6666667 0.08333331 0.6458333 0.08333331 0.6666667 0.08333331 0.6458333 0.1666666 0.6458333 0.08333331 0.6666667 0.1666666 0.6458333 0.25 0.6458333 0.1666666 0.6666667 0.25 0.6458333 0.3333333 0.6458333 0.25 0.6458333 0.3333333 0.6666667 0.4166666 0.6458333 0.4166666 0.6666667 0.4166666 0.6458333 0.5 0.6458333 0.4166666 0.6875 0.5 0.6666667 0.5833333 0.6666667 0.5 0.6666667 0.5833333 0.6875 0.6666667 0.6666667 0.6666667 0.6875 0.6666667 0.6666667 0.75 0.6666667 0.6666667 0.6875 0.75 0.6666667 0.8333333 0.6666667 0.75 0.6875 0.8333333 0.6666667 0.9166667 0.6666667 0.8333333 0.6875 0.9166667 0.6666667 1 0.6666667 0.9166667 0.6666667 0 0.6875 0.08333331 0.6666667 0.08333331 0.6666667 0.08333331 0.6875 0.1666666 0.6666667 0.1666666 0.6875 0.1666666 0.6666667 0.25 0.6666667 0.1666666 0.6666667 0.25 0.6875 0.3333333 0.6666667 0.3333333 0.6666667 0.3333333 0.6875 0.4166666 0.6666667 0.4166666 0.6875 0.4166666 0.6666667 0.5 0.6666667 0.4166666 0.6875 0.5 0.7083333 0.5833333 0.6875 0.5833333 0.7083333 0.5833333 0.6875 0.6666667 0.6875 0.5833333 0.7083333 0.6666667 0.6875 0.75 0.6875 0.6666667 0.6875 0.75 0.7083333 0.8333333 0.6875 0.8333333 0.6875 0.8333333 0.7083333 0.9166667 0.6875 0.9166667 0.7083333 0.9166667 0.6875 1 0.6875 0.9166667 0.7083333 0 0.6875 0.08333331 0.6875 0 0.7083333 0.08333331 0.6875 0.1666666 0.6875 0.08333331 0.7083333 0.1666666 0.6875 0.25 0.6875 0.1666666 0.7083333 0.25 0.6875 0.3333333 0.6875 0.25 0.7083333 0.3333333 0.6875 0.4166666 0.6875 0.3333333 0.7083333 0.4166666 0.6875 0.5 0.6875 0.4166666 0.7291667 0.5 0.7083333 0.5833333 0.7083333 0.5 0.7083333 0.5833333 0.7291667 0.6666667 0.7083333 0.6666667 0.7291667 0.6666667 0.7083333 0.75 0.7083333 0.6666667 0.7291667 0.75 0.7083333 0.8333333 0.7083333 0.75 0.7291667 0.8333333 0.7083333 0.9166667 0.7083333 0.8333333 0.7083333 0.9166667 0.7291667 1 0.7083333 1 0.7083333 0 0.7291667 0.08333331 0.7083333 0.08333331 0.7083333 0.08333331 0.7291667 0.1666666 0.7083333 0.1666666 0.7083333 0.1666666 0.7291667 0.25 0.7083333 0.25 0.7083333 0.25 0.7291667 0.3333333 0.7083333 0.3333333 0.7291667 0.3333333 0.7083333 0.4166666 0.7083333 0.3333333 0.7291667 0.4166666 0.7083333 0.5 0.7083333 0.4166666 0.7291667 0.5 0.75 0.5833333 0.7291667 0.5833333 0.7291667 0.5833333 0.75 0.6666667 0.7291667 0.6666667 0.7291667 0.6666667 0.75 0.75 0.7291667 0.75 0.7291667 0.75 0.75 0.8333333 0.7291667 0.8333333 0.7291667 0.8333333 0.75 0.9166667 0.7291667 0.9166667 0.75 0.9166667 0.7291667 1 0.7291667 0.9166667 0.75 0 0.7291667 0.08333331 0.7291667 0 0.75 0.08333331 0.7291667 0.1666666 0.7291667 0.08333331 0.75 0.1666666 0.7291667 0.25 0.7291667 0.1666666 0.75 0.25 0.7291667 0.3333333 0.7291667 0.25 0.7291667 0.3333333 0.75 0.4166666 0.7291667 0.4166666 0.7291667 0.4166666 0.75 0.5 0.7291667 0.5 0.75 0.5 0.7708333 0.5833333 0.75 0.5833333 0.7708333 0.5833333 0.75 0.6666667 0.75 0.5833333 0.7708333 0.6666667 0.75 0.75 0.75 0.6666667 0.7708333 0.75 0.75 0.8333333 0.75 0.75 0.7708333 0.8333333 0.75 0.9166667 0.75 0.8333333 0.7708333 0.9166667 0.75 1 0.75 0.9166667 0.7708333 0 0.75 0.08333331 0.75 0 0.7708333 0.08333331 0.75 0.1666666 0.75 0.08333331 0.75 0.1666666 0.7708333 0.25 0.75 0.25 0.75 0.25 0.7708333 0.3333333 0.75 0.3333333 0.75 0.3333333 0.7708333 0.4166666 0.75 0.4166666 0.75 0.4166666 0.7708333 0.5 0.75 0.5 0.7708333 0.5 0.7916667 0.5833333 0.7708333 0.5833333 0.7708333 0.5833333 0.7916667 0.6666667 0.7708333 0.6666667 0.7708333 0.6666667 0.7916667 0.75 0.7708333 0.75 0.7708333 0.75 0.7916667 0.8333333 0.7708333 0.8333333 0.7708333 0.8333333 0.7916667 0.9166667 0.7708333 0.9166667 0.7708333 0.9166667 0.7916667 1 0.7708333 1 0.7708333 0 0.7916667 0.08333331 0.7708333 0.08333331 0.7916667 0.08333331 0.7708333 0.1666666 0.7708333 0.08333331 0.7916667 0.1666666 0.7708333 0.25 0.7708333 0.1666666 0.7916667 0.25 0.7708333 0.3333333 0.7708333 0.25 0.7916667 0.3333333 0.7708333 0.4166666 0.7708333 0.3333333 0.7916667 0.4166666 0.7708333 0.5 0.7708333 0.4166666 0.8125 0.5 0.7916667 0.5833333 0.7916667 0.5 0.8125 0.5833333 0.7916667 0.6666667 0.7916667 0.5833333 0.7916667 0.6666667 0.8125 0.75 0.7916667 0.75 0.8125 0.75 0.7916667 0.8333333 0.7916667 0.75 0.8125 0.8333333 0.7916667 0.9166667 0.7916667 0.8333333 0.8125 0.9166667 0.7916667 1 0.7916667 0.9166667 0.8125 0 0.7916667 0.08333331 0.7916667 0 0.7916667 0.08333331 0.8125 0.1666666 0.7916667 0.1666666 0.7916667 0.1666666 0.8125 0.25 0.7916667 0.25 0.8125 0.25 0.7916667 0.3333333 0.7916667 0.25 0.8125 0.3333333 0.7916667 0.4166666 0.7916667 0.3333333 0.8125 0.4166666 0.7916667 0.5 0.7916667 0.4166666 0.8333333 0.5 0.8125 0.5833333 0.8125 0.5 0.8125 0.5833333 0.8333333 0.6666667 0.8125 0.6666667 0.8333333 0.6666667 0.8125 0.75 0.8125 0.6666667 0.8333333 0.75 0.8125 0.8333333 0.8125 0.75 0.8125 0.8333333 0.8333333 0.9166667 0.8125 0.9166667 0.8125 0.9166667 0.8333333 1 0.8125 1 0.8333333 0 0.8125 0.08333331 0.8125 0 0.8333333 0.08333331 0.8125 0.1666666 0.8125 0.08333331 0.8125 0.1666666 0.8333333 0.25 0.8125 0.25 0.8125 0.25 0.8333333 0.3333333 0.8125 0.3333333 0.8125 0.3333333 0.8333333 0.4166666 0.8125 0.4166666 0.8333333 0.4166666 0.8125 0.5 0.8125 0.4166666 0.8541667 0.5 0.8333333 0.5833333 0.8333333 0.5 0.8333333 0.5833333 0.8541667 0.6666667 0.8333333 0.6666667 0.8333333 0.6666667 0.8541667 0.75 0.8333333 0.75 0.8541667 0.75 0.8333333 0.8333333 0.8333333 0.75 0.8541667 0.8333333 0.8333333 0.9166667 0.8333333 0.8333333 0.8541667 0.9166667 0.8333333 1 0.8333333 0.9166667 0.8541667 0 0.8333333 0.08333331 0.8333333 0 0.8541667 0.08333331 0.8333333 0.1666666 0.8333333 0.08333331 0.8541667 0.1666666 0.8333333 0.25 0.8333333 0.1666666 0.8541667 0.25 0.8333333 0.3333333 0.8333333 0.25 0.8333333 0.3333333 0.8541667 0.4166666 0.8333333 0.4166666 0.8333333 0.4166666 0.8541667 0.5 0.8333333 0.5 0.8541667 0.5 0.875 0.5833333 0.8541667 0.5833333 0.875 0.5833333 0.8541667 0.6666667 0.8541667 0.5833333 0.8541667 0.6666667 0.875 0.75 0.8541667 0.75 0.875 0.75 0.8541667 0.8333333 0.8541667 0.75 0.875 0.8333333 0.8541667 0.9166667 0.8541667 0.8333333 0.8541667 0.9166667 0.875 1 0.8541667 1 0.875 0 0.8541667 0.08333331 0.8541667 0 0.8541667 0.08333331 0.875 0.1666666 0.8541667 0.1666666 0.8541667 0.1666666 0.875 0.25 0.8541667 0.25 0.875 0.25 0.8541667 0.3333333 0.8541667 0.25 0.8541667 0.3333333 0.875 0.4166666 0.8541667 0.4166666 0.875 0.4166666 0.8541667 0.5 0.8541667 0.4166666 0.875 0.5 0.8958333 0.5833333 0.875 0.5833333 0.8958333 0.5833333 0.875 0.6666667 0.875 0.5833333 0.875 0.6666667 0.8958333 0.75 0.875 0.75 0.875 0.75 0.8958333 0.8333333 0.875 0.8333333 0.8958333 0.8333333 0.875 0.9166667 0.875 0.8333333 0.875 0.9166667 0.8958333 1 0.875 1 0.8958333 0 0.875 0.08333331 0.875 0 0.8958333 0.08333331 0.875 0.1666666 0.875 0.08333331 0.8958333 0.1666666 0.875 0.25 0.875 0.1666666 0.875 0.25 0.8958333 0.3333333 0.875 0.3333333 0.875 0.3333333 0.8958333 0.4166666 0.875 0.4166666 0.8958333 0.4166666 0.875 0.5 0.875 0.4166666 0.8958333 0.5 0.9166667 0.5833333 0.8958333 0.5833333 0.9166667 0.5833333 0.8958333 0.6666667 0.8958333 0.5833333 0.8958333 0.6666667 0.9166667 0.75 0.8958333 0.75 0.8958333 0.75 0.9166667 0.8333333 0.8958333 0.8333333 0.9166667 0.8333333 0.8958333 0.9166667 0.8958333 0.8333333 0.9166667 0.9166667 0.8958333 1 0.8958333 0.9166667 0.9166667 0 0.8958333 0.08333331 0.8958333 0 0.9166667 0.08333331 0.8958333 0.1666666 0.8958333 0.08333331 0.8958333 0.1666666 0.9166667 0.25 0.8958333 0.25 0.8958333 0.25 0.9166667 0.3333333 0.8958333 0.3333333 0.9166667 0.3333333 0.8958333 0.4166666 0.8958333 0.3333333 0.9166667 0.4166666 0.8958333 0.5 0.8958333 0.4166666 0.9166667 0.5 0.9375 0.5833333 0.9166667 0.5833333 0.9375 0.5833333 0.9166667 0.6666667 0.9166667 0.5833333 0.9166667 0.6666667 0.9375 0.75 0.9166667 0.75 0.9166667 0.75 0.9375 0.8333333 0.9166667 0.8333333 0.9166667 0.8333333 0.9375 0.9166667 0.9166667 0.9166667 0.9375 0.9166667 0.9166667 1 0.9166667 0.9166667 0.9166667 0 0.9375 0.08333331 0.9166667 0.08333331 0.9375 0.08333331 0.9166667 0.1666666 0.9166667 0.08333331 0.9375 0.1666666 0.9166667 0.25 0.9166667 0.1666666 0.9375 0.25 0.9166667 0.3333333 0.9166667 0.25 0.9375 0.3333333 0.9166667 0.4166666 0.9166667 0.3333333 0.9375 0.4166666 0.9166667 0.5 0.9166667 0.4166666 0.9375 0.5 0.9583333 0.5833333 0.9375 0.5833333 0.9583333 0.5833333 0.9375 0.6666667 0.9375 0.5833333 0.9375 0.6666667 0.9583333 0.75 0.9375 0.75 0.9375 0.75 0.9583333 0.8333333 0.9375 0.8333333 0.9375 0.8333333 0.9583333 0.9166667 0.9375 0.9166667 0.9375 0.9166667 0.9583333 1 0.9375 1 0.9375 0 0.9583333 0.08333331 0.9375 0.08333331 0.9583333 0.08333331 0.9375 0.1666666 0.9375 0.08333331 0.9375 0.1666666 0.9583333 0.25 0.9375 0.25 0.9375 0.25 0.9583333 0.3333333 0.9375 0.3333333 0.9583333 0.3333333 0.9375 0.4166666 0.9375 0.3333333 0.9583333 0.4166666 0.9375 0.5 0.9375 0.4166666 0.9791667 0.5 0.9583333 0.5833333 0.9583333 0.5 0.9791667 0.5833333 0.9583333 0.6666667 0.9583333 0.5833333 0.9791667 0.6666667 0.9583333 0.75 0.9583333 0.6666667 0.9791667 0.75 0.9583333 0.8333333 0.9583333 0.75 0.9791667 0.8333333 0.9583333 0.9166667 0.9583333 0.8333333 0.9791667 0.9166667 0.9583333 1 0.9583333 0.9166667 0.9583333 0 0.9791667 0.08333331 0.9583333 0.08333331 0.9791667 0.08333331 0.9583333 0.1666666 0.9583333 0.08333331 0.9583333 0.1666666 0.9791667 0.25 0.9583333 0.25 0.9791667 0.25 0.9583333 0.3333333 0.9583333 0.25 0.9583333 0.3333333 0.9791667 0.4166666 0.9583333 0.4166666 0.9583333 0.4166666 0.9791667 0.5 0.9583333 0.5 0.9791667 0.5 1 0.5833333 0.9791667 0.5833333 0.9791667 0.5833333 1 0.6666667 0.9791667 0.6666667 0.9791667 0.6666667 1 0.75 0.9791667 0.75 0.9791667 0.75 1 0.8333333 0.9791667 0.8333333 1 0.8333333 0.9791667 0.9166667 0.9791667 0.8333333 1 0.9166667 0.9791667 1 0.9791667 0.9166667 1 0 0.9791667 0.08333331 0.9791667 0 1 0.08333331 0.9791667 0.1666666 0.9791667 0.08333331 0.9791667 0.1666666 1 0.25 0.9791667 0.25 1 0.25 0.9791667 0.3333333 0.9791667 0.25 1 0.3333333 0.9791667 0.4166666 0.9791667 0.3333333 1 0.4166666 0.9791667 0.5 0.9791667 0.4166666 0.02083331 0.5 0 0.5833333 0 0.5 0.02083331 0.5833333 0 0.6666667 0 0.5833333 0.02083331 0.6666667 0 0.75 0 0.6666667 0.02083331 0.75 0 0.8333333 0 0.75 0 0.8333333 0.02083331 0.9166667 0 0.9166667 0.02083331 0.9166667 0 1 0 0.9166667 0.02083331 0 0 0.08333331 0 0 0.02083331 0.08333331 0 0.1666666 0 0.08333331 0.02083331 0.1666666 0 0.25 0 0.1666666 0.02083331 0.25 0 0.3333333 0 0.25 0 0.3333333 0.02083331 0.4166666 0 0.4166666 0 0.4166666 0.02083331 0.5 0 0.5 0.04166662 0.5 0.02083331 0.5833333 0.02083331 0.5 0.02083331 0.5833333 0.04166662 0.6666667 0.02083331 0.6666667 0.02083331 0.6666667 0.04166662 0.75 0.02083331 0.75 0.02083331 0.75 0.04166662 0.8333333 0.02083331 0.8333333 0.04166662 0.8333333 0.02083331 0.9166667 0.02083331 0.8333333 0.04166662 0.9166667 0.02083331 1 0.02083331 0.9166667 0.04166662 0 0.02083331 0.08333331 0.02083331 0 0.02083331 0.08333331 0.04166662 0.1666666 0.02083331 0.1666666 0.04166662 0.1666666 0.02083331 0.25 0.02083331 0.1666666 0.04166662 0.25 0.02083331 0.3333333 0.02083331 0.25 0.02083331 0.3333333 0.04166662 0.4166666 0.02083331 0.4166666 0.04166662 0.4166666 0.02083331 0.5 0.02083331 0.4166666 0.0625 0.5 0.04166662 0.5833333 0.04166662 0.5 0.04166662 0.5833333 0.0625 0.6666667 0.04166662 0.6666667 0.0625 0.6666667 0.04166662 0.75 0.04166662 0.6666667 0.0625 0.75 0.04166662 0.8333333 0.04166662 0.75 0.0625 0.8333333 0.04166662 0.9166667 0.04166662 0.8333333 0.0625 0.9166667 0.04166662 1 0.04166662 0.9166667 0.0625 0 0.04166662 0.08333331 0.04166662 0 0.04166662 0.08333331 0.0625 0.1666666 0.04166662 0.1666666 0.0625 0.1666666 0.04166662 0.25 0.04166662 0.1666666 0.0625 0.25 0.04166662 0.3333333 0.04166662 0.25 0.0625 0.3333333 0.04166662 0.4166666 0.04166662 0.3333333 0.04166662 0.4166666 0.0625 0.5 0.04166662 0.5 0.08333331 0.5 0.0625 0.5833333 0.0625 0.5 0.0625 0.5833333 0.08333331 0.6666667 0.0625 0.6666667 0.08333331 0.6666667 0.0625 0.75 0.0625 0.6666667 0.0625 0.75 0.08333331 0.8333333 0.0625 0.8333333 0.0625 0.8333333 0.08333331 0.9166667 0.0625 0.9166667 0.0625 0.9166667 0.08333331 1 0.0625 1 0.08333331 0 0.0625 0.08333331 0.0625 0 0.08333331 0.08333331 0.0625 0.1666666 0.0625 0.08333331 0.08333331 0.1666666 0.0625 0.25 0.0625 0.1666666 0.0625 0.25 0.08333331 0.3333333 0.0625 0.3333333 0.0625 0.3333333 0.08333331 0.4166666 0.0625 0.4166666 0.0625 0.4166666 0.08333331 0.5 0.0625 0.5 0.1041666 0.5 0.08333331 0.5833333 0.08333331 0.5 0.1041666 0.5833333 0.08333331 0.6666667 0.08333331 0.5833333 0.1041666 0.6666667 0.08333331 0.75 0.08333331 0.6666667 0.1041666 0.75 0.08333331 0.8333333 0.08333331 0.75 0.08333331 0.8333333 0.1041666 0.9166667 0.08333331 0.9166667 0.1041666 0.9166667 0.08333331 1 0.08333331 0.9166667 0.08333331 0 0.1041666 0.08333331 0.08333331 0.08333331 0.08333331 0.08333331 0.1041666 0.1666666 0.08333331 0.1666666 0.1041666 0.1666666 0.08333331 0.25 0.08333331 0.1666666 0.1041666 0.25 0.08333331 0.3333333 0.08333331 0.25 0.08333331 0.3333333 0.1041666 0.4166666 0.08333331 0.4166666 0.08333331 0.4166666 0.1041666 0.5 0.08333331 0.5 0.125 0.5 0.1041666 0.5833333 0.1041666 0.5 0.1041666 0.5833333 0.125 0.6666667 0.1041666 0.6666667 0.125 0.6666667 0.1041666 0.75 0.1041666 0.6666667 0.125 0.75 0.1041666 0.8333333 0.1041666 0.75 0.1041666 0.8333333 0.125 0.9166667 0.1041666 0.9166667 0.125 0.9166667 0.1041666 1 0.1041666 0.9166667 0.125 0 0.1041666 0.08333331 0.1041666 0 0.1041666 0.08333331 0.125 0.1666666 0.1041666 0.1666666 0.1041666 0.1666666 0.125 0.25 0.1041666 0.25 0.125 0.25 0.1041666 0.3333333 0.1041666 0.25 0.125 0.3333333 0.1041666 0.4166666 0.1041666 0.3333333 0.1041666 0.4166666 0.125 0.5 0.1041666 0.5 0.125 0.5 0.1458333 0.5833333 0.125 0.5833333 0.125 0.5833333 0.1458333 0.6666667 0.125 0.6666667 0.1458333 0.6666667 0.125 0.75 0.125 0.6666667 0.1458333 0.75 0.125 0.8333333 0.125 0.75 0.125 0.8333333 0.1458333 0.9166667 0.125 0.9166667 0.1458333 0.9166667 0.125 1 0.125 0.9166667 0.1458333 0 0.125 0.08333331 0.125 0 0.1458333 0.08333331 0.125 0.1666666 0.125 0.08333331 0.1458333 0.1666666 0.125 0.25 0.125 0.1666666 0.1458333 0.25 0.125 0.3333333 0.125 0.25 0.1458333 0.3333333 0.125 0.4166666 0.125 0.3333333 0.125 0.4166666 0.1458333 0.5 0.125 0.5 0.1666666 0.5 0.1458333 0.5833333 0.1458333 0.5 0.1666666 0.5833333 0.1458333 0.6666667 0.1458333 0.5833333 0.1666666 0.6666667 0.1458333 0.75 0.1458333 0.6666667 0.1458333 0.75 0.1666666 0.8333333 0.1458333 0.8333333 0.1458333 0.8333333 0.1666666 0.9166667 0.1458333 0.9166667 0.1458333 0.9166667 0.1666666 1 0.1458333 1 0.1666666 0 0.1458333 0.08333331 0.1458333 0 0.1458333 0.08333331 0.1666666 0.1666666 0.1458333 0.1666666 0.1458333 0.1666666 0.1666666 0.25 0.1458333 0.25 0.1666666 0.25 0.1458333 0.3333333 0.1458333 0.25 0.1666666 0.3333333 0.1458333 0.4166666 0.1458333 0.3333333 0.1666666 0.4166666 0.1458333 0.5 0.1458333 0.4166666 0.1666666 0.5 0.1875 0.5833333 0.1666666 0.5833333 0.1875 0.5833333 0.1666666 0.6666667 0.1666666 0.5833333 0.1666666 0.6666667 0.1875 0.75 0.1666666 0.75 0.1666666 0.75 0.1875 0.8333333 0.1666666 0.8333333 0.1875 0.8333333 0.1666666 0.9166667 0.1666666 0.8333333 0.1875 0.9166667 0.1666666 1 0.1666666 0.9166667 0.1875 0 0.1666666 0.08333331 0.1666666 0 0.1875 0.08333331 0.1666666 0.1666666 0.1666666 0.08333331 0.1875 0.1666666 0.1666666 0.25 0.1666666 0.1666666 0.1666666 0.25 0.1875 0.3333333 0.1666666 0.3333333 0.1875 0.3333333 0.1666666 0.4166666 0.1666666 0.3333333 0.1666666 0.4166666 0.1875 0.5 0.1666666 0.5 0.1875 0.5 0.2083333 0.5833333 0.1875 0.5833333 0.2083333 0.5833333 0.1875 0.6666667 0.1875 0.5833333 0.2083333 0.6666667 0.1875 0.75 0.1875 0.6666667 0.2083333 0.75 0.1875 0.8333333 0.1875 0.75 0.1875 0.8333333 0.2083333 0.9166667 0.1875 0.9166667 0.1875 0.9166667 0.2083333 1 0.1875 1 0.1875 0 0.2083333 0.08333331 0.1875 0.08333331 0.2083333 0.08333331 0.1875 0.1666666 0.1875 0.08333331 0.1875 0.1666666 0.2083333 0.25 0.1875 0.25 0.1875 0.25 0.2083333 0.3333333 0.1875 0.3333333 0.1875 0.3333333 0.2083333 0.4166666 0.1875 0.4166666 0.2083333 0.4166666 0.1875 0.5 0.1875 0.4166666 0.2083333 0.5 0.2291666 0.5833333 0.2083333 0.5833333 0.2083333 0.5833333 0.2291666 0.6666667 0.2083333 0.6666667 0.2083333 0.6666667 0.2291666 0.75 0.2083333 0.75 0.2083333 0.75 0.2291666 0.8333333 0.2083333 0.8333333 0.2291666 0.8333333 0.2083333 0.9166667 0.2083333 0.8333333 0.2291666 0.9166667 0.2083333 1 0.2083333 0.9166667 0.2291666 0 0.2083333 0.08333331 0.2083333 0 0.2291666 0.08333331 0.2083333 0.1666666 0.2083333 0.08333331 0.2291666 0.1666666 0.2083333 0.25 0.2083333 0.1666666 0.2291666 0.25 0.2083333 0.3333333 0.2083333 0.25 0.2291666 0.3333333 0.2083333 0.4166666 0.2083333 0.3333333 0.2291666 0.4166666 0.2083333 0.5 0.2083333 0.4166666 0.25 0.5 0.2291666 0.5833333 0.2291666 0.5 0.25 0.5833333 0.2291666 0.6666667 0.2291666 0.5833333 0.25 0.6666667 0.2291666 0.75 0.2291666 0.6666667 0.25 0.75 0.2291666 0.8333333 0.2291666 0.75 0.2291666 0.8333333 0.25 0.9166667 0.2291666 0.9166667 0.2291666 0.9166667 0.25 1 0.2291666 1 0.2291666 0 0.25 0.08333331 0.2291666 0.08333331 0.2291666 0.08333331 0.25 0.1666666 0.2291666 0.1666666 0.2291666 0.1666666 0.25 0.25 0.2291666 0.25 0.2291666 0.25 0.25 0.3333333 0.2291666 0.3333333 0.2291666 0.3333333 0.25 0.4166666 0.2291666 0.4166666 0.25 0.4166666 0.2291666 0.5 0.2291666 0.4166666 0.2708333 0.5 0.25 0.5833333 0.25 0.5 0.25 0.5833333 0.2708333 0.6666667 0.25 0.6666667 0.25 0.6666667 0.2708333 0.75 0.25 0.75 0.25 0.75 0.2708333 0.8333333 0.25 0.8333333 0.25 0.8333333 0.2708333 0.9166667 0.25 0.9166667 0.25 0.9166667 0.2708333 1 0.25 1 0.25 0 0.2708333 0.08333331 0.25 0.08333331 0.25 0.08333331 0.2708333 0.1666666 0.25 0.1666666 0.2708333 0.1666666 0.25 0.25 0.25 0.1666666 0.2708333 0.25 0.25 0.3333333 0.25 0.25 0.2708333 0.3333333 0.25 0.4166666 0.25 0.3333333 0.2708333 0.4166666 0.25 0.5 0.25 0.4166666 0.2708333 0.5 0.2916666 0.5833333 0.2708333 0.5833333 0.2916666 0.5833333 0.2708333 0.6666667 0.2708333 0.5833333 0.2708333 0.6666667 0.2916666 0.75 0.2708333 0.75 0.2916666 0.75 0.2708333 0.8333333 0.2708333 0.75 0.2916666 0.8333333 0.2708333 0.9166667 0.2708333 0.8333333 0.2916666 0.9166667 0.2708333 1 0.2708333 0.9166667 0.2916666 0 0.2708333 0.08333331 0.2708333 0 0.2916666 0.08333331 0.2708333 0.1666666 0.2708333 0.08333331 0.2708333 0.1666666 0.2916666 0.25 0.2708333 0.25 0.2916666 0.25 0.2708333 0.3333333 0.2708333 0.25 0.2708333 0.3333333 0.2916666 0.4166666 0.2708333 0.4166666 0.2708333 0.4166666 0.2916666 0.5 0.2708333 0.5 0.3125 0.5 0.2916666 0.5833333 0.2916666 0.5 0.2916666 0.5833333 0.3125 0.6666667 0.2916666 0.6666667 0.2916666 0.6666667 0.3125 0.75 0.2916666 0.75 0.3125 0.75 0.2916666 0.8333333 0.2916666 0.75 0.3125 0.8333333 0.2916666 0.9166667 0.2916666 0.8333333 0.2916666 0.9166667 0.3125 1 0.2916666 1 0.2916666 0 0.3125 0.08333331 0.2916666 0.08333331 0.3125 0.08333331 0.2916666 0.1666666 0.2916666 0.08333331 0.3125 0.1666666 0.2916666 0.25 0.2916666 0.1666666 0.2916666 0.25 0.3125 0.3333333 0.2916666 0.3333333 0.3125 0.3333333 0.2916666 0.4166666 0.2916666 0.3333333 0.2916666 0.4166666 0.3125 0.5 0.2916666 0.5 0.3125 0.5 0.3333333 0.5833333 0.3125 0.5833333 0.3125 0.5833333 0.3333333 0.6666667 0.3125 0.6666667 0.3333333 0.6666667 0.3125 0.75 0.3125 0.6666667 0.3333333 0.75 0.3125 0.8333333 0.3125 0.75 0.3125 0.8333333 0.3333333 0.9166667 0.3125 0.9166667 0.3125 0.9166667 0.3333333 1 0.3125 1 0.3333333 0 0.3125 0.08333331 0.3125 0 0.3333333 0.08333331 0.3125 0.1666666 0.3125 0.08333331 0.3125 0.1666666 0.3333333 0.25 0.3125 0.25 0.3125 0.25 0.3333333 0.3333333 0.3125 0.3333333 0.3333333 0.3333333 0.3125 0.4166666 0.3125 0.3333333 0.3125 0.4166666 0.3333333 0.5 0.3125 0.5 0.3333333 0.5 0.3541666 0.5833333 0.3333333 0.5833333 0.3541666 0.5833333 0.3333333 0.6666667 0.3333333 0.5833333 0.3541666 0.6666667 0.3333333 0.75 0.3333333 0.6666667 0.3541666 0.75 0.3333333 0.8333333 0.3333333 0.75 0.3541666 0.8333333 0.3333333 0.9166667 0.3333333 0.8333333 0.3541666 0.9166667 0.3333333 1 0.3333333 0.9166667 0.3333333 0 0.3541666 0.08333331 0.3333333 0.08333331 0.3333333 0.08333331 0.3541666 0.1666666 0.3333333 0.1666666 0.3333333 0.1666666 0.3541666 0.25 0.3333333 0.25 0.3333333 0.25 0.3541666 0.3333333 0.3333333 0.3333333 0.3541666 0.3333333 0.3333333 0.4166666 0.3333333 0.3333333 0.3541666 0.4166666 0.3333333 0.5 0.3333333 0.4166666 0.375 0.5 0.3541666 0.5833333 0.3541666 0.5 0.375 0.5833333 0.3541666 0.6666667 0.3541666 0.5833333 0.3541666 0.6666667 0.375 0.75 0.3541666 0.75 0.3541666 0.75 0.375 0.8333333 0.3541666 0.8333333 0.3541666 0.8333333 0.375 0.9166667 0.3541666 0.9166667 0.375 0.9166667 0.3541666 1 0.3541666 0.9166667 0.375 0 0.3541666 0.08333331 0.3541666 0 0.375 0.08333331 0.3541666 0.1666666 0.3541666 0.08333331 0.375 0.1666666 0.3541666 0.25 0.3541666 0.1666666 0.375 0.25 0.3541666 0.3333333 0.3541666 0.25 0.375 0.3333333 0.3541666 0.4166666 0.3541666 0.3333333 0.375 0.4166666 0.3541666 0.5 0.3541666 0.4166666 0.3958333 0.5 0.375 0.5833333 0.375 0.5 0.3958333 0.5833333 0.375 0.6666667 0.375 0.5833333 0.3958333 0.6666667 0.375 0.75 0.375 0.6666667 0.3958333 0.75 0.375 0.8333333 0.375 0.75 0.3958333 0.8333333 0.375 0.9166667 0.375 0.8333333 0.3958333 0.9166667 0.375 1 0.375 0.9166667 0.3958333 0 0.375 0.08333331 0.375 0 0.375 0.08333331 0.3958333 0.1666666 0.375 0.1666666 0.375 0.1666666 0.3958333 0.25 0.375 0.25 0.375 0.25 0.3958333 0.3333333 0.375 0.3333333 0.3958333 0.3333333 0.375 0.4166666 0.375 0.3333333 0.375 0.4166666 0.3958333 0.5 0.375 0.5 0.4166666 0.5 0.3958333 0.5833333 0.3958333 0.5 0.3958333 0.5833333 0.4166666 0.6666667 0.3958333 0.6666667 0.4166666 0.6666667 0.3958333 0.75 0.3958333 0.6666667 0.3958333 0.75 0.4166666 0.8333333 0.3958333 0.8333333 0.4166666 0.8333333 0.3958333 0.9166667 0.3958333 0.8333333 0.3958333 0.9166667 0.4166666 1 0.3958333 1 0.4166666 0 0.3958333 0.08333331 0.3958333 0 0.3958333 0.08333331 0.4166666 0.1666666 0.3958333 0.1666666 0.4166666 0.1666666 0.3958333 0.25 0.3958333 0.1666666 0.4166666 0.25 0.3958333 0.3333333 0.3958333 0.25 0.3958333 0.3333333 0.4166666 0.4166666 0.3958333 0.4166666 0.4166666 0.4166666 0.3958333 0.5 0.3958333 0.4166666 0.4375 0.5 0.4166666 0.5833333 0.4166666 0.5 0.4166666 0.5833333 0.4375 0.6666667 0.4166666 0.6666667 0.4166666 0.6666667 0.4375 0.75 0.4166666 0.75 0.4166666 0.75 0.4375 0.8333333 0.4166666 0.8333333 0.4375 0.8333333 0.4166666 0.9166667 0.4166666 0.8333333 0.4166666 0.9166667 0.4375 1 0.4166666 1 0.4166666 0 0.4375 0.08333331 0.4166666 0.08333331 0.4166666 0.08333331 0.4375 0.1666666 0.4166666 0.1666666 0.4375 0.1666666 0.4166666 0.25 0.4166666 0.1666666 0.4375 0.25 0.4166666 0.3333333 0.4166666 0.25 0.4166666 0.3333333 0.4375 0.4166666 0.4166666 0.4166666 0.4166666 0.4166666 0.4375 0.5 0.4166666 0.5 0.4375 0.5 0.4583333 0.5833333 0.4375 0.5833333 0.4375 0.5833333 0.4583333 0.6666667 0.4375 0.6666667 0.4583333 0.6666667 0.4375 0.75 0.4375 0.6666667 0.4583333 0.75 0.4375 0.8333333 0.4375 0.75 0.4583333 0.8333333 0.4375 0.9166667 0.4375 0.8333333 0.4583333 0.9166667 0.4375 1 0.4375 0.9166667 0.4583333 0 0.4375 0.08333331 0.4375 0 0.4583333 0.08333331 0.4375 0.1666666 0.4375 0.08333331 0.4583333 0.1666666 0.4375 0.25 0.4375 0.1666666 0.4375 0.25 0.4583333 0.3333333 0.4375 0.3333333 0.4375 0.3333333 0.4583333 0.4166666 0.4375 0.4166666 0.4375 0.4166666 0.4583333 0.5 0.4375 0.5 0.4791666 0.5 0.4583333 0.5833333 0.4583333 0.5 0.4583333 0.5833333 0.4791666 0.6666667 0.4583333 0.6666667 0.4583333 0.6666667 0.4791666 0.75 0.4583333 0.75 0.4583333 0.75 0.4791666 0.8333333 0.4583333 0.8333333 0.4583333 0.8333333 0.4791666 0.9166667 0.4583333 0.9166667 0.4791666 0.9166667 0.4583333 1 0.4583333 0.9166667 0.4791666 0 0.4583333 0.08333331 0.4583333 0 0.4791666 0.08333331 0.4583333 0.1666666 0.4583333 0.08333331 0.4791666 0.1666666 0.4583333 0.25 0.4583333 0.1666666 0.4791666 0.25 0.4583333 0.3333333 0.4583333 0.25 0.4791666 0.3333333 0.4583333 0.4166666 0.4583333 0.3333333 0.4791666 0.4166666 0.4583333 0.5 0.4583333 0.4166666 0.5 0.5 0.4791666 0.5833333 0.4791666 0.5 0.5 0.5833333 0.4791666 0.6666667 0.4791666 0.5833333 0.5 0.6666667 0.4791666 0.75 0.4791666 0.6666667 0.5 0.75 0.4791666 0.8333333 0.4791666 0.75 0.5 0.8333333 0.4791666 0.9166667 0.4791666 0.8333333 0.5 0.9166667 0.4791666 1 0.4791666 0.9166667 0.4791666 0 0.5 0.08333331 0.4791666 0.08333331 0.5 0.08333331 0.4791666 0.1666666 0.4791666 0.08333331 0.5 0.1666666 0.4791666 0.25 0.4791666 0.1666666 0.5 0.25 0.4791666 0.3333333 0.4791666 0.25 0.4791666 0.3333333 0.5 0.4166666 0.4791666 0.4166666 0.5 0.4166666 0.4791666 0.5 0.4791666 0.4166666 0 0 0 0 0 0 0 0 0 0 0 0 0 0 0 0 0 0 0 0 0 0 0 0 0 0 0 0 0 0 0 0 0 0 0 0 0 0 0 0 0 0 0 0 0 0 0 0 0 0 0 0 0 0 0 0 0 0 0 0 0 0 0 0 0 0 0 0 0 0 0 0 0 0 0 0 0 0 0 0 0 0 0 0 0 0 0 0 0 0 0 0 0 0 0 0 0 0 0 0 0 0 0 0 0 0 0 0 0 0 0 0 0 0 0 0 0 0 0 0 0 0 0 0 0 0 0 0 0 0 0 0 0 0 0 0 0 0 0 0 0 0 0 0 0 0 0 0 0 0 0 0 0 0 0 0 0 0 0 0 0 0 0 0 0 0 0 0 0 0 0 0 0 0 0 0 0 0 0 0 0 0 0 0 0 0 0 0 0 0 0 0 0 0 0 0 0 0 0 0 0 0 0 0 0 0 0 0 0 0 0 0 0 0 0 0 0 0 0 0 0 0 0 0 0 0 0 0 0 0 0 0 0 0 0 0 0 0 0 0 0 0 0 0 0 0 0 0 0 0 0 0 0 0 0 0 0 0 0 0 0 0 0 0 0 0 0 0 0 0 0 0 0 0 0 0 0 0 0 0 0 0 0 0 0 0 0 0 0 0 0 0 0 0 0 0 0 0 0 0 0 0 0 0 0 0 0 0 0 0 0 0 0 0 0 0 0 0 0 0 0 0 0 0 0 0 0 0 0 0 0 0 0 0 0 0 0 0 0 0 0 0 0 0 0 0 0 0 0 0 0 0 0 0 0 0 0 0 0 0 0 0 0 0 0 0 0 0 0 0 0 0 0 0 0 0 0 0 0 0 0 0 0 0 0 0 0 0 0 0 0 0 0 0 0 0 0 0 0 0 0 0 0 0 0 0 0 0 0 0 0 0 0 0 0 0 0 0 0 0 0 0 0 0 0 0 0 0 0 0 0 0 0 0 0 0 0 0 0 0 0 0 0 0 0 0 0 0 0 0 0 0 0 0 0 0 0 0 0 0 0 0 0 0 0 0 0 0 0 0 0 0 0 0 0 0 0 0 0 0 0 0 0 0 0 0 0 0 0 0 0 0 0 0 0 0 0 0 0 0 0 0 0 0 0 0 0 0 0 0 0 0 0 0 0 0 0 0 0 0 0 0 0 0 0 0 0 0 0 0 0 0 0 0 0 0 0 0 0 0 0 0 0 0 0 0 0 0 0 0 0 0 0 0 0 0 0 0 0 0 0 0 0 0 0 0 0 0 0 0 0 0 0 0 0 0 0 0 0 0 0 0 0 0 0 0 0 0 0 0 0 0 0 0 0 0 0 0 0 0 0 0 0 0 0 0 0 0 0 0 0 0 0 0 0 0 0 0 0 0 0 0 0 0 0 0 0 0 0 0 0 0 0 0 0 0 0 0 0 0 0 0 0 0 0 0 0 0 0 0 0 0 0 0 0 0 0 0 0 0 0 0 0 0 0 0 0 0 0 0 0 0 0 0 0 0 0 0 0 0 0 0 0 0 0 0 0 0 0 0 0 0 0 0 0 0 0 0 0 0 0 0 0 0 0 0 0 0 0 0 0 0 0 0 0 0 0 0 0 0 0 0 0 0 0 0 0 0 0 0 0 0 0 0 0 0 0 0 0 0 0 0 0 0 0 0 0 0 0 0 0 0 0 0 0 0 0 0 0 0 0 0 0 0 0 0 0 0 0 0 0 0 0 0 0.7813878 0.2186122 0.7813878 0.7813878 0.7813878 0.7813878 0 0 1 1 0 1 0 0 1 0 0 0 1 1 1 0 1 0 0 1 0 0 0 1 0 1 1 1 1 1 0.2186122 0.7813878 0 0 0 1 0.7813878 0.2186122 0 0 0.2186122 0.2186122 0.7813878 0.7813878 1 0 0.7813878 0.2186122 0.2186122 0.7813878 1 1 0.7813878 0.7813878 0.2186122 0.2186122 0.7813878 0.7813878 0.7813878 0.2186122 0.2186122 0.7813878 0.2186122 0.2186122 0.2186122 0.2186122 0.2186122 0.7813878 0.7813878 0.7813878 0.2186122 0.7813878 0.2186122 0.2186122 0.7813878 0.2186122 0.7813878 0.2186122 0.7813878 0.7813878 0.7813878 0.2186122 0.7813878 0.7813878 0 0 1 1 0 1 0 0 1 0 0 0 1 1 1 0 1 0 0 1 0 0 0 1 0 1 1 1 1 1 0.2186122 0.7813878 0 0 0 1 0.2186122 0.2186122 1 0 0 0 0.7813878 0.2186122 1 1 1 0 0.2186122 0.7813878 1 1 0.7813878 0.7813878 0.2186122 0.7813878 0.7813878 0.2186122 0.2186122 0.2186122 0.2186122 0.7813878 0.2186122 0.2186122 0.2186122 0.2186122 0.7813878 0.7813878 0.2186122 0.7813878 0.2186122 0.7813878 0.7813878 0.2186122 0.2186122 0.2186122 0.7813878 0.2186122 0.7813878 0.2186122 0.7813878 0.7813878 0.7813878 0.7813878 1 0 0 1 0 0 0 0 1 0 0 0 1 1 1 0 1 0 0 0 0 1 0 1 1 1 0 1 1 1 0.2186122 0.2186122 0 1 0.2186122 0.7813878 0.7813878 0.2186122 0 0 0.2186122 0.2186122 0.7813878 0.2186122 1 1 1 0 0.7813878 0.7813878 0 1 1 1 0.2186122 0.2186122 0.7813878 0.7813878 0.7813878 0.2186122 0.2186122 0.7813878 0.2186122 0.2186122 0.2186122 0.2186122 0.2186122 0.7813878 0.7813878 0.7813878 0.2186122 0.7813878 0.7813878 0.2186122 0.2186122 0.2186122 0.7813878 0.2186122 0.7813878 0.2186122 0.7813878 0.7813878 0.7813878 0.7813878 0 0 1 1 0 1 0 0 1 0 0 0 1 1 1 0 1 0 0 1 0 0 0 1 1 1 0 1 1 1 0.2186122 0.2186122 0 1 0.2186122 0.7813878 0.7813878 0.2186122 0 0 0.2186122 0.2186122 0.7813878 0.2186122 1 1 1 0 0.2186122 0.7813878 1 1 0.7813878 0.7813878 0.2186122 0.2186122 0.7813878 0.7813878 0.7813878 0.2186122 0.2186122 0.7813878 0.2186122 0.2186122 0.2186122 0.2186122 0.7813878 0.7813878 0.2186122 0.7813878 0.2186122 0.7813878 0.2186122 0.2186122 0.7813878 0.2186122 0.7813878 0.2186122 0.7813878 0.7813878 0.7813878 0.2186122 0.7813878 0.7813878 0 0 1 1 0 1 1 0 0 0 0 0 1 1 1 0 1 0 0 1 0 0 0 1 1 1 0 1 1 1 0.2186122 0.7813878 0 0 0 1 0.2186122 0.2186122 1 0 0 0 0.7813878 0.7813878 1 0 0.7813878 0.2186122 0.2186122 0.7813878 1 1 0.7813878 0.7813878 0.2186122 0.7813878 0.7813878 0.2186122 0.2186122 0.2186122 0.2186122 0.2186122 0.2186122 0.7813878 0.2186122 0.2186122 0.7813878 0.7813878 0.2186122 0.7813878 0.2186122 0.7813878 0.2186122 0.2186122 0.7813878 0.2186122 0.7813878 0.2186122 1 1 0.8 0.5 1 0.5 0.8 0.5 0.6 1 0.6 0.5 0.6 1 0.4 0.5 0.6 0.5 0.25 0.49 0.1089315 0.0558359 0.3910685 0.0558359 0.4 1 0.2 0.5 0.4 0.5 0.2 1 0 0.5 0.2 0.5 0.9782536 0.3241641 0.6089316 0.0558359 0.5217465 0.3241641 0 0 0 0 0 0 0 0 0 0 0 0 0 0 0 0 0 0 0 0 0 0 0 0 0 0 0 0 0 0 0 0 0 0 0 0 0 0 0 0 0 0 0 0 0 0 0 0 0 0 0 0 0 0 0 0 0 0 0 0 0 0 0 0 0 0 0 0 0 0 0 0 0 0 0 0 0 0 0 0 0 0 0 0 0 0 0 0 0 0 0 0 0 0 0 0 0 0 0 0 0 0 0 0 0 0 0 0 0 0 0 0 0 0 0 0 0 0 0 0 0 0 0 0 0 0 0 0 0 0 0 0 0 0 0 0 0 0 0 0 0 0 0 0 0 0 0 0 0 0 0 0 0 0 0 0 0 0 0 0 0 0 0 0 0 0 0 0 0 0 0 0 0 0 0 0 0 0 0 0 0 0 0 0 0 0 0 0 0 0 0 0 0 0 0 0 0 0 0 0 0 0 0 0 0 0 0 0 0 0 0 0 0 0 0 0 0 0 0 0 0 0 0 0 0 0 0 0 0 0 0 0 0 0 0 0 0 0 0 0 0 0 0 0 0 0 0 0 0 0 0 0 0 0 0 0 0 0 0 0 0 0 0 0 0 0 0 0 0 0 0 0 0 0 0 0 0 0 0 0 0 0 0 0 0 0 0 0 0 0 0 0 0 0 0 0 0 0 0 0 0 0 0 0 0 0 0 0 0 0 0 0 0 0 0 0 0 0 0 0 0 0 0 0 0 0 0 0 0 0 0 0 0 0 0 0 0 0 0 0 0 0 0 0 0 0 0 0 0 0 0 0 0 0 0 0 0 0 0 0 0 0 0 0 0 0 0 0 0 0 0 0 0 0 0 0 0 0 0 0 0 0 0 0 0 0 0 0 0 0 0 0 0 0 0 0 0 0 0 0 0 0 0 0 0 0 0 0 0 0 0 0 0 0 0 0 0 0 0 0 0 0 0 0 0 0 0 0 0 0 0 0 0 0 0 0 0 0 0 0 0 0 0 0 0 0 0 0 0 0 0 0 0 0 0 0 0 0 0 0 0 0 0 0 0 0 0 0 0 0 0 0 0 0 0 0 0 0 0 0 0 0 0 0 0 0 0 0 0 0 0 0 0 0 0 0 0 0 0 0 0 0 0 0 0 0 0 0 0 0 0 0 0 0 0 0 0 0 0 0 0 0 0 0 0 0 0 0 0 0 0 0 0 0 0 0 0 0 0 0 0 0 0 0 0 0 0 0 0 0 0 0 0 0 0 0 0 0 0 0 0 0 0 0 0 0 0 0 0 0 0 0 0 0 0 0 0 0 0 0 0 0 0 0 0 0 0 0 0 0 0 0 0 0 0 0 0 0 0 0 0 0 0 0 0 0 0 0 0 0 0 0 0 0 0 0 0 0 0 0 0 0 0 0 0 0 0 0 0 0 0 0 0 0 0 0 0 0 0 0 0 0 0 0 0 0 0 0 0 0 0 0 0 0 0 0 0 0 0 0 0 0 0 0 0 0 0 0 0 0 0 0 0 0 0 0 0 0 0 0 0 0 0 0 0 0 0 0 0 0 0 0 0 0 0 0 0 0 0 0 0 0 0 0 0 0 0 0 0 0 0 0 0 0 0 0 0 0 0 0 0 0 0 0 0 0 0 0 0 0 0 0 0 0 0 0 0 0 0 0 0 0 0 0 0 0 0 0 0 0 0 0 0 0 0 0 0 0 0 0 0 0 0 0 0 0 0 0 0 0 0 0 0 0 0 0 0 0 0 0 0 0 0 0 0 0 0 0 0 0 0 0 0 0 0 0 0 0 0 0 0 0 0 0 0 0 0 0 0 0 0 0 0 0 0 0 0 0 0 0 0 0 0 0 0 0 0 0 0 0 0 0 0 0 0 0 0 0 0 0 0 0 0 0 0 0 0 0 0 0 0 0 0 0 0 0 0 0 0 0 0 0 0 0 0 0 0 0 0 0 0 0 0 0 0 0 0 0 0 0 0 0 0 0 0 0 0 0 0 0 0 0 0 0 0 0 0 0 0 0 0 0 0 0 0 0 0 0 0 0 0 0 0 0 0 0 0 0 0 0 0 0 0 0 0 0 0 0 0 0 0 0 0 0 0 0 0 0 0 0 0 0 0.7813878 0.7813878 0.7813878 0.2186122 0.7813878 0.2186122 1 0 1 1 0 1 1 0 1 0 0 0 1 1 1 1 1 0 0 1 0 0 0 0 0 1 0 1 1 1 0.2186122 0.2186122 0 0 0 1 0.2186122 0.2186122 0.7813878 0.2186122 1 0 0.7813878 0.2186122 0.7813878 0.7813878 1 1 0.2186122 0.7813878 0 1 1 1 0.2186122 0.2186122 0.2186122 0.7813878 0.7813878 0.7813878 0.2186122 0.7813878 0.2186122 0.7813878 0.2186122 0.2186122 0.2186122 0.7813878 0.7813878 0.7813878 0.7813878 0.7813878 0.2186122 0.2186122 0.2186122 0.2186122 0.7813878 0.2186122 0.7813878 0.2186122 0.7813878 0.2186122 0.7813878 0.7813878 0 0 1 0 1 1 1 0 1 0 0 0 1 0 1 1 1 1 0 0 0 0 0 1 1 1 0 1 0 1 0.2186122 0.7813878 0.2186122 0.2186122 0 0 0.7813878 0.2186122 1 0 0 0 0.7813878 0.2186122 0.7813878 0.7813878 1 1 0.7813878 0.7813878 0.2186122 0.7813878 0 1 0.2186122 0.7813878 0.7813878 0.7813878 0.7813878 0.2186122 0.2186122 0.7813878 0.2186122 0.7813878 0.2186122 0.2186122 0.7813878 0.7813878 0.7813878 0.7813878 0.2186122 0.7813878 0.2186122 0.2186122 0.2186122 0.2186122 0.7813878 0.2186122 0.7813878 0.2186122 0.7813878 0.2186122 0.7813878 0.7813878 1 0 1 1 0 1 1 0 1 0 0 0 1 1 1 1 1 0 0 0 0 0 0 1 1 1 0 1 0 1 0.2186122 0.2186122 0 0 0 1 0.7813878 0.2186122 1 0 0 0 0.7813878 0.2186122 0.7813878 0.7813878 1 1 0.2186122 0.7813878 0 1 1 1 0.2186122 0.2186122 0.2186122 0.7813878 0.7813878 0.7813878 0.2186122 0.7813878 0.2186122 0.7813878 0.2186122 0.2186122 0.7813878 0.7813878 0.7813878 0.7813878 0.2186122 0.7813878 0.2186122 0.2186122 0.2186122 0.2186122 0.7813878 0.2186122 0.7813878 0.2186122 0.7813878 0.2186122 0.7813878 0.7813878 1 0 1 1 0 1 1 0 1 0 0 0 1 1 1 1 1 0 0 0 0 0 0 1 0 1 0 1 1 1 0.2186122 0.7813878 0.2186122 0.2186122 0 0 0.7813878 0.2186122 1 0 0 0 0.7813878 0.2186122 0.7813878 0.7813878 1 1 0.7813878 0.7813878 0.2186122 0.7813878 0 1 0.2186122 0.2186122 0.2186122 0.7813878 0.7813878 0.7813878 0.2186122 0.7813878 0.2186122 0.7813878 0.2186122 0.2186122 0.2186122 0.7813878 0.7813878 0.7813878 0.7813878 0.7813878 0.2186122 0.2186122 0.2186122 0.2186122 0.7813878 0.2186122 0.7813878 0.2186122 0.7813878 0.2186122 0.7813878 0.7813878 0 0 1 0 1 1 0 0 1 0 1 0 1 1 1 1 1 0 0 0 0 0 0 1 0 1 0 1 1 1 0.2186122 0.7813878 0.2186122 0.2186122 0 0 0.2186122 0.2186122 0.7813878 0.2186122 1 0 0.7813878 0.7813878 1 1 1 0 0.2186122 0.7813878 0 1 1 1 0.2186122 0.2186122 0.2186122 0.7813878 0.7813878 0.7813878 0.2186122 0.7813878 0.2186122 0.7813878 0.2186122 0.2186122 0.2186122 0.7813878 0.7813878 0.7813878 0.7813878 0.7813878 0.2186122 0.2186122 0.2186122 0.2186122 0.7813878 0.2186122 1 0.5 1 1 0.8 1 0.8 1 0.6 1 0.6 0.5 0.6 1 0.4 1 0.4 0.5 0.3910685 0.0558359 0.4782536 0.3241641 0.1089315 0.0558359 0.4782536 0.3241641 0.25 0.49 0.1089315 0.0558359 0.4 1 0.2 1 0.2 0.5 0.2 0.5 0.2 1 0 1 0.5217465 0.3241641 0.75 0.49 0.9782536 0.3241641 0.9782536 0.3241641 0.8910685 0.0558359 0.6089316 0.0558359 0.5 0.5 0.5208333 0.5 0.5208333 0.5833333 0.5 0.5833333 0.5208333 0.5833333 0.5208333 0.6666667 0.5 0.6666667 0.5208333 0.6666667 0.5208333 0.75 0.5 0.75 0.5208333 0.75 0.5208333 0.8333333 0.5 0.8333333 0.5208333 0.8333333 0.5208333 0.9166667 0.5 0.9166667 0.5208333 0.9166667 0.5208333 1 0.5208333 0 0.5208333 0.08333331 0.5 0.08333331 0.5208333 0.08333331 0.5208333 0.1666666 0.5 0.1666666 0.5 0.1666666 0.5208333 0.1666666 0.5208333 0.25 0.5 0.25 0.5208333 0.25 0.5208333 0.3333333 0.5208333 0.3333333 0.5208333 0.4166666 0.5 0.4166666 0.5208333 0.4166666 0.5208333 0.5 0.5 0.5 0.5416667 0.5 0.5416667 0.5833333 0.5208333 0.5833333 0.5416667 0.5833333 0.5416667 0.6666667 0.5208333 0.6666667 0.5416667 0.6666667 0.5416667 0.75 0.5208333 0.75 0.5416667 0.75 0.5416667 0.8333333 0.5208333 0.8333333 0.5416667 0.8333333 0.5416667 0.9166667 0.5208333 0.9166667 0.5208333 0.9166667 0.5416667 0.9166667 0.5416667 1 0.5416667 0 0.5416667 0.08333331 0.5208333 0.08333331 0.5208333 0.08333331 0.5416667 0.08333331 0.5416667 0.1666666 0.5208333 0.1666666 0.5416667 0.1666666 0.5416667 0.25 0.5416667 0.25 0.5416667 0.3333333 0.5208333 0.3333333 0.5416667 0.3333333 0.5416667 0.4166666 0.5208333 0.4166666 0.5208333 0.4166666 0.5416667 0.4166666 0.5416667 0.5 0.5625 0.5 0.5625 0.5833333 0.5416667 0.5833333 0.5625 0.5833333 0.5625 0.6666667 0.5416667 0.6666667 0.5416667 0.6666667 0.5625 0.6666667 0.5625 0.75 0.5416667 0.75 0.5625 0.75 0.5625 0.8333333 0.5416667 0.8333333 0.5625 0.8333333 0.5625 0.9166667 0.5416667 0.9166667 0.5625 0.9166667 0.5625 1 0.5416667 0 0.5625 0 0.5625 0.08333331 0.5625 0.08333331 0.5625 0.1666666 0.5416667 0.1666666 0.5416667 0.1666666 0.5625 0.1666666 0.5625 0.25 0.5416667 0.25 0.5625 0.25 0.5625 0.3333333 0.5625 0.3333333 0.5625 0.4166666 0.5416667 0.4166666 0.5625 0.4166666 0.5625 0.5 0.5416667 0.5 0.5833333 0.5 0.5833333 0.5833333 0.5625 0.5833333 0.5833333 0.5833333 0.5833333 0.6666667 0.5625 0.6666667 0.5625 0.6666667 0.5833333 0.6666667 0.5833333 0.75 0.5833333 0.75 0.5833333 0.8333333 0.5625 0.8333333 0.5833333 0.8333333 0.5833333 0.9166667 0.5625 0.9166667 0.5833333 0.9166667 0.5833333 1 0.5625 1 0.5833333 0 0.5833333 0.08333331 0.5625 0.08333331 0.5833333 0.08333331 0.5833333 0.1666666 0.5625 0.1666666 0.5625 0.1666666 0.5833333 0.1666666 0.5833333 0.25 0.5625 0.25 0.5833333 0.25 0.5833333 0.3333333 0.5833333 0.3333333 0.5833333 0.4166666 0.5625 0.4166666 0.5833333 0.4166666 0.5833333 0.5 0.5625 0.5 0.5833333 0.5 0.6041667 0.5 0.6041667 0.5833333 0.6041667 0.5833333 0.6041667 0.6666667 0.5833333 0.6666667 0.5833333 0.6666667 0.6041667 0.6666667 0.6041667 0.75 0.6041667 0.75 0.6041667 0.8333333 0.5833333 0.8333333 0.6041667 0.8333333 0.6041667 0.9166667 0.5833333 0.9166667 0.6041667 0.9166667 0.6041667 1 0.5833333 1 0.5833333 0 0.6041667 0 0.6041667 0.08333331 0.6041667 0.08333331 0.6041667 0.1666666 0.5833333 0.1666666 0.5833333 0.1666666 0.6041667 0.1666666 0.6041667 0.25 0.5833333 0.25 0.6041667 0.25 0.6041667 0.3333333 0.6041667 0.3333333 0.6041667 0.4166666 0.5833333 0.4166666 0.5833333 0.4166666 0.6041667 0.4166666 0.6041667 0.5 0.625 0.5 0.625 0.5833333 0.6041667 0.5833333 0.625 0.5833333 0.625 0.6666667 0.6041667 0.6666667 0.6041667 0.6666667 0.625 0.6666667 0.625 0.75 0.625 0.75 0.625 0.8333333 0.6041667 0.8333333 0.625 0.8333333 0.625 0.9166667 0.6041667 0.9166667 0.6041667 0.9166667 0.625 0.9166667 0.625 1 0.6041667 0 0.625 0 0.625 0.08333331 0.625 0.08333331 0.625 0.1666666 0.6041667 0.1666666 0.6041667 0.1666666 0.625 0.1666666 0.625 0.25 0.6041667 0.25 0.625 0.25 0.625 0.3333333 0.6041667 0.3333333 0.625 0.3333333 0.625 0.4166666 0.625 0.4166666 0.625 0.5 0.6041667 0.5 0.625 0.5 0.6458333 0.5 0.6458333 0.5833333 0.625 0.5833333 0.6458333 0.5833333 0.6458333 0.6666667 0.6458333 0.6666667 0.6458333 0.75 0.625 0.75 0.6458333 0.75 0.6458333 0.8333333 0.625 0.8333333 0.6458333 0.8333333 0.6458333 0.9166667 0.625 0.9166667 0.625 0.9166667 0.6458333 0.9166667 0.6458333 1 0.625 0 0.6458333 0 0.6458333 0.08333331 0.6458333 0.08333331 0.6458333 0.1666666 0.625 0.1666666 0.625 0.1666666 0.6458333 0.1666666 0.6458333 0.25 0.625 0.25 0.6458333 0.25 0.6458333 0.3333333 0.625 0.3333333 0.6458333 0.3333333 0.6458333 0.4166666 0.6458333 0.4166666 0.6458333 0.5 0.625 0.5 0.6458333 0.5 0.6666667 0.5 0.6666667 0.5833333 0.6458333 0.5833333 0.6666667 0.5833333 0.6666667 0.6666667 0.6458333 0.6666667 0.6666667 0.6666667 0.6666667 0.75 0.6458333 0.75 0.6666667 0.75 0.6666667 0.8333333 0.6458333 0.8333333 0.6666667 0.8333333 0.6666667 0.9166667 0.6666667 0.9166667 0.6666667 1 0.6458333 1 0.6458333 0 0.6666667 0 0.6666667 0.08333331 0.6666667 0.08333331 0.6666667 0.1666666 0.6458333 0.1666666 0.6666667 0.1666666 0.6666667 0.25 0.6458333 0.25 0.6666667 0.25 0.6666667 0.3333333 0.6458333 0.3333333 0.6458333 0.3333333 0.6666667 0.3333333 0.6666667 0.4166666 0.6666667 0.4166666 0.6666667 0.5 0.6458333 0.5 0.6875 0.5 0.6875 0.5833333 0.6666667 0.5833333 0.6666667 0.5833333 0.6875 0.5833333 0.6875 0.6666667 0.6875 0.6666667 0.6875 0.75 0.6666667 0.75 0.6875 0.75 0.6875 0.8333333 0.6666667 0.8333333 0.6875 0.8333333 0.6875 0.9166667 0.6666667 0.9166667 0.6875 0.9166667 0.6875 1 0.6666667 1 0.6666667 0 0.6875 0 0.6875 0.08333331 0.6666667 0.08333331 0.6875 0.08333331 0.6875 0.1666666 0.6875 0.1666666 0.6875 0.25 0.6666667 0.25 0.6666667 0.25 0.6875 0.25 0.6875 0.3333333 0.6666667 0.3333333 0.6875 0.3333333 0.6875 0.4166666 0.6875 0.4166666 0.6875 0.5 0.6666667 0.5 0.6875 0.5 0.7083333 0.5 0.7083333 0.5833333 0.7083333 0.5833333 0.7083333 0.6666667 0.6875 0.6666667 0.7083333 0.6666667 0.7083333 0.75 0.6875 0.75 0.6875 0.75 0.7083333 0.75 0.7083333 0.8333333 0.6875 0.8333333 0.7083333 0.8333333 0.7083333 0.9166667 0.7083333 0.9166667 0.7083333 1 0.6875 1 0.7083333 0 0.7083333 0.08333331 0.6875 0.08333331 0.7083333 0.08333331 0.7083333 0.1666666 0.6875 0.1666666 0.7083333 0.1666666 0.7083333 0.25 0.6875 0.25 0.7083333 0.25 0.7083333 0.3333333 0.6875 0.3333333 0.7083333 0.3333333 0.7083333 0.4166666 0.6875 0.4166666 0.7083333 0.4166666 0.7083333 0.5 0.6875 0.5 0.7291667 0.5 0.7291667 0.5833333 0.7083333 0.5833333 0.7083333 0.5833333 0.7291667 0.5833333 0.7291667 0.6666667 0.7291667 0.6666667 0.7291667 0.75 0.7083333 0.75 0.7291667 0.75 0.7291667 0.8333333 0.7083333 0.8333333 0.7291667 0.8333333 0.7291667 0.9166667 0.7083333 0.9166667 0.7083333 0.9166667 0.7291667 0.9166667 0.7291667 1 0.7083333 0 0.7291667 0 0.7291667 0.08333331 0.7083333 0.08333331 0.7291667 0.08333331 0.7291667 0.1666666 0.7083333 0.1666666 0.7291667 0.1666666 0.7291667 0.25 0.7083333 0.25 0.7291667 0.25 0.7291667 0.3333333 0.7291667 0.3333333 0.7291667 0.4166666 0.7083333 0.4166666 0.7291667 0.4166666 0.7291667 0.5 0.7083333 0.5 0.7291667 0.5 0.75 0.5 0.75 0.5833333 0.7291667 0.5833333 0.75 0.5833333 0.75 0.6666667 0.7291667 0.6666667 0.75 0.6666667 0.75 0.75 0.7291667 0.75 0.75 0.75 0.75 0.8333333 0.7291667 0.8333333 0.75 0.8333333 0.75 0.9166667 0.75 0.9166667 0.75 1 0.7291667 1 0.75 0 0.75 0.08333331 0.7291667 0.08333331 0.75 0.08333331 0.75 0.1666666 0.7291667 0.1666666 0.75 0.1666666 0.75 0.25 0.7291667 0.25 0.75 0.25 0.75 0.3333333 0.7291667 0.3333333 0.7291667 0.3333333 0.75 0.3333333 0.75 0.4166666 0.7291667 0.4166666 0.75 0.4166666 0.75 0.5 0.75 0.5 0.7708333 0.5 0.7708333 0.5833333 0.7708333 0.5833333 0.7708333 0.6666667 0.75 0.6666667 0.7708333 0.6666667 0.7708333 0.75 0.75 0.75 0.7708333 0.75 0.7708333 0.8333333 0.75 0.8333333 0.7708333 0.8333333 0.7708333 0.9166667 0.75 0.9166667 0.7708333 0.9166667 0.7708333 1 0.75 1 0.7708333 0 0.7708333 0.08333331 0.75 0.08333331 0.7708333 0.08333331 0.7708333 0.1666666 0.75 0.1666666 0.75 0.1666666 0.7708333 0.1666666 0.7708333 0.25 0.75 0.25 0.7708333 0.25 0.7708333 0.3333333 0.75 0.3333333 0.7708333 0.3333333 0.7708333 0.4166666 0.75 0.4166666 0.7708333 0.4166666 0.7708333 0.5 0.7708333 0.5 0.7916667 0.5 0.7916667 0.5833333 0.7708333 0.5833333 0.7916667 0.5833333 0.7916667 0.6666667 0.7708333 0.6666667 0.7916667 0.6666667 0.7916667 0.75 0.7708333 0.75 0.7916667 0.75 0.7916667 0.8333333 0.7708333 0.8333333 0.7916667 0.8333333 0.7916667 0.9166667 0.7708333 0.9166667 0.7916667 0.9166667 0.7916667 1 0.7708333 0 0.7916667 0 0.7916667 0.08333331 0.7916667 0.08333331 0.7916667 0.1666666 0.7708333 0.1666666 0.7916667 0.1666666 0.7916667 0.25 0.7708333 0.25 0.7916667 0.25 0.7916667 0.3333333 0.7708333 0.3333333 0.7916667 0.3333333 0.7916667 0.4166666 0.7708333 0.4166666 0.7916667 0.4166666 0.7916667 0.5 0.7708333 0.5 0.8125 0.5 0.8125 0.5833333 0.7916667 0.5833333 0.8125 0.5833333 0.8125 0.6666667 0.7916667 0.6666667 0.7916667 0.6666667 0.8125 0.6666667 0.8125 0.75 0.8125 0.75 0.8125 0.8333333 0.7916667 0.8333333 0.8125 0.8333333 0.8125 0.9166667 0.7916667 0.9166667 0.8125 0.9166667 0.8125 1 0.7916667 1 0.8125 0 0.8125 0.08333331 0.7916667 0.08333331 0.7916667 0.08333331 0.8125 0.08333331 0.8125 0.1666666 0.7916667 0.1666666 0.8125 0.1666666 0.8125 0.25 0.8125 0.25 0.8125 0.3333333 0.7916667 0.3333333 0.8125 0.3333333 0.8125 0.4166666 0.7916667 0.4166666 0.8125 0.4166666 0.8125 0.5 0.7916667 0.5 0.8333333 0.5 0.8333333 0.5833333 0.8125 0.5833333 0.8125 0.5833333 0.8333333 0.5833333 0.8333333 0.6666667 0.8333333 0.6666667 0.8333333 0.75 0.8125 0.75 0.8333333 0.75 0.8333333 0.8333333 0.8125 0.8333333 0.8125 0.8333333 0.8333333 0.8333333 0.8333333 0.9166667 0.8125 0.9166667 0.8333333 0.9166667 0.8333333 1 0.8333333 0 0.8333333 0.08333331 0.8125 0.08333331 0.8333333 0.08333331 0.8333333 0.1666666 0.8125 0.1666666 0.8125 0.1666666 0.8333333 0.1666666 0.8333333 0.25 0.8125 0.25 0.8333333 0.25 0.8333333 0.3333333 0.8125 0.3333333 0.8333333 0.3333333 0.8333333 0.4166666 0.8333333 0.4166666 0.8333333 0.5 0.8125 0.5 0.8541667 0.5 0.8541667 0.5833333 0.8333333 0.5833333 0.8333333 0.5833333 0.8541667 0.5833333 0.8541667 0.6666667 0.8333333 0.6666667 0.8541667 0.6666667 0.8541667 0.75 0.8541667 0.75 0.8541667 0.8333333 0.8333333 0.8333333 0.8541667 0.8333333 0.8541667 0.9166667 0.8333333 0.9166667 0.8541667 0.9166667 0.8541667 1 0.8333333 1 0.8541667 0 0.8541667 0.08333331 0.8333333 0.08333331 0.8541667 0.08333331 0.8541667 0.1666666 0.8333333 0.1666666 0.8541667 0.1666666 0.8541667 0.25 0.8333333 0.25 0.8541667 0.25 0.8541667 0.3333333 0.8333333 0.3333333 0.8333333 0.3333333 0.8541667 0.3333333 0.8541667 0.4166666 0.8333333 0.4166666 0.8541667 0.4166666 0.8541667 0.5 0.8541667 0.5 0.875 0.5 0.875 0.5833333 0.875 0.5833333 0.875 0.6666667 0.8541667 0.6666667 0.8541667 0.6666667 0.875 0.6666667 0.875 0.75 0.875 0.75 0.875 0.8333333 0.8541667 0.8333333 0.875 0.8333333 0.875 0.9166667 0.8541667 0.9166667 0.8541667 0.9166667 0.875 0.9166667 0.875 1 0.875 0 0.875 0.08333331 0.8541667 0.08333331 0.8541667 0.08333331 0.875 0.08333331 0.875 0.1666666 0.8541667 0.1666666 0.875 0.1666666 0.875 0.25 0.875 0.25 0.875 0.3333333 0.8541667 0.3333333 0.8541667 0.3333333 0.875 0.3333333 0.875 0.4166666 0.875 0.4166666 0.875 0.5 0.8541667 0.5 0.875 0.5 0.8958333 0.5 0.8958333 0.5833333 0.8958333 0.5833333 0.8958333 0.6666667 0.875 0.6666667 0.875 0.6666667 0.8958333 0.6666667 0.8958333 0.75 0.875 0.75 0.8958333 0.75 0.8958333 0.8333333 0.8958333 0.8333333 0.8958333 0.9166667 0.875 0.9166667 0.875 0.9166667 0.8958333 0.9166667 0.8958333 1 0.8958333 0 0.8958333 0.08333331 0.875 0.08333331 0.8958333 0.08333331 0.8958333 0.1666666 0.875 0.1666666 0.8958333 0.1666666 0.8958333 0.25 0.875 0.25 0.875 0.25 0.8958333 0.25 0.8958333 0.3333333 0.875 0.3333333 0.8958333 0.3333333 0.8958333 0.4166666 0.8958333 0.4166666 0.8958333 0.5 0.875 0.5 0.8958333 0.5 0.9166667 0.5 0.9166667 0.5833333 0.9166667 0.5833333 0.9166667 0.6666667 0.8958333 0.6666667 0.8958333 0.6666667 0.9166667 0.6666667 0.9166667 0.75 0.8958333 0.75 0.9166667 0.75 0.9166667 0.8333333 0.9166667 0.8333333 0.9166667 0.9166667 0.8958333 0.9166667 0.9166667 0.9166667 0.9166667 1 0.8958333 1 0.9166667 0 0.9166667 0.08333331 0.8958333 0.08333331 0.9166667 0.08333331 0.9166667 0.1666666 0.8958333 0.1666666 0.8958333 0.1666666 0.9166667 0.1666666 0.9166667 0.25 0.8958333 0.25 0.9166667 0.25 0.9166667 0.3333333 0.9166667 0.3333333 0.9166667 0.4166666 0.8958333 0.4166666 0.9166667 0.4166666 0.9166667 0.5 0.8958333 0.5 0.9166667 0.5 0.9375 0.5 0.9375 0.5833333 0.9375 0.5833333 0.9375 0.6666667 0.9166667 0.6666667 0.9166667 0.6666667 0.9375 0.6666667 0.9375 0.75 0.9166667 0.75 0.9375 0.75 0.9375 0.8333333 0.9166667 0.8333333 0.9375 0.8333333 0.9375 0.9166667 0.9375 0.9166667 0.9375 1 0.9166667 1 0.9166667 0 0.9375 0 0.9375 0.08333331 0.9375 0.08333331 0.9375 0.1666666 0.9166667 0.1666666 0.9375 0.1666666 0.9375 0.25 0.9166667 0.25 0.9375 0.25 0.9375 0.3333333 0.9166667 0.3333333 0.9375 0.3333333 0.9375 0.4166666 0.9166667 0.4166666 0.9375 0.4166666 0.9375 0.5 0.9166667 0.5 0.9375 0.5 0.9583333 0.5 0.9583333 0.5833333 0.9583333 0.5833333 0.9583333 0.6666667 0.9375 0.6666667 0.9375 0.6666667 0.9583333 0.6666667 0.9583333 0.75 0.9375 0.75 0.9583333 0.75 0.9583333 0.8333333 0.9375 0.8333333 0.9583333 0.8333333 0.9583333 0.9166667 0.9375 0.9166667 0.9583333 0.9166667 0.9583333 1 0.9375 0 0.9583333 0 0.9583333 0.08333331 0.9583333 0.08333331 0.9583333 0.1666666 0.9375 0.1666666 0.9375 0.1666666 0.9583333 0.1666666 0.9583333 0.25 0.9375 0.25 0.9583333 0.25 0.9583333 0.3333333 0.9583333 0.3333333 0.9583333 0.4166666 0.9375 0.4166666 0.9583333 0.4166666 0.9583333 0.5 0.9375 0.5 0.9791667 0.5 0.9791667 0.5833333 0.9583333 0.5833333 0.9791667 0.5833333 0.9791667 0.6666667 0.9583333 0.6666667 0.9791667 0.6666667 0.9791667 0.75 0.9583333 0.75 0.9791667 0.75 0.9791667 0.8333333 0.9583333 0.8333333 0.9791667 0.8333333 0.9791667 0.9166667 0.9583333 0.9166667 0.9791667 0.9166667 0.9791667 1 0.9583333 1 0.9583333 0 0.9791667 0 0.9791667 0.08333331 0.9791667 0.08333331 0.9791667 0.1666666 0.9583333 0.1666666 0.9583333 0.1666666 0.9791667 0.1666666 0.9791667 0.25 0.9791667 0.25 0.9791667 0.3333333 0.9583333 0.3333333 0.9583333 0.3333333 0.9791667 0.3333333 0.9791667 0.4166666 0.9583333 0.4166666 0.9791667 0.4166666 0.9791667 0.5 0.9791667 0.5 1 0.5 1 0.5833333 0.9791667 0.5833333 1 0.5833333 1 0.6666667 0.9791667 0.6666667 1 0.6666667 1 0.75 0.9791667 0.75 1 0.75 1 0.8333333 1 0.8333333 1 0.9166667 0.9791667 0.9166667 1 0.9166667 1 1 0.9791667 1 1 0 1 0.08333331 0.9791667 0.08333331 1 0.08333331 1 0.1666666 0.9791667 0.1666666 0.9791667 0.1666666 1 0.1666666 1 0.25 1 0.25 1 0.3333333 0.9791667 0.3333333 1 0.3333333 1 0.4166666 0.9791667 0.4166666 1 0.4166666 1 0.5 0.9791667 0.5 0.02083331 0.5 0.02083331 0.5833333 0 0.5833333 0.02083331 0.5833333 0.02083331 0.6666667 0 0.6666667 0.02083331 0.6666667 0.02083331 0.75 0 0.75 0.02083331 0.75 0.02083331 0.8333333 0 0.8333333 0 0.8333333 0.02083331 0.8333333 0.02083331 0.9166667 0.02083331 0.9166667 0.02083331 1 0 1 0.02083331 0 0.02083331 0.08333331 0 0.08333331 0.02083331 0.08333331 0.02083331 0.1666666 0 0.1666666 0.02083331 0.1666666 0.02083331 0.25 0 0.25 0.02083331 0.25 0.02083331 0.3333333 0 0.3333333 0 0.3333333 0.02083331 0.3333333 0.02083331 0.4166666 0 0.4166666 0.02083331 0.4166666 0.02083331 0.5 0.04166662 0.5 0.04166662 0.5833333 0.02083331 0.5833333 0.02083331 0.5833333 0.04166662 0.5833333 0.04166662 0.6666667 0.02083331 0.6666667 0.04166662 0.6666667 0.04166662 0.75 0.02083331 0.75 0.04166662 0.75 0.04166662 0.8333333 0.04166662 0.8333333 0.04166662 0.9166667 0.02083331 0.9166667 0.04166662 0.9166667 0.04166662 1 0.02083331 1 0.04166662 0 0.04166662 0.08333331 0.02083331 0.08333331 0.02083331 0.08333331 0.04166662 0.08333331 0.04166662 0.1666666 0.04166662 0.1666666 0.04166662 0.25 0.02083331 0.25 0.04166662 0.25 0.04166662 0.3333333 0.02083331 0.3333333 0.02083331 0.3333333 0.04166662 0.3333333 0.04166662 0.4166666 0.04166662 0.4166666 0.04166662 0.5 0.02083331 0.5 0.0625 0.5 0.0625 0.5833333 0.04166662 0.5833333 0.04166662 0.5833333 0.0625 0.5833333 0.0625 0.6666667 0.0625 0.6666667 0.0625 0.75 0.04166662 0.75 0.0625 0.75 0.0625 0.8333333 0.04166662 0.8333333 0.0625 0.8333333 0.0625 0.9166667 0.04166662 0.9166667 0.0625 0.9166667 0.0625 1 0.04166662 1 0.0625 0 0.0625 0.08333331 0.04166662 0.08333331 0.04166662 0.08333331 0.0625 0.08333331 0.0625 0.1666666 0.0625 0.1666666 0.0625 0.25 0.04166662 0.25 0.0625 0.25 0.0625 0.3333333 0.04166662 0.3333333 0.0625 0.3333333 0.0625 0.4166666 0.04166662 0.4166666 0.04166662 0.4166666 0.0625 0.4166666 0.0625 0.5 0.08333331 0.5 0.08333331 0.5833333 0.0625 0.5833333 0.0625 0.5833333 0.08333331 0.5833333 0.08333331 0.6666667 0.08333331 0.6666667 0.08333331 0.75 0.0625 0.75 0.0625 0.75 0.08333331 0.75 0.08333331 0.8333333 0.0625 0.8333333 0.08333331 0.8333333 0.08333331 0.9166667 0.0625 0.9166667 0.08333331 0.9166667 0.08333331 1 0.08333331 0 0.08333331 0.08333331 0.0625 0.08333331 0.08333331 0.08333331 0.08333331 0.1666666 0.0625 0.1666666 0.08333331 0.1666666 0.08333331 0.25 0.0625 0.25 0.0625 0.25 0.08333331 0.25 0.08333331 0.3333333 0.0625 0.3333333 0.08333331 0.3333333 0.08333331 0.4166666 0.0625 0.4166666 0.08333331 0.4166666 0.08333331 0.5 0.1041666 0.5 0.1041666 0.5833333 0.08333331 0.5833333 0.1041666 0.5833333 0.1041666 0.6666667 0.08333331 0.6666667 0.1041666 0.6666667 0.1041666 0.75 0.08333331 0.75 0.1041666 0.75 0.1041666 0.8333333 0.08333331 0.8333333 0.08333331 0.8333333 0.1041666 0.8333333 0.1041666 0.9166667 0.1041666 0.9166667 0.1041666 1 0.08333331 1 0.08333331 0 0.1041666 0 0.1041666 0.08333331 0.08333331 0.08333331 0.1041666 0.08333331 0.1041666 0.1666666 0.1041666 0.1666666 0.1041666 0.25 0.08333331 0.25 0.1041666 0.25 0.1041666 0.3333333 0.08333331 0.3333333 0.08333331 0.3333333 0.1041666 0.3333333 0.1041666 0.4166666 0.08333331 0.4166666 0.1041666 0.4166666 0.1041666 0.5 0.125 0.5 0.125 0.5833333 0.1041666 0.5833333 0.1041666 0.5833333 0.125 0.5833333 0.125 0.6666667 0.125 0.6666667 0.125 0.75 0.1041666 0.75 0.125 0.75 0.125 0.8333333 0.1041666 0.8333333 0.1041666 0.8333333 0.125 0.8333333 0.125 0.9166667 0.125 0.9166667 0.125 1 0.1041666 1 0.125 0 0.125 0.08333331 0.1041666 0.08333331 0.1041666 0.08333331 0.125 0.08333331 0.125 0.1666666 0.1041666 0.1666666 0.125 0.1666666 0.125 0.25 0.125 0.25 0.125 0.3333333 0.1041666 0.3333333 0.125 0.3333333 0.125 0.4166666 0.1041666 0.4166666 0.1041666 0.4166666 0.125 0.4166666 0.125 0.5 0.125 0.5 0.1458333 0.5 0.1458333 0.5833333 0.125 0.5833333 0.1458333 0.5833333 0.1458333 0.6666667 0.1458333 0.6666667 0.1458333 0.75 0.125 0.75 0.1458333 0.75 0.1458333 0.8333333 0.125 0.8333333 0.125 0.8333333 0.1458333 0.8333333 0.1458333 0.9166667 0.1458333 0.9166667 0.1458333 1 0.125 1 0.1458333 0 0.1458333 0.08333331 0.125 0.08333331 0.1458333 0.08333331 0.1458333 0.1666666 0.125 0.1666666 0.1458333 0.1666666 0.1458333 0.25 0.125 0.25 0.1458333 0.25 0.1458333 0.3333333 0.125 0.3333333 0.1458333 0.3333333 0.1458333 0.4166666 0.125 0.4166666 0.125 0.4166666 0.1458333 0.4166666 0.1458333 0.5 0.1666666 0.5 0.1666666 0.5833333 0.1458333 0.5833333 0.1666666 0.5833333 0.1666666 0.6666667 0.1458333 0.6666667 0.1666666 0.6666667 0.1666666 0.75 0.1458333 0.75 0.1458333 0.75 0.1666666 0.75 0.1666666 0.8333333 0.1458333 0.8333333 0.1666666 0.8333333 0.1666666 0.9166667 0.1458333 0.9166667 0.1666666 0.9166667 0.1666666 1 0.1666666 0 0.1666666 0.08333331 0.1458333 0.08333331 0.1458333 0.08333331 0.1666666 0.08333331 0.1666666 0.1666666 0.1458333 0.1666666 0.1666666 0.1666666 0.1666666 0.25 0.1666666 0.25 0.1666666 0.3333333 0.1458333 0.3333333 0.1666666 0.3333333 0.1666666 0.4166666 0.1458333 0.4166666 0.1666666 0.4166666 0.1666666 0.5 0.1458333 0.5 0.1666666 0.5 0.1875 0.5 0.1875 0.5833333 0.1875 0.5833333 0.1875 0.6666667 0.1666666 0.6666667 0.1666666 0.6666667 0.1875 0.6666667 0.1875 0.75 0.1666666 0.75 0.1875 0.75 0.1875 0.8333333 0.1875 0.8333333 0.1875 0.9166667 0.1666666 0.9166667 0.1875 0.9166667 0.1875 1 0.1666666 1 0.1875 0 0.1875 0.08333331 0.1666666 0.08333331 0.1875 0.08333331 0.1875 0.1666666 0.1666666 0.1666666 0.1875 0.1666666 0.1875 0.25 0.1666666 0.25 0.1666666 0.25 0.1875 0.25 0.1875 0.3333333 0.1875 0.3333333 0.1875 0.4166666 0.1666666 0.4166666 0.1666666 0.4166666 0.1875 0.4166666 0.1875 0.5 0.1875 0.5 0.2083333 0.5 0.2083333 0.5833333 0.2083333 0.5833333 0.2083333 0.6666667 0.1875 0.6666667 0.2083333 0.6666667 0.2083333 0.75 0.1875 0.75 0.2083333 0.75 0.2083333 0.8333333 0.1875 0.8333333 0.1875 0.8333333 0.2083333 0.8333333 0.2083333 0.9166667 0.1875 0.9166667 0.2083333 0.9166667 0.2083333 1 0.1875 0 0.2083333 0 0.2083333 0.08333331 0.2083333 0.08333331 0.2083333 0.1666666 0.1875 0.1666666 0.1875 0.1666666 0.2083333 0.1666666 0.2083333 0.25 0.1875 0.25 0.2083333 0.25 0.2083333 0.3333333 0.1875 0.3333333 0.2083333 0.3333333 0.2083333 0.4166666 0.2083333 0.4166666 0.2083333 0.5 0.1875 0.5 0.2083333 0.5 0.2291666 0.5 0.2291666 0.5833333 0.2083333 0.5833333 0.2291666 0.5833333 0.2291666 0.6666667 0.2083333 0.6666667 0.2291666 0.6666667 0.2291666 0.75 0.2083333 0.75 0.2291666 0.75 0.2291666 0.8333333 0.2291666 0.8333333 0.2291666 0.9166667 0.2083333 0.9166667 0.2291666 0.9166667 0.2291666 1 0.2083333 1 0.2291666 0 0.2291666 0.08333331 0.2083333 0.08333331 0.2291666 0.08333331 0.2291666 0.1666666 0.2083333 0.1666666 0.2291666 0.1666666 0.2291666 0.25 0.2083333 0.25 0.2291666 0.25 0.2291666 0.3333333 0.2083333 0.3333333 0.2291666 0.3333333 0.2291666 0.4166666 0.2083333 0.4166666 0.2291666 0.4166666 0.2291666 0.5 0.2083333 0.5 0.25 0.5 0.25 0.5833333 0.2291666 0.5833333 0.25 0.5833333 0.25 0.6666667 0.2291666 0.6666667 0.25 0.6666667 0.25 0.75 0.2291666 0.75 0.25 0.75 0.25 0.8333333 0.2291666 0.8333333 0.2291666 0.8333333 0.25 0.8333333 0.25 0.9166667 0.2291666 0.9166667 0.25 0.9166667 0.25 1 0.2291666 0 0.25 0 0.25 0.08333331 0.2291666 0.08333331 0.25 0.08333331 0.25 0.1666666 0.2291666 0.1666666 0.25 0.1666666 0.25 0.25 0.2291666 0.25 0.25 0.25 0.25 0.3333333 0.2291666 0.3333333 0.25 0.3333333 0.25 0.4166666 0.25 0.4166666 0.25 0.5 0.2291666 0.5 0.2708333 0.5 0.2708333 0.5833333 0.25 0.5833333 0.25 0.5833333 0.2708333 0.5833333 0.2708333 0.6666667 0.25 0.6666667 0.2708333 0.6666667 0.2708333 0.75 0.25 0.75 0.2708333 0.75 0.2708333 0.8333333 0.25 0.8333333 0.2708333 0.8333333 0.2708333 0.9166667 0.25 0.9166667 0.2708333 0.9166667 0.2708333 1 0.25 0 0.2708333 0 0.2708333 0.08333331 0.25 0.08333331 0.2708333 0.08333331 0.2708333 0.1666666 0.2708333 0.1666666 0.2708333 0.25 0.25 0.25 0.2708333 0.25 0.2708333 0.3333333 0.25 0.3333333 0.2708333 0.3333333 0.2708333 0.4166666 0.25 0.4166666 0.2708333 0.4166666 0.2708333 0.5 0.25 0.5 0.2708333 0.5 0.2916666 0.5 0.2916666 0.5833333 0.2916666 0.5833333 0.2916666 0.6666667 0.2708333 0.6666667 0.2708333 0.6666667 0.2916666 0.6666667 0.2916666 0.75 0.2916666 0.75 0.2916666 0.8333333 0.2708333 0.8333333 0.2916666 0.8333333 0.2916666 0.9166667 0.2708333 0.9166667 0.2916666 0.9166667 0.2916666 1 0.2708333 1 0.2916666 0 0.2916666 0.08333331 0.2708333 0.08333331 0.2916666 0.08333331 0.2916666 0.1666666 0.2708333 0.1666666 0.2708333 0.1666666 0.2916666 0.1666666 0.2916666 0.25 0.2916666 0.25 0.2916666 0.3333333 0.2708333 0.3333333 0.2708333 0.3333333 0.2916666 0.3333333 0.2916666 0.4166666 0.2708333 0.4166666 0.2916666 0.4166666 0.2916666 0.5 0.3125 0.5 0.3125 0.5833333 0.2916666 0.5833333 0.2916666 0.5833333 0.3125 0.5833333 0.3125 0.6666667 0.2916666 0.6666667 0.3125 0.6666667 0.3125 0.75 0.3125 0.75 0.3125 0.8333333 0.2916666 0.8333333 0.3125 0.8333333 0.3125 0.9166667 0.2916666 0.9166667 0.2916666 0.9166667 0.3125 0.9166667 0.3125 1 0.2916666 0 0.3125 0 0.3125 0.08333331 0.3125 0.08333331 0.3125 0.1666666 0.2916666 0.1666666 0.3125 0.1666666 0.3125 0.25 0.2916666 0.25 0.2916666 0.25 0.3125 0.25 0.3125 0.3333333 0.3125 0.3333333 0.3125 0.4166666 0.2916666 0.4166666 0.2916666 0.4166666 0.3125 0.4166666 0.3125 0.5 0.3125 0.5 0.3333333 0.5 0.3333333 0.5833333 0.3125 0.5833333 0.3333333 0.5833333 0.3333333 0.6666667 0.3333333 0.6666667 0.3333333 0.75 0.3125 0.75 0.3333333 0.75 0.3333333 0.8333333 0.3125 0.8333333 0.3125 0.8333333 0.3333333 0.8333333 0.3333333 0.9166667 0.3125 0.9166667 0.3333333 0.9166667 0.3333333 1 0.3333333 0 0.3333333 0.08333331 0.3125 0.08333331 0.3333333 0.08333331 0.3333333 0.1666666 0.3125 0.1666666 0.3125 0.1666666 0.3333333 0.1666666 0.3333333 0.25 0.3125 0.25 0.3333333 0.25 0.3333333 0.3333333 0.3333333 0.3333333 0.3333333 0.4166666 0.3125 0.4166666 0.3125 0.4166666 0.3333333 0.4166666 0.3333333 0.5 0.3333333 0.5 0.3541666 0.5 0.3541666 0.5833333 0.3541666 0.5833333 0.3541666 0.6666667 0.3333333 0.6666667 0.3541666 0.6666667 0.3541666 0.75 0.3333333 0.75 0.3541666 0.75 0.3541666 0.8333333 0.3333333 0.8333333 0.3541666 0.8333333 0.3541666 0.9166667 0.3333333 0.9166667 0.3541666 0.9166667 0.3541666 1 0.3333333 1 0.3333333 0 0.3541666 0 0.3541666 0.08333331 0.3333333 0.08333331 0.3541666 0.08333331 0.3541666 0.1666666 0.3333333 0.1666666 0.3541666 0.1666666 0.3541666 0.25 0.3333333 0.25 0.3541666 0.25 0.3541666 0.3333333 0.3541666 0.3333333 0.3541666 0.4166666 0.3333333 0.4166666 0.3541666 0.4166666 0.3541666 0.5 0.3333333 0.5 0.375 0.5 0.375 0.5833333 0.3541666 0.5833333 0.375 0.5833333 0.375 0.6666667 0.3541666 0.6666667 0.3541666 0.6666667 0.375 0.6666667 0.375 0.75 0.3541666 0.75 0.375 0.75 0.375 0.8333333 0.3541666 0.8333333 0.375 0.8333333 0.375 0.9166667 0.375 0.9166667 0.375 1 0.3541666 1 0.375 0 0.375 0.08333331 0.3541666 0.08333331 0.375 0.08333331 0.375 0.1666666 0.3541666 0.1666666 0.375 0.1666666 0.375 0.25 0.3541666 0.25 0.375 0.25 0.375 0.3333333 0.3541666 0.3333333 0.375 0.3333333 0.375 0.4166666 0.3541666 0.4166666 0.375 0.4166666 0.375 0.5 0.3541666 0.5 0.3958333 0.5 0.3958333 0.5833333 0.375 0.5833333 0.3958333 0.5833333 0.3958333 0.6666667 0.375 0.6666667 0.3958333 0.6666667 0.3958333 0.75 0.375 0.75 0.3958333 0.75 0.3958333 0.8333333 0.375 0.8333333 0.3958333 0.8333333 0.3958333 0.9166667 0.375 0.9166667 0.3958333 0.9166667 0.3958333 1 0.375 1 0.3958333 0 0.3958333 0.08333331 0.375 0.08333331 0.375 0.08333331 0.3958333 0.08333331 0.3958333 0.1666666 0.375 0.1666666 0.3958333 0.1666666 0.3958333 0.25 0.375 0.25 0.3958333 0.25 0.3958333 0.3333333 0.3958333 0.3333333 0.3958333 0.4166666 0.375 0.4166666 0.375 0.4166666 0.3958333 0.4166666 0.3958333 0.5 0.4166666 0.5 0.4166666 0.5833333 0.3958333 0.5833333 0.3958333 0.5833333 0.4166666 0.5833333 0.4166666 0.6666667 0.4166666 0.6666667 0.4166666 0.75 0.3958333 0.75 0.3958333 0.75 0.4166666 0.75 0.4166666 0.8333333 0.4166666 0.8333333 0.4166666 0.9166667 0.3958333 0.9166667 0.3958333 0.9166667 0.4166666 0.9166667 0.4166666 1 0.4166666 0 0.4166666 0.08333331 0.3958333 0.08333331 0.3958333 0.08333331 0.4166666 0.08333331 0.4166666 0.1666666 0.4166666 0.1666666 0.4166666 0.25 0.3958333 0.25 0.4166666 0.25 0.4166666 0.3333333 0.3958333 0.3333333 0.3958333 0.3333333 0.4166666 0.3333333 0.4166666 0.4166666 0.4166666 0.4166666 0.4166666 0.5 0.3958333 0.5 0.4375 0.5 0.4375 0.5833333 0.4166666 0.5833333 0.4166666 0.5833333 0.4375 0.5833333 0.4375 0.6666667 0.4166666 0.6666667 0.4375 0.6666667 0.4375 0.75 0.4166666 0.75 0.4375 0.75 0.4375 0.8333333 0.4375 0.8333333 0.4375 0.9166667 0.4166666 0.9166667 0.4166666 0.9166667 0.4375 0.9166667 0.4375 1 0.4166666 0 0.4375 0 0.4375 0.08333331 0.4166666 0.08333331 0.4375 0.08333331 0.4375 0.1666666 0.4375 0.1666666 0.4375 0.25 0.4166666 0.25 0.4375 0.25 0.4375 0.3333333 0.4166666 0.3333333 0.4166666 0.3333333 0.4375 0.3333333 0.4375 0.4166666 0.4166666 0.4166666 0.4375 0.4166666 0.4375 0.5 0.4375 0.5 0.4583333 0.5 0.4583333 0.5833333 0.4375 0.5833333 0.4583333 0.5833333 0.4583333 0.6666667 0.4583333 0.6666667 0.4583333 0.75 0.4375 0.75 0.4583333 0.75 0.4583333 0.8333333 0.4375 0.8333333 0.4583333 0.8333333 0.4583333 0.9166667 0.4375 0.9166667 0.4583333 0.9166667 0.4583333 1 0.4375 1 0.4583333 0 0.4583333 0.08333331 0.4375 0.08333331 0.4583333 0.08333331 0.4583333 0.1666666 0.4375 0.1666666 0.4583333 0.1666666 0.4583333 0.25 0.4375 0.25 0.4375 0.25 0.4583333 0.25 0.4583333 0.3333333 0.4375 0.3333333 0.4583333 0.3333333 0.4583333 0.4166666 0.4375 0.4166666 0.4583333 0.4166666 0.4583333 0.5 0.4791666 0.5 0.4791666 0.5833333 0.4583333 0.5833333 0.4583333 0.5833333 0.4791666 0.5833333 0.4791666 0.6666667 0.4583333 0.6666667 0.4791666 0.6666667 0.4791666 0.75 0.4583333 0.75 0.4791666 0.75 0.4791666 0.8333333 0.4583333 0.8333333 0.4791666 0.8333333 0.4791666 0.9166667 0.4791666 0.9166667 0.4791666 1 0.4583333 1 0.4791666 0 0.4791666 0.08333331 0.4583333 0.08333331 0.4791666 0.08333331 0.4791666 0.1666666 0.4583333 0.1666666 0.4791666 0.1666666 0.4791666 0.25 0.4583333 0.25 0.4791666 0.25 0.4791666 0.3333333 0.4583333 0.3333333 0.4791666 0.3333333 0.4791666 0.4166666 0.4583333 0.4166666 0.4791666 0.4166666 0.4791666 0.5 0.4583333 0.5 0.5 0.5 0.5 0.5833333 0.4791666 0.5833333 0.5 0.5833333 0.5 0.6666667 0.4791666 0.6666667 0.5 0.6666667 0.5 0.75 0.4791666 0.75 0.5 0.75 0.5 0.8333333 0.4791666 0.8333333 0.5 0.8333333 0.5 0.9166667 0.4791666 0.9166667 0.5 0.9166667 0.5 1 0.4791666 1 0.4791666 0 0.5 0 0.5 0.08333331 0.5 0.08333331 0.5 0.1666666 0.4791666 0.1666666 0.5 0.1666666 0.5 0.25 0.4791666 0.25 0.5 0.25 0.5 0.3333333 0.4791666 0.3333333 0.4791666 0.3333333 0.5 0.3333333 0.5 0.4166666 0.5 0.4166666 0.5 0.5 0.4791666 0.5 0 0 0 0 0 0 0 0 0 0 0 0 0 0 0 0 0 0 0 0 0 0 0 0 0 0 0 0 0 0 0 0 0 0 0 0 0 0 0 0 0 0 0 0 0 0 0 0 0 0 0 0 0 0 0 0 0 0 0 0 0 0 0 0 0 0 0 0 0 0 0 0 0 0 0 0 0 0 0 0 0 0 0 0 0 0 0 0 0 0 0 0 0 0 0 0 0 0 0 0 0 0 0 0 0 0 0 0 0 0 0 0 0 0 0 0 0 0 0 0 0 0 0 0 0 0 0 0 0 0 0 0 0 0 0 0 0 0 0 0 0 0 0 0 0 0 0 0 0 0 0 0 0 0 0 0 0 0 0 0 0 0 0 0 0 0 0 0 0 0 0 0 0 0 0 0 0 0 0 0 0 0 0 0 0 0 0 0 0 0 0 0 0 0 0 0 0 0 0 0 0 0 0 0 0 0 0 0 0 0 0 0 0 0 0 0 0 0 0 0 0 0 0 0 0 0 0 0 0 0 0 0 0 0 0 0 0 0 0 0 0 0 0 0 0 0 0 0 0 0 0 0 0 0 0 0 0 0 0 0 0 0 0 0 0 0 0 0 0 0 0 0 0 0 0 0 0 0 0 0 0 0 0 0 0 0 0 0 0 0 0 0 0 0 0 0 0 0 0 0 0 0 0 0 0 0 0 0 0 0 0 0 0 0 0 0 0 0 0 0 0 0 0 0 0 0 0 0 0 0 0 0 0 0 0 0 0 0 0 0 0 0 0 0 0 0 0 0 0 0 0 0 0 0 0 0 0 0 0 0 0 0 0 0 0 0 0 0 0 0 0 0 0 0 0 0 0 0 0 0 0 0 0 0 0 0 0 0 0 0 0 0 0 0 0 0 0 0 0 0 0 0 0 0 0 0 0 0 0 0 0 0 0 0 0 0 0 0 0 0 0 0 0 0 0 0 0 0 0 0 0 0 0 0 0 0 0 0 0 0 0 0 0 0 0 0 0 0 0 0 0 0 0 0 0 0 0 0 0 0 0 0 0 0 0 0 0 0 0 0 0 0 0 0 0 0 0 0 0 0 0 0 0 0 0 0 0 0 0 0 0 0 0 0 0 0 0 0 0 0 0 0 0 0 0 0 0 0 0 0 0 0 0 0 0 0 0 0 0 0 0 0 0 0 0 0 0 0 0 0 0 0 0 0 0 0 0 0 0 0 0 0 0 0 0 0 0 0 0 0 0 0 0 0 0 0 0 0 0 0 0 0 0 0 0 0 0 0 0 0 0 0 0 0 0 0 0 0 0 0 0 0 0 0 0 0 0 0 0 0 0 0 0 0 0 0 0 0 0 0 0 0 0 0 0 0 0 0 0 0 0 0 0 0 0 0 0 0 0 0 0 0 0 0 0 0 0 0 0 0 0 0 0 0 0 0 0 0 0 0 0 0 0 0 0 0 0 0 0 0 0 0 0 0 0 0 0 0 0 0 0 0 0 0 0 0 0 0 0 0 0 0 0 0 0 0 0 0 0 0 0 0 0 0 0 0 0 0 0 0 0 0 0 0 0 0 0 0 0 0 0 0 0 0 0 0 0 0 0 0 0 0 0 0 0 0 0 0 0 0 0 0 0 0 0 0 0 0 0 0 0 0 0 0 0 0 0 0 0 0 0 0 0 0 0 0 0 0 0 0 0 0 0 0 0 0 0 0 0 0 0 0 0 0 0 0 0 0 0 0 0 0 0 0 0 0 0 0 0 0 0 0 0 0 0 0 0 0 0 0 0 0 0 0 0 0 0 0 0 0 0 0 0 0 0 0 0 0 0 0 0 0 0 0 0 0 0 0 0 0 0 0 0 0 0 0 0 0 0 0 0 0 0 0 0 0 0 0 0 0 0 0 0 0 0 0 0 0 0 0 0 0 0 0 0 0 0 0 0 0 0 0 0 0 0 0 0 0 0 0 0 0 0 0 0 0 0 0 0 0 0 0 0 0 0 0 0 0 0 0 0 0 0 0 0 0 0 0 0 0 0 0 0 0 0 0 0 0 0 0 0 0 0 0 0 0 0 0 0 0 0 0 0 0 0 0 0 0 0 0 0 0 0 0 0 0 0 0 0 0 0 0 0.7813878 0.2186122 0.7813878 0.2186122 0.7813878 0.7813878 0 0 1 0 1 1 0 0 1 0 1 0 1 1 1 1 1 0 0 1 0 0 0 0 0 1 0 1 1 1 0.2186122 0.7813878 0.2186122 0.2186122 0 0 0.7813878 0.2186122 1 0 0 0 0.7813878 0.7813878 1 1 1 0 0.2186122 0.7813878 0 1 1 1 0.2186122 0.2186122 0.2186122 0.7813878 0.7813878 0.7813878 0.2186122 0.7813878 0.2186122 0.7813878 0.2186122 0.2186122 0.2186122 0.7813878 0.7813878 0.7813878 0.7813878 0.7813878 0.2186122 0.2186122 0.2186122 0.2186122 0.7813878 0.2186122 0.7813878 0.7813878 0.7813878 0.2186122 0.7813878 0.2186122 0 0 1 0 1 1 0 0 1 0 1 0 1 1 1 1 1 0 0 1 0 0 0 0 0 1 0 1 1 1 0.2186122 0.7813878 0.2186122 0.2186122 0 0 0.2186122 0.2186122 0.7813878 0.2186122 1 0 0.7813878 0.2186122 0.7813878 0.7813878 1 1 0.2186122 0.7813878 0 1 1 1 0.2186122 0.7813878 0.7813878 0.7813878 0.7813878 0.2186122 0.2186122 0.7813878 0.2186122 0.7813878 0.2186122 0.2186122 0.7813878 0.7813878 0.7813878 0.7813878 0.2186122 0.7813878 0.7813878 0.2186122 0.2186122 0.2186122 0.2186122 0.2186122 0.7813878 0.2186122 0.7813878 0.2186122 0.7813878 0.7813878 1 0 1 1 0 1 0 0 1 0 1 0 1 1 1 1 1 0 0 0 0 0 0 1 1 1 0 1 0 1 0.2186122 0.2186122 0 0 0 1 0.7813878 0.2186122 1 0 0 0 0.7813878 0.2186122 0.7813878 0.7813878 1 1 0.7813878 0.7813878 0.2186122 0.7813878 0 1 0.2186122 0.2186122 0.2186122 0.7813878 0.7813878 0.7813878 0.2186122 0.7813878 0.2186122 0.7813878 0.2186122 0.2186122 0.2186122 0.7813878 0.7813878 0.7813878 0.7813878 0.7813878 0.7813878 0.2186122 0.2186122 0.2186122 0.2186122 0.2186122 0.7813878 0.2186122 0.7813878 0.2186122 0.7813878 0.7813878 0 0 1 0 1 1 0 0 1 0 1 0 1 1 1 1 1 0 0 1 0 0 0 0 1 1 0 1 0 1 0.2186122 0.2186122 0 0 0 1 0.7813878 0.2186122 1 0 0 0 0.7813878 0.2186122 0.7813878 0.7813878 1 1 0.2186122 0.7813878 0 1 1 1 0.2186122 0.2186122 0.2186122 0.7813878 0.7813878 0.7813878 0.2186122 0.7813878 0.2186122 0.7813878 0.2186122 0.2186122 0.7813878 0.7813878 0.7813878 0.7813878 0.2186122 0.7813878 0.2186122 0.2186122 0.2186122 0.2186122 0.7813878 0.2186122 0.7813878 0.7813878 0.7813878 0.2186122 0.7813878 0.2186122 0 0 1 0 1 1 1 0 1 0 0 0 1 1 1 1 1 0 0 1 0 0 0 0 1 1 0 1 0 1 0.2186122 0.7813878 0.2186122 0.2186122 0 0 0.2186122 0.2186122 0.7813878 0.2186122 1 0 0.7813878 0.7813878 1 1 1 0 0.2186122 0.7813878 0 1 1 1 0.2186122 0.7813878 0.7813878 0.7813878 0.7813878 0.2186122 0.2186122 0.2186122 0.2186122 0.7813878 0.2186122 0.7813878 0.7813878 0.7813878 0.7813878 0.7813878 0.2186122 0.7813878 0.2186122 0.2186122 0.2186122 0.2186122 0.7813878 0.2186122 1 1 0.8 1 0.8 0.5 0.8 0.5 0.8 1 0.6 1 0.6 1 0.4 1 0.4 0.5 0.3910685 0.0558359 0.4782536 0.3241641 0.25 0.49 0.25 0.49 0.02174639 0.3241641 0.1089315 0.0558359 0.4 1 0.2 1 0.2 0.5 0.2 1 0 1 0 0.5 0.5217465 0.3241641 0.75 0.49 0.9782536 0.3241641 0.9782536 0.3241641 0.8910685 0.0558359 0.6089316 0.0558359</float_array>
          <technique_common>
            <accessor source="#Circle_006-mesh-map-0-array" count="6108" stride="2">
              <param name="S" type="float"/>
              <param name="T" type="float"/>
            </accessor>
          </technique_common>
        </source>
        <vertices id="Circle_006-mesh-vertices">
          <input semantic="POSITION" source="#Circle_006-mesh-positions"/>
        </vertices>
        <triangles material="Llanta_mat_003-material" count="442">
          <input semantic="VERTEX" source="#Circle_006-mesh-vertices" offset="0"/>
          <input semantic="NORMAL" source="#Circle_006-mesh-normals" offset="1"/>
          <input semantic="TEXCOORD" source="#Circle_006-mesh-map-0" offset="2" set="0"/>
          <p>117 0 0 73 1 1 115 2 2 101 3 3 64 4 4 97 5 5 98 6 6 95 7 7 159 8 8 105 9 9 67 10 10 103 11 11 107 12 12 68 13 13 105 9 14 109 14 15 69 15 16 107 12 17 111 16 18 70 17 19 109 14 20 113 18 21 71 19 22 111 16 23 114 20 24 8 21 25 9 22 26 115 2 27 72 23 28 113 18 29 119 24 30 74 25 31 117 0 32 121 26 33 75 27 34 119 24 35 123 28 36 76 29 37 121 26 38 125 30 39 77 31 40 123 28 41 127 32 42 78 33 43 125 30 44 129 34 45 79 35 46 127 32 47 131 36 48 80 37 49 129 34 50 131 36 51 82 38 52 81 39 53 135 40 54 82 38 55 133 41 56 137 42 57 83 43 58 135 40 59 139 44 60 84 45 61 137 42 62 141 46 63 85 47 64 139 44 65 143 48 66 86 49 67 141 46 68 145 50 69 87 51 70 143 48 71 147 52 72 88 53 73 145 50 74 149 54 75 89 55 76 147 52 77 151 56 78 90 57 79 149 54 80 153 58 81 91 59 82 151 56 83 155 60 84 92 61 85 153 58 86 157 62 87 93 63 88 155 60 89 159 8 90 94 64 91 157 62 92 55 65 93 47 66 94 39 67 95 103 11 96 66 68 97 101 3 98 89 55 99 39 67 100 88 53 101 142 69 102 22 70 103 23 71 104 114 20 105 10 21 106 116 72 107 142 69 108 24 21 109 144 73 110 116 72 111 11 74 112 118 75 113 146 76 114 24 21 115 25 77 116 118 75 117 12 78 118 120 79 119 146 76 120 26 80 121 148 81 122 122 82 123 12 78 124 13 83 125 148 81 126 27 84 127 150 85 128 124 86 129 13 83 130 14 87 131 96 88 132 0 21 133 1 89 134 150 85 135 28 90 136 152 91 137 126 92 138 14 87 139 15 93 140 96 88 141 2 94 142 100 95 143 154 96 144 28 90 145 29 97 146 126 92 147 16 21 148 128 98 149 100 95 150 3 99 151 102 100 152 156 101 153 29 97 154 30 102 155 130 103 156 16 21 157 17 104 158 102 100 159 4 105 160 104 106 161 158 107 162 30 102 163 31 93 164 130 103 165 18 108 166 132 109 167 106 110 168 4 105 169 5 111 170 158 107 171 0 21 172 99 112 173 132 109 174 19 113 175 134 114 176 108 115 177 5 111 178 6 21 179 134 114 180 20 116 181 136 117 182 108 115 183 7 118 184 110 119 185 136 117 186 21 120 187 138 121 188 110 119 189 8 21 190 112 122 191 140 123 192 21 120 193 22 70 194 97 5 195 99 112 196 96 88 197 97 5 198 100 95 199 101 3 200 101 3 201 102 100 202 103 11 203 103 11 204 104 106 205 105 9 206 107 12 207 104 106 208 106 110 209 107 12 210 108 115 211 109 14 212 109 14 213 110 119 214 111 16 215 111 16 216 112 122 217 113 18 218 115 2 219 112 122 220 114 20 221 117 0 222 114 20 223 116 72 224 119 24 225 116 72 226 118 75 227 121 26 228 118 75 229 120 79 230 123 28 231 120 79 232 122 82 233 125 30 234 122 82 235 124 86 236 127 32 237 124 86 238 126 92 239 127 32 240 128 98 241 129 34 242 129 34 243 130 103 244 131 36 245 131 36 246 132 109 247 133 41 248 135 40 249 132 109 250 134 114 251 137 42 252 134 114 253 136 117 254 137 42 255 138 121 256 139 44 257 139 44 258 140 123 259 141 46 260 143 48 261 140 123 262 142 69 263 145 50 264 142 69 265 144 73 266 145 50 267 146 76 268 147 52 269 147 52 270 148 81 271 149 54 272 149 54 273 150 85 274 151 56 275 151 56 276 152 91 277 153 58 278 153 58 279 154 96 280 155 60 281 155 60 282 156 101 283 157 62 284 159 8 285 156 101 286 158 107 287 159 8 288 99 112 289 98 6 290 97 5 291 65 124 292 98 6 293 76 29 294 52 125 295 75 27 296 90 57 297 38 126 298 89 55 299 77 31 300 51 127 301 76 29 302 91 59 303 37 128 304 90 57 305 78 33 306 50 129 307 77 31 308 64 4 309 62 130 310 65 124 311 92 61 312 36 131 313 91 59 314 79 35 315 49 132 316 78 33 317 66 68 318 63 133 319 64 4 320 93 63 321 35 134 322 92 61 323 80 37 324 48 135 325 79 35 326 67 10 327 61 136 328 66 68 329 94 64 330 34 137 331 93 63 332 81 39 333 47 66 334 80 37 335 68 13 336 60 138 337 67 10 338 95 7 339 33 139 340 94 64 341 82 38 342 46 140 343 81 39 344 69 15 345 59 141 346 68 13 347 65 124 348 32 142 349 95 7 350 83 43 351 45 143 352 82 38 353 70 17 354 58 144 355 69 15 356 84 45 357 44 145 358 83 43 359 71 19 360 57 146 361 70 17 362 85 47 363 43 147 364 84 45 365 72 23 366 56 148 367 71 19 368 86 49 369 42 149 370 85 47 371 73 1 372 55 65 373 72 23 374 87 51 375 41 150 376 86 49 377 74 25 378 54 151 379 73 1 380 88 53 381 40 152 382 87 51 383 75 27 384 53 153 385 74 25 386 163 154 387 174 155 388 175 156 389 166 157 390 164 158 391 165 159 392 170 160 393 165 159 394 169 161 395 171 162 396 166 157 397 170 160 398 168 163 399 165 159 400 164 158 401 168 163 402 167 164 403 171 162 404 160 165 405 168 163 406 162 166 407 160 165 408 170 160 409 169 161 410 161 167 411 171 162 412 170 160 413 162 166 414 171 162 415 163 154 416 173 168 417 175 156 418 174 155 419 162 166 420 173 168 421 160 165 422 162 166 423 175 156 424 172 169 425 160 165 426 174 155 427 161 167 428 177 170 429 191 171 430 179 172 431 181 173 432 183 174 433 180 175 434 186 176 435 181 173 436 185 177 437 186 176 438 183 174 439 182 178 440 185 177 441 180 175 442 184 179 443 187 180 444 180 175 445 183 174 446 178 181 447 185 177 448 184 179 449 177 170 450 185 177 451 176 182 452 177 170 453 187 180 454 186 176 455 179 172 456 184 179 457 187 180 458 188 183 459 190 184 460 189 185 461 178 181 462 189 185 463 176 182 464 179 172 465 188 183 466 178 181 467 176 182 468 190 184 469 177 170 470 193 186 471 207 187 472 195 188 473 198 189 474 196 190 475 197 191 476 202 192 477 197 191 478 201 193 479 203 194 480 198 189 481 202 192 482 201 193 483 196 190 484 200 195 485 203 194 486 196 190 487 199 196 488 192 197 489 200 195 490 194 198 491 193 186 492 201 193 493 192 197 494 193 186 495 203 194 496 202 192 497 194 198 498 203 194 499 195 188 500 205 199 501 207 187 502 206 200 503 194 198 504 205 199 505 192 197 506 195 188 507 204 201 508 194 198 509 192 197 510 206 200 511 193 186 512 209 202 513 223 203 514 211 204 515 214 205 516 212 206 517 213 207 518 218 208 519 213 207 520 217 209 521 219 210 522 214 205 523 218 208 524 217 209 525 212 206 526 216 211 527 216 211 528 215 212 529 219 210 530 210 213 531 217 209 532 216 211 533 209 202 534 217 209 535 208 214 536 209 202 537 219 210 538 218 208 539 211 204 540 216 211 541 219 210 542 221 215 543 223 203 544 222 216 545 210 213 546 221 215 547 208 214 548 210 213 549 223 203 550 220 217 551 208 214 552 222 216 553 209 202 554 225 218 555 239 219 556 227 220 557 229 221 558 231 222 559 228 223 560 233 224 561 230 225 562 229 221 563 235 226 564 230 225 565 234 227 566 233 224 567 228 223 568 232 228 569 232 228 570 231 222 571 235 226 572 226 229 573 233 224 574 232 228 575 224 230 576 234 227 577 233 224 578 227 220 579 234 227 580 225 218 581 226 229 582 235 226 583 227 220 584 237 231 585 239 219 586 238 232 587 226 229 588 237 231 589 224 230 590 226 229 591 239 219 592 236 233 593 224 230 594 238 232 595 225 218 596 240 234 597 243 235 598 242 236 599 243 235 600 244 237 601 242 236 602 245 238 603 246 239 604 244 237 605 241 240 606 249 241 607 247 242 608 247 242 609 248 243 610 246 239 611 248 243 612 241 240 613 240 234 614 242 236 615 246 239 616 248 243 617 117 0 2964 74 25 2965 73 1 2966 101 3 2967 66 68 2968 64 4 2969 98 6 2970 65 124 2971 95 7 2972 105 9 2973 68 13 2974 67 10 2975 107 12 2976 69 15 2977 68 13 2978 109 14 2979 70 17 2980 69 15 2981 111 16 2982 71 19 2983 70 17 2984 113 18 2985 72 23 2986 71 19 2987 114 20 2988 112 122 2989 8 21 2990 115 2 2991 73 1 2992 72 23 2993 119 24 2994 75 27 2995 74 25 2996 121 26 2997 76 29 2998 75 27 2999 123 28 3000 77 31 3001 76 29 3002 125 30 3003 78 33 3004 77 31 3005 127 32 3006 79 35 3007 78 33 3008 129 34 3009 80 37 3010 79 35 3011 131 36 3012 81 39 3013 80 37 3014 131 36 3015 133 41 3016 82 38 3017 135 40 3018 83 43 3019 82 38 3020 137 42 3021 84 45 3022 83 43 3023 139 44 3024 85 47 3025 84 45 3026 141 46 3027 86 49 3028 85 47 3029 143 48 3030 87 51 3031 86 49 3032 145 50 3033 88 53 3034 87 51 3035 147 52 3036 89 55 3037 88 53 3038 149 54 3039 90 57 3040 89 55 3041 151 56 3042 91 59 3043 90 57 3044 153 58 3045 92 61 3046 91 59 3047 155 60 3048 93 63 3049 92 61 3050 157 62 3051 94 64 3052 93 63 3053 159 8 3054 95 7 3055 94 64 3056 62 130 3057 63 133 3058 61 136 3059 61 136 3060 60 138 3061 59 141 3062 59 141 3063 58 144 3064 57 146 3065 57 146 3066 56 148 3067 59 141 3068 56 148 3069 55 65 3070 59 141 3071 55 65 3072 54 151 3073 51 127 3074 54 151 3075 53 153 3076 51 127 3077 53 153 3078 52 125 3079 51 127 3080 51 127 3081 50 129 3082 49 132 3083 49 132 3084 48 135 3085 51 127 3086 48 135 3087 47 66 3088 51 127 3089 47 66 3090 46 140 3091 45 143 3092 45 143 3093 44 145 3094 47 66 3095 44 145 3096 43 147 3097 47 66 3098 43 147 3099 42 149 3100 41 150 3101 41 150 3102 40 152 3103 43 147 3104 40 152 3105 39 67 3106 43 147 3107 39 67 3108 38 126 3109 35 134 3110 38 126 3111 37 128 3112 35 134 3113 37 128 3114 36 131 3115 35 134 3116 35 134 3117 34 137 3118 62 130 3119 34 137 3120 33 139 3121 62 130 3122 33 139 3123 32 142 3124 62 130 3125 62 130 3126 61 136 3127 55 65 3128 61 136 3129 59 141 3130 55 65 3131 55 65 3132 51 127 3133 47 66 3134 47 66 3135 43 147 3136 39 67 3137 39 67 3138 35 134 3139 62 130 3140 62 130 3141 55 65 3142 39 67 3143 103 11 3144 67 10 3145 66 68 3146 89 55 3147 38 126 3148 39 67 3149 142 69 3150 140 123 3151 22 70 3152 114 20 3153 9 22 3154 10 21 3155 142 69 3156 23 71 3157 24 21 3158 116 72 3159 10 21 3160 11 74 3161 146 76 3162 144 73 3163 24 21 3164 118 75 3165 11 74 3166 12 78 3167 146 76 3168 25 77 3169 26 80 3170 122 82 3171 120 79 3172 12 78 3173 148 81 3174 26 80 3175 27 84 3176 124 86 3177 122 82 3178 13 83 3179 96 88 3180 99 112 3181 0 21 3182 150 85 3183 27 84 3184 28 90 3185 126 92 3186 124 86 3187 14 87 3188 96 88 3189 1 89 3190 2 94 3191 154 96 3192 152 91 3193 28 90 3194 126 92 3195 15 93 3196 16 21 3197 100 95 3198 2 94 3199 3 99 3200 156 101 3201 154 96 3202 29 97 3203 130 103 3204 128 98 3205 16 21 3206 102 100 3207 3 99 3208 4 105 3209 158 107 3210 156 101 3211 30 102 3212 130 103 3213 17 104 3214 18 108 3215 106 110 3216 104 106 3217 4 105 3218 158 107 3219 31 93 3220 0 21 3221 132 109 3222 18 108 3223 19 113 3224 108 115 3225 106 110 3226 5 111 3227 134 114 3228 19 113 3229 20 116 3230 108 115 3231 6 21 3232 7 118 3233 136 117 3234 20 116 3235 21 120 3236 110 119 3237 7 118 3238 8 21 3239 140 123 3240 138 121 3241 21 120 3242 97 5 3243 98 6 3244 99 112 3245 97 5 3246 96 88 3247 100 95 3248 101 3 3249 100 95 3250 102 100 3251 103 11 3252 102 100 3253 104 106 3254 107 12 3255 105 9 3256 104 106 3257 107 12 3258 106 110 3259 108 115 3260 109 14 3261 108 115 3262 110 119 3263 111 16 3264 110 119 3265 112 122 3266 115 2 3267 113 18 3268 112 122 3269 117 0 3270 115 2 3271 114 20 3272 119 24 3273 117 0 3274 116 72 3275 121 26 3276 119 24 3277 118 75 3278 123 28 3279 121 26 3280 120 79 3281 125 30 3282 123 28 3283 122 82 3284 127 32 3285 125 30 3286 124 86 3287 127 32 3288 126 92 3289 128 98 3290 129 34 3291 128 98 3292 130 103 3293 131 36 3294 130 103 3295 132 109 3296 135 40 3297 133 41 3298 132 109 3299 137 42 3300 135 40 3301 134 114 3302 137 42 3303 136 117 3304 138 121 3305 139 44 3306 138 121 3307 140 123 3308 143 48 3309 141 46 3310 140 123 3311 145 50 3312 143 48 3313 142 69 3314 145 50 3315 144 73 3316 146 76 3317 147 52 3318 146 76 3319 148 81 3320 149 54 3321 148 81 3322 150 85 3323 151 56 3324 150 85 3325 152 91 3326 153 58 3327 152 91 3328 154 96 3329 155 60 3330 154 96 3331 156 101 3332 159 8 3333 157 62 3334 156 101 3335 159 8 3336 158 107 3337 99 112 3338 97 5 3339 64 4 3340 65 124 3341 76 29 3342 51 127 3343 52 125 3344 90 57 3345 37 128 3346 38 126 3347 77 31 3348 50 129 3349 51 127 3350 91 59 3351 36 131 3352 37 128 3353 78 33 3354 49 132 3355 50 129 3356 64 4 3357 63 133 3358 62 130 3359 92 61 3360 35 134 3361 36 131 3362 79 35 3363 48 135 3364 49 132 3365 66 68 3366 61 136 3367 63 133 3368 93 63 3369 34 137 3370 35 134 3371 80 37 3372 47 66 3373 48 135 3374 67 10 3375 60 138 3376 61 136 3377 94 64 3378 33 139 3379 34 137 3380 81 39 3381 46 140 3382 47 66 3383 68 13 3384 59 141 3385 60 138 3386 95 7 3387 32 142 3388 33 139 3389 82 38 3390 45 143 3391 46 140 3392 69 15 3393 58 144 3394 59 141 3395 65 124 3396 62 130 3397 32 142 3398 83 43 3399 44 145 3400 45 143 3401 70 17 3402 57 146 3403 58 144 3404 84 45 3405 43 147 3406 44 145 3407 71 19 3408 56 148 3409 57 146 3410 85 47 3411 42 149 3412 43 147 3413 72 23 3414 55 65 3415 56 148 3416 86 49 3417 41 150 3418 42 149 3419 73 1 3420 54 151 3421 55 65 3422 87 51 3423 40 152 3424 41 150 3425 74 25 3426 53 153 3427 54 151 3428 88 53 3429 39 67 3430 40 152 3431 75 27 3432 52 125 3433 53 153 3434 163 154 3435 161 167 3436 174 155 3437 166 157 3438 167 164 3439 164 158 3440 170 160 3441 166 157 3442 165 159 3443 171 162 3444 167 164 3445 166 157 3446 168 163 3447 169 161 3448 165 159 3449 168 163 3450 164 158 3451 167 164 3452 160 165 3453 169 161 3454 168 163 3455 160 165 3456 161 167 3457 170 160 3458 161 167 3459 163 154 3460 171 162 3461 162 166 3462 168 163 3463 171 162 3464 173 168 3465 172 169 3466 175 156 3467 162 166 3468 172 169 3469 173 168 3470 162 166 3471 163 154 3472 175 156 3473 160 165 3474 173 168 3475 174 155 3476 177 170 3477 190 184 3478 191 171 3479 181 173 3480 182 178 3481 183 174 3482 186 176 3483 182 178 3484 181 173 3485 186 176 3486 187 180 3487 183 174 3488 185 177 3489 181 173 3490 180 175 3491 187 180 3492 184 179 3493 180 175 3494 178 181 3495 176 182 3496 185 177 3497 177 170 3498 186 176 3499 185 177 3500 177 170 3501 179 172 3502 187 180 3503 179 172 3504 178 181 3505 184 179 3506 188 183 3507 191 171 3508 190 184 3509 178 181 3510 188 183 3511 189 185 3512 179 172 3513 191 171 3514 188 183 3515 176 182 3516 189 185 3517 190 184 3518 193 186 3519 206 200 3520 207 187 3521 198 189 3522 199 196 3523 196 190 3524 202 192 3525 198 189 3526 197 191 3527 203 194 3528 199 196 3529 198 189 3530 201 193 3531 197 191 3532 196 190 3533 203 194 3534 200 195 3535 196 190 3536 192 197 3537 201 193 3538 200 195 3539 193 186 3540 202 192 3541 201 193 3542 193 186 3543 195 188 3544 203 194 3545 194 198 3546 200 195 3547 203 194 3548 205 199 3549 204 201 3550 207 187 3551 194 198 3552 204 201 3553 205 199 3554 195 188 3555 207 187 3556 204 201 3557 192 197 3558 205 199 3559 206 200 3560 209 202 3561 222 216 3562 223 203 3563 214 205 3564 215 212 3565 212 206 3566 218 208 3567 214 205 3568 213 207 3569 219 210 3570 215 212 3571 214 205 3572 217 209 3573 213 207 3574 212 206 3575 216 211 3576 212 206 3577 215 212 3578 210 213 3579 208 214 3580 217 209 3581 209 202 3582 218 208 3583 217 209 3584 209 202 3585 211 204 3586 219 210 3587 211 204 3588 210 213 3589 216 211 3590 221 215 3591 220 217 3592 223 203 3593 210 213 3594 220 217 3595 221 215 3596 210 213 3597 211 204 3598 223 203 3599 208 214 3600 221 215 3601 222 216 3602 225 218 3603 238 232 3604 239 219 3605 229 221 3606 230 225 3607 231 222 3608 233 224 3609 234 227 3610 230 225 3611 235 226 3612 231 222 3613 230 225 3614 233 224 3615 229 221 3616 228 223 3617 232 228 3618 228 223 3619 231 222 3620 226 229 3621 224 230 3622 233 224 3623 224 230 3624 225 218 3625 234 227 3626 227 220 3627 235 226 3628 234 227 3629 226 229 3630 232 228 3631 235 226 3632 237 231 3633 236 233 3634 239 219 3635 226 229 3636 236 233 3637 237 231 3638 226 229 3639 227 220 3640 239 219 3641 224 230 3642 237 231 3643 238 232 3644 240 234 3645 241 240 3646 243 235 3647 243 235 3648 245 238 3649 244 237 3650 245 238 3651 247 242 3652 246 239 3653 245 238 3654 243 235 3655 247 242 3656 243 235 3657 241 240 3658 247 242 3659 247 242 3660 249 241 3661 248 243 3662 248 243 3663 249 241 3664 241 240 3665 248 243 3666 240 234 3667 242 236 3668 242 236 3669 244 237 3670 246 239 3671</p>
        </triangles>
        <triangles material="Rueda_mat_002-material" count="1152">
          <input semantic="VERTEX" source="#Circle_006-mesh-vertices" offset="0"/>
          <input semantic="NORMAL" source="#Circle_006-mesh-normals" offset="1"/>
          <input semantic="TEXCOORD" source="#Circle_006-mesh-map-0" offset="2" set="0"/>
          <p>250 244 618 263 245 619 251 246 620 251 246 621 264 247 622 252 248 623 252 248 624 265 249 625 253 250 626 253 250 627 266 251 628 254 252 629 254 252 630 267 253 631 255 254 632 255 254 633 268 255 634 256 256 635 268 255 636 257 257 637 256 256 638 269 258 639 258 259 640 257 257 641 258 259 642 271 260 643 259 261 644 259 261 645 272 262 646 260 263 647 272 262 648 261 264 649 260 263 650 273 265 651 250 244 652 261 264 653 274 266 654 263 245 655 262 267 656 275 268 657 264 247 658 263 245 659 276 269 660 265 249 661 264 247 662 277 270 663 266 251 664 265 249 665 278 271 666 267 253 667 266 251 668 267 253 669 280 272 670 268 255 671 280 272 672 269 258 673 268 255 674 269 258 675 282 273 676 270 274 677 270 274 678 283 275 679 271 260 680 283 275 681 272 262 682 271 260 683 284 276 684 273 265 685 272 262 686 273 265 687 274 266 688 262 267 689 286 277 690 275 268 691 274 266 692 287 278 693 276 269 694 275 268 695 276 269 696 289 279 697 277 270 698 277 270 699 290 280 700 278 271 701 278 271 702 291 281 703 279 282 704 279 282 705 292 283 706 280 272 707 280 272 708 293 284 709 281 285 710 293 284 711 282 273 712 281 285 713 282 273 714 295 286 715 283 275 716 283 275 717 296 287 718 284 276 719 296 287 720 285 288 721 284 276 722 297 289 723 274 266 724 285 288 725 298 290 726 287 278 727 286 277 728 299 291 729 288 292 730 287 278 731 288 292 732 301 293 733 289 279 734 301 293 735 290 280 736 289 279 737 302 294 738 291 281 739 290 280 740 303 295 741 292 283 742 291 281 743 304 296 744 293 284 745 292 283 746 305 297 747 294 298 748 293 284 749 294 298 750 307 299 751 295 286 752 295 286 753 308 300 754 296 287 755 308 300 756 297 289 757 296 287 758 309 301 759 286 277 760 297 289 761 298 290 762 311 302 763 299 291 764 311 302 765 300 303 766 299 291 767 300 303 768 313 304 769 301 293 770 313 304 771 302 294 772 301 293 773 314 305 774 303 295 775 302 294 776 315 306 777 304 296 778 303 295 779 304 296 780 317 307 781 305 297 782 317 307 783 306 308 784 305 297 785 306 308 786 319 309 787 307 299 788 307 299 789 320 310 790 308 300 791 320 310 792 309 301 793 308 300 794 309 301 795 310 311 796 298 290 797 322 312 798 311 302 799 310 311 800 323 313 801 312 314 802 311 302 803 312 314 804 325 315 805 313 304 806 325 315 807 314 305 808 313 304 809 326 316 810 315 306 811 314 305 812 315 306 813 328 317 814 316 318 815 316 318 816 329 319 817 317 307 818 329 319 819 318 320 820 317 307 821 318 320 822 331 321 823 319 309 824 319 309 825 332 322 826 320 310 827 320 310 828 333 323 829 321 324 830 333 323 831 310 311 832 321 324 833 322 312 834 335 325 835 323 313 836 323 313 837 336 326 838 324 327 839 336 326 840 325 315 841 324 327 842 337 328 843 326 316 844 325 315 845 338 329 846 327 330 847 326 316 848 327 330 849 340 331 850 328 317 851 328 317 852 341 332 853 329 319 854 341 332 855 330 333 856 329 319 857 330 333 858 343 334 859 331 321 860 331 321 861 344 335 862 332 322 863 332 322 864 345 336 865 333 323 866 345 336 867 322 312 868 333 323 869 334 337 870 347 338 871 335 325 872 335 325 873 348 339 874 336 326 875 336 326 876 349 340 877 337 328 878 337 328 879 350 341 880 338 329 881 338 329 882 351 342 883 339 343 884 351 342 885 340 331 886 339 343 887 340 331 888 353 344 889 341 332 890 353 344 891 342 345 892 341 332 893 354 346 894 343 334 895 342 345 896 355 347 897 344 335 898 343 334 899 344 335 900 357 348 901 345 336 902 357 348 903 334 337 904 345 336 905 358 349 906 347 338 907 346 350 908 347 338 909 360 351 910 348 339 911 360 351 912 349 340 913 348 339 914 361 352 915 350 341 916 349 340 917 362 353 918 351 342 919 350 341 920 363 354 921 352 355 922 351 342 923 352 355 924 365 356 925 353 344 926 353 344 927 366 357 928 354 346 929 366 357 930 355 347 931 354 346 932 355 347 933 368 358 934 356 359 935 356 359 936 369 360 937 357 348 938 369 360 939 346 350 940 357 348 941 358 349 942 371 361 943 359 362 944 371 361 945 360 351 946 359 362 947 372 363 948 361 352 949 360 351 950 361 352 951 374 364 952 362 353 953 362 353 954 375 365 955 363 354 956 375 365 957 364 366 958 363 354 959 376 367 960 365 356 961 364 366 962 377 368 963 366 357 964 365 356 965 378 369 966 367 370 967 366 357 968 379 371 969 368 358 970 367 370 971 380 372 972 369 360 973 368 358 974 381 373 975 358 349 976 369 360 977 382 374 978 371 361 979 370 375 980 371 361 981 384 376 982 372 363 983 384 376 984 373 377 985 372 363 986 385 378 987 374 364 988 373 377 989 386 379 990 375 365 991 374 364 992 375 365 993 388 380 994 376 367 995 376 367 996 389 381 997 377 368 998 377 368 999 390 382 1000 378 369 1001 378 369 1002 391 383 1003 379 371 1004 379 371 1005 392 384 1006 380 372 1007 392 384 1008 381 373 1009 380 372 1010 393 385 1011 370 375 1012 381 373 1013 382 374 1014 395 386 1015 383 387 1016 383 387 1017 396 388 1018 384 376 1019 384 376 1020 397 389 1021 385 378 1022 385 378 1023 398 390 1024 386 379 1025 386 379 1026 399 391 1027 387 392 1028 399 391 1029 388 380 1030 387 392 1031 400 393 1032 389 381 1033 388 380 1034 401 394 1035 390 382 1036 389 381 1037 402 395 1038 391 383 1039 390 382 1040 403 396 1041 392 384 1042 391 383 1043 392 384 1044 405 397 1045 393 385 1046 393 385 1047 394 398 1048 382 374 1049 394 398 1050 407 399 1051 395 386 1052 407 399 1053 396 388 1054 395 386 1055 408 400 1056 397 389 1057 396 388 1058 409 401 1059 398 390 1060 397 389 1061 410 402 1062 399 391 1063 398 390 1064 411 403 1065 400 393 1066 399 391 1067 412 404 1068 401 394 1069 400 393 1070 413 405 1071 402 395 1072 401 394 1073 402 395 1074 415 406 1075 403 396 1076 403 396 1077 416 407 1078 404 408 1079 404 408 1080 417 409 1081 405 397 1082 405 397 1083 406 410 1084 394 398 1085 406 410 1086 419 411 1087 407 399 1088 407 399 1089 420 412 1090 408 400 1091 408 400 1092 421 413 1093 409 401 1094 409 401 1095 422 414 1096 410 402 1097 410 402 1098 423 415 1099 411 403 1100 411 403 1101 424 416 1102 412 404 1103 412 404 1104 425 417 1105 413 405 1106 425 417 1107 414 418 1108 413 405 1109 426 419 1110 415 406 1111 414 418 1112 427 420 1113 416 407 1114 415 406 1115 428 421 1116 417 409 1117 416 407 1118 429 422 1119 406 410 1120 417 409 1121 430 423 1122 419 411 1123 418 424 1124 431 425 1125 420 412 1126 419 411 1127 420 412 1128 433 426 1129 421 413 1130 433 426 1131 422 414 1132 421 413 1133 434 427 1134 423 415 1135 422 414 1136 435 428 1137 424 416 1138 423 415 1139 436 429 1140 425 417 1141 424 416 1142 425 417 1143 438 430 1144 426 419 1145 426 419 1146 439 431 1147 427 420 1148 439 431 1149 428 421 1150 427 420 1151 440 432 1152 429 422 1153 428 421 1154 441 433 1155 418 424 1156 429 422 1157 442 434 1158 431 425 1159 430 423 1160 431 425 1161 444 435 1162 432 436 1163 444 435 1164 433 426 1165 432 436 1166 445 437 1167 434 427 1168 433 426 1169 434 427 1170 447 438 1171 435 428 1172 435 428 1173 448 439 1174 436 429 1175 448 439 1176 437 440 1177 436 429 1178 449 441 1179 438 430 1180 437 440 1181 438 430 1182 451 442 1183 439 431 1184 439 431 1185 452 443 1186 440 432 1187 440 432 1188 453 444 1189 441 433 1190 453 444 1191 430 423 1192 441 433 1193 454 445 1194 443 446 1195 442 434 1196 443 446 1197 456 447 1198 444 435 1199 444 435 1200 457 448 1201 445 437 1202 457 448 1203 446 449 1204 445 437 1205 458 450 1206 447 438 1207 446 449 1208 459 451 1209 448 439 1210 447 438 1211 460 452 1212 449 441 1213 448 439 1214 461 453 1215 450 454 1216 449 441 1217 462 455 1218 451 442 1219 450 454 1220 463 456 1221 452 443 1222 451 442 1223 452 443 1224 465 457 1225 453 444 1226 453 444 1227 454 445 1228 442 434 1229 454 445 1230 467 458 1231 455 459 1232 467 458 1233 456 447 1234 455 459 1235 456 447 1236 469 460 1237 457 448 1238 469 460 1239 458 450 1240 457 448 1241 470 461 1242 459 451 1243 458 450 1244 459 451 1245 472 462 1246 460 452 1247 472 462 1248 461 453 1249 460 452 1250 461 453 1251 474 463 1252 462 455 1253 462 455 1254 475 464 1255 463 456 1256 475 464 1257 464 465 1258 463 456 1259 464 465 1260 477 466 1261 465 457 1262 477 466 1263 454 445 1264 465 457 1265 466 467 1266 479 468 1267 467 458 1268 479 468 1269 468 469 1270 467 458 1271 468 469 1272 481 470 1273 469 460 1274 469 460 1275 482 471 1276 470 461 1277 482 471 1278 471 472 1279 470 461 1280 471 472 1281 484 473 1282 472 462 1283 484 473 1284 473 474 1285 472 462 1286 485 475 1287 474 463 1288 473 474 1289 486 476 1290 475 464 1291 474 463 1292 475 464 1293 488 477 1294 476 478 1295 476 478 1296 489 479 1297 477 466 1298 489 479 1299 466 467 1300 477 466 1301 478 480 1302 491 481 1303 479 468 1304 491 481 1305 480 482 1306 479 468 1307 480 482 1308 493 483 1309 481 470 1310 481 470 1311 494 484 1312 482 471 1313 494 484 1314 483 485 1315 482 471 1316 495 486 1317 484 473 1318 483 485 1319 496 487 1320 485 475 1321 484 473 1322 497 488 1323 486 476 1324 485 475 1325 486 476 1326 499 489 1327 487 490 1328 487 490 1329 500 491 1330 488 477 1331 500 491 1332 489 479 1333 488 477 1334 501 492 1335 478 480 1336 489 479 1337 490 493 1338 503 494 1339 491 481 1340 503 494 1341 492 495 1342 491 481 1343 492 495 1344 505 496 1345 493 483 1346 493 483 1347 506 497 1348 494 484 1349 494 484 1350 507 498 1351 495 486 1352 507 498 1353 496 487 1354 495 486 1355 496 487 1356 509 499 1357 497 488 1358 509 499 1359 498 500 1360 497 488 1361 510 501 1362 499 489 1363 498 500 1364 511 502 1365 500 491 1366 499 489 1367 512 503 1368 501 492 1369 500 491 1370 513 504 1371 490 493 1372 501 492 1373 502 505 1374 515 506 1375 503 494 1376 515 506 1377 504 507 1378 503 494 1379 504 507 1380 517 508 1381 505 496 1382 505 496 1383 518 509 1384 506 497 1385 506 497 1386 519 510 1387 507 498 1388 507 498 1389 520 511 1390 508 512 1391 508 512 1392 521 513 1393 509 499 1394 521 513 1395 510 501 1396 509 499 1397 510 501 1398 523 514 1399 511 502 1400 511 502 1401 524 515 1402 512 503 1403 524 515 1404 513 504 1405 512 503 1406 525 516 1407 502 505 1408 513 504 1409 526 517 1410 515 506 1411 514 518 1412 527 519 1413 516 520 1414 515 506 1415 528 521 1416 517 508 1417 516 520 1418 529 522 1419 518 509 1420 517 508 1421 530 523 1422 519 510 1423 518 509 1424 531 524 1425 520 511 1426 519 510 1427 520 511 1428 533 525 1429 521 513 1430 533 525 1431 522 526 1432 521 513 1433 522 526 1434 535 527 1435 523 514 1436 535 527 1437 524 515 1438 523 514 1439 524 515 1440 537 528 1441 525 516 1442 525 516 1443 526 517 1444 514 518 1445 526 517 1446 539 529 1447 527 519 1448 527 519 1449 540 530 1450 528 521 1451 528 521 1452 541 531 1453 529 522 1454 529 522 1455 542 532 1456 530 523 1457 542 532 1458 531 524 1459 530 523 1460 543 533 1461 532 534 1462 531 524 1463 544 535 1464 533 525 1465 532 534 1466 545 536 1467 534 537 1468 533 525 1469 534 537 1470 547 538 1471 535 527 1472 547 538 1473 536 539 1474 535 527 1475 548 540 1476 537 528 1477 536 539 1478 549 541 1479 526 517 1480 537 528 1481 550 542 1482 539 529 1483 538 543 1484 551 544 1485 540 530 1486 539 529 1487 552 545 1488 541 531 1489 540 530 1490 553 546 1491 542 532 1492 541 531 1493 542 532 1494 555 547 1495 543 533 1496 555 547 1497 544 535 1498 543 533 1499 556 548 1500 545 536 1501 544 535 1502 557 549 1503 546 550 1504 545 536 1505 558 551 1506 547 538 1507 546 550 1508 559 552 1509 548 540 1510 547 538 1511 548 540 1512 561 553 1513 549 541 1514 549 541 1515 550 542 1516 538 543 1517 562 554 1518 551 544 1519 550 542 1520 551 544 1521 564 555 1522 552 545 1523 552 545 1524 565 556 1525 553 546 1526 553 546 1527 566 557 1528 554 558 1529 566 557 1530 555 547 1531 554 558 1532 567 559 1533 556 548 1534 555 547 1535 568 560 1536 557 549 1537 556 548 1538 557 549 1539 570 561 1540 558 551 1541 570 561 1542 559 552 1543 558 551 1544 571 562 1545 560 563 1546 559 552 1547 560 563 1548 573 564 1549 561 553 1550 573 564 1551 550 542 1552 561 553 1553 574 565 1554 563 566 1555 562 554 1556 563 566 1557 576 567 1558 564 555 1559 576 567 1560 565 556 1561 564 555 1562 577 568 1563 566 557 1564 565 556 1565 578 569 1566 567 559 1567 566 557 1568 579 570 1569 568 560 1570 567 559 1571 580 571 1572 569 572 1573 568 560 1574 569 572 1575 582 573 1576 570 561 1577 582 573 1578 571 562 1579 570 561 1580 583 574 1581 572 575 1582 571 562 1583 584 576 1584 573 564 1585 572 575 1586 573 564 1587 574 565 1588 562 554 1589 586 577 1590 575 578 1591 574 565 1592 575 578 1593 588 579 1594 576 567 1595 588 579 1596 577 568 1597 576 567 1598 577 568 1599 590 580 1600 578 569 1601 578 569 1602 591 581 1603 579 570 1604 579 570 1605 592 582 1606 580 571 1607 592 582 1608 581 583 1609 580 571 1610 593 584 1611 582 573 1612 581 583 1613 594 585 1614 583 574 1615 582 573 1616 583 574 1617 596 586 1618 584 576 1619 584 576 1620 597 587 1621 585 588 1622 585 588 1623 586 577 1624 574 565 1625 598 589 1626 587 590 1627 586 577 1628 599 591 1629 588 579 1630 587 590 1631 600 592 1632 589 593 1633 588 579 1634 601 594 1635 590 580 1636 589 593 1637 590 580 1638 603 595 1639 591 581 1640 603 595 1641 592 582 1642 591 581 1643 592 582 1644 605 596 1645 593 584 1646 593 584 1647 606 597 1648 594 585 1649 606 597 1650 595 598 1651 594 585 1652 607 599 1653 596 586 1654 595 598 1655 596 586 1656 609 600 1657 597 587 1658 597 587 1659 598 589 1660 586 577 1661 610 601 1662 599 591 1663 598 589 1664 599 591 1665 612 602 1666 600 592 1667 612 602 1668 601 594 1669 600 592 1670 613 603 1671 602 604 1672 601 594 1673 602 604 1674 615 605 1675 603 595 1676 615 605 1677 604 606 1678 603 595 1679 616 607 1680 605 596 1681 604 606 1682 605 596 1683 618 608 1684 606 597 1685 606 597 1686 619 609 1687 607 599 1688 619 609 1689 608 610 1690 607 599 1691 620 611 1692 609 600 1693 608 610 1694 609 600 1695 610 601 1696 598 589 1697 610 601 1698 623 612 1699 611 613 1700 611 613 1701 624 614 1702 612 602 1703 624 614 1704 613 603 1705 612 602 1706 625 615 1707 614 616 1708 613 603 1709 614 616 1710 627 617 1711 615 605 1712 627 617 1713 616 607 1714 615 605 1715 628 618 1716 617 619 1717 616 607 1718 629 620 1719 618 608 1720 617 619 1721 630 621 1722 619 609 1723 618 608 1724 631 622 1725 620 611 1726 619 609 1727 632 623 1728 621 624 1729 620 611 1730 621 624 1731 622 625 1732 610 601 1733 634 626 1734 623 612 1735 622 625 1736 635 627 1737 624 614 1738 623 612 1739 636 628 1740 625 615 1741 624 614 1742 625 615 1743 638 629 1744 626 630 1745 626 630 1746 639 631 1747 627 617 1748 627 617 1749 640 632 1750 628 618 1751 640 632 1752 629 620 1753 628 618 1754 629 620 1755 642 633 1756 630 621 1757 630 621 1758 643 634 1759 631 622 1760 643 634 1761 632 623 1762 631 622 1763 644 635 1764 633 636 1765 632 623 1766 645 637 1767 622 625 1768 633 636 1769 634 626 1770 647 638 1771 635 627 1772 647 638 1773 636 628 1774 635 627 1775 636 628 1776 649 639 1777 637 640 1778 637 640 1779 650 641 1780 638 629 1781 650 641 1782 639 631 1783 638 629 1784 651 642 1785 640 632 1786 639 631 1787 652 643 1788 641 644 1789 640 632 1790 653 645 1791 642 633 1792 641 644 1793 654 646 1794 643 634 1795 642 633 1796 643 634 1797 656 647 1798 644 635 1799 656 647 1800 645 637 1801 644 635 1802 645 637 1803 646 648 1804 634 626 1805 646 648 1806 659 649 1807 647 638 1808 659 649 1809 648 650 1810 647 638 1811 660 651 1812 649 639 1813 648 650 1814 661 652 1815 650 641 1816 649 639 1817 650 641 1818 663 653 1819 651 642 1820 651 642 1821 664 654 1822 652 643 1823 652 643 1824 665 655 1825 653 645 1826 665 655 1827 654 646 1828 653 645 1829 654 646 1830 667 656 1831 655 657 1832 655 657 1833 668 658 1834 656 647 1835 656 647 1836 669 659 1837 657 660 1838 669 659 1839 646 648 1840 657 660 1841 658 661 1842 671 662 1843 659 649 1844 659 649 1845 672 663 1846 660 651 1847 660 651 1848 673 664 1849 661 652 1850 661 652 1851 674 665 1852 662 666 1853 674 665 1854 663 653 1855 662 666 1856 675 667 1857 664 654 1858 663 653 1859 676 668 1860 665 655 1861 664 654 1862 677 669 1863 666 670 1864 665 655 1865 678 671 1866 667 656 1867 666 670 1868 679 672 1869 668 658 1870 667 656 1871 680 673 1872 669 659 1873 668 658 1874 681 674 1875 658 661 1876 669 659 1877 682 675 1878 671 662 1879 670 676 1880 683 677 1881 672 663 1882 671 662 1883 684 678 1884 673 664 1885 672 663 1886 685 679 1887 674 665 1888 673 664 1889 674 665 1890 687 680 1891 675 667 1892 675 667 1893 688 681 1894 676 668 1895 676 668 1896 689 682 1897 677 669 1898 677 669 1899 690 683 1900 678 671 1901 678 671 1902 691 684 1903 679 672 1904 679 672 1905 692 685 1906 680 673 1907 680 673 1908 693 686 1909 681 674 1910 693 686 1911 670 676 1912 681 674 1913 694 687 1914 683 677 1915 682 675 1916 683 677 1917 696 688 1918 684 678 1919 684 678 1920 697 689 1921 685 679 1922 685 679 1923 698 690 1924 686 691 1925 686 691 1926 699 692 1927 687 680 1928 687 680 1929 700 693 1930 688 681 1931 688 681 1932 701 694 1933 689 682 1934 689 682 1935 702 695 1936 690 683 1937 702 695 1938 691 684 1939 690 683 1940 703 696 1941 692 685 1942 691 684 1943 704 697 1944 693 686 1945 692 685 1946 705 698 1947 682 675 1948 693 686 1949 694 687 1950 707 699 1951 695 700 1952 707 699 1953 696 688 1954 695 700 1955 696 688 1956 709 701 1957 697 689 1958 709 701 1959 698 690 1960 697 689 1961 710 702 1962 699 692 1963 698 690 1964 711 703 1965 700 693 1966 699 692 1967 712 704 1968 701 694 1969 700 693 1970 713 705 1971 702 695 1972 701 694 1973 702 695 1974 715 706 1975 703 696 1976 715 706 1977 704 697 1978 703 696 1979 704 697 1980 717 707 1981 705 698 1982 705 698 1983 706 708 1984 694 687 1985 718 709 1986 707 699 1987 706 708 1988 707 699 1989 720 710 1990 708 711 1991 708 711 1992 721 712 1993 709 701 1994 721 712 1995 710 702 1996 709 701 1997 722 713 1998 711 703 1999 710 702 2000 711 703 2001 724 714 2002 712 704 2003 712 704 2004 725 715 2005 713 705 2006 725 715 2007 714 716 2008 713 705 2009 726 717 2010 715 706 2011 714 716 2012 715 706 2013 728 718 2014 716 719 2015 728 718 2016 717 707 2017 716 719 2018 717 707 2019 718 709 2020 706 708 2021 718 709 2022 731 720 2023 719 721 2024 719 721 2025 732 722 2026 720 710 2027 732 722 2028 721 712 2029 720 710 2030 733 723 2031 722 713 2032 721 712 2033 722 713 2034 735 724 2035 723 725 2036 723 725 2037 736 726 2038 724 714 2039 736 726 2040 725 715 2041 724 714 2042 737 727 2043 726 717 2044 725 715 2045 726 717 2046 739 728 2047 727 729 2048 727 729 2049 740 730 2050 728 718 2051 740 730 2052 729 731 2053 728 718 2054 729 731 2055 730 732 2056 718 709 2057 730 732 2058 743 733 2059 731 720 2060 743 733 2061 732 722 2062 731 720 2063 744 734 2064 733 723 2065 732 722 2066 745 735 2067 734 736 2068 733 723 2069 746 737 2070 735 724 2071 734 736 2072 747 738 2073 736 726 2074 735 724 2075 736 726 2076 749 739 2077 737 727 2078 737 727 2079 750 740 2080 738 741 2081 738 741 2082 751 742 2083 739 728 2084 739 728 2085 752 743 2086 740 730 2087 752 743 2088 741 744 2089 740 730 2090 753 745 2091 730 732 2092 741 744 2093 754 746 2094 743 733 2095 742 747 2096 755 748 2097 744 734 2098 743 733 2099 744 734 2100 757 749 2101 745 735 2102 745 735 2103 758 750 2104 746 737 2105 746 737 2106 759 751 2107 747 738 2108 759 751 2109 748 752 2110 747 738 2111 760 753 2112 749 739 2113 748 752 2114 761 754 2115 750 740 2116 749 739 2117 762 755 2118 751 742 2119 750 740 2120 763 756 2121 752 743 2122 751 742 2123 764 757 2124 753 745 2125 752 743 2126 765 758 2127 742 747 2128 753 745 2129 766 759 2130 755 748 2131 754 746 2132 767 760 2133 756 761 2134 755 748 2135 768 762 2136 757 749 2137 756 761 2138 769 763 2139 758 750 2140 757 749 2141 770 764 2142 759 751 2143 758 750 2144 771 765 2145 760 753 2146 759 751 2147 772 766 2148 761 754 2149 760 753 2150 761 754 2151 774 767 2152 762 755 2153 762 755 2154 775 768 2155 763 756 2156 763 756 2157 776 769 2158 764 757 2159 776 769 2160 765 758 2161 764 757 2162 765 758 2163 766 759 2164 754 746 2165 778 770 2166 767 760 2167 766 759 2168 767 760 2169 780 771 2170 768 762 2171 780 771 2172 769 763 2173 768 762 2174 769 763 2175 782 772 2176 770 764 2177 782 772 2178 771 765 2179 770 764 2180 771 765 2181 784 773 2182 772 766 2183 784 773 2184 773 774 2185 772 766 2186 773 774 2187 786 775 2188 774 767 2189 786 775 2190 775 768 2191 774 767 2192 787 776 2193 776 769 2194 775 768 2195 776 769 2196 789 777 2197 777 778 2198 789 777 2199 766 759 2200 777 778 2201 790 779 2202 779 780 2203 778 770 2204 779 780 2205 792 781 2206 780 771 2207 780 771 2208 793 782 2209 781 783 2210 781 783 2211 794 784 2212 782 772 2213 794 784 2214 783 785 2215 782 772 2216 783 785 2217 796 786 2218 784 773 2219 784 773 2220 797 787 2221 785 788 2222 785 788 2223 798 789 2224 786 775 2225 798 789 2226 787 776 2227 786 775 2228 799 790 2229 788 791 2230 787 776 2231 788 791 2232 801 792 2233 789 777 2234 789 777 2235 790 779 2236 778 770 2237 790 779 2238 803 793 2239 791 794 2240 791 794 2241 804 795 2242 792 781 2243 804 795 2244 793 782 2245 792 781 2246 805 796 2247 794 784 2248 793 782 2249 806 797 2250 795 798 2251 794 784 2252 807 799 2253 796 786 2254 795 798 2255 808 800 2256 797 787 2257 796 786 2258 809 801 2259 798 789 2260 797 787 2261 810 802 2262 799 790 2263 798 789 2264 799 790 2265 812 803 2266 800 804 2267 800 804 2268 813 805 2269 801 792 2270 801 792 2271 802 806 2272 790 779 2273 814 807 2274 803 793 2275 802 806 2276 803 793 2277 816 808 2278 804 795 2279 804 795 2280 817 809 2281 805 796 2282 805 796 2283 818 810 2284 806 797 2285 806 797 2286 819 811 2287 807 799 2288 819 811 2289 808 800 2290 807 799 2291 820 812 2292 809 801 2293 808 800 2294 821 813 2295 810 802 2296 809 801 2297 822 814 2298 811 815 2299 810 802 2300 823 816 2301 812 803 2302 811 815 2303 824 817 2304 813 805 2305 812 803 2306 825 818 2307 802 806 2308 813 805 2309 250 244 2310 815 819 2311 814 807 2312 251 246 2313 816 808 2314 815 819 2315 252 248 2316 817 809 2317 816 808 2318 253 250 2319 818 810 2320 817 809 2321 254 252 2322 819 811 2323 818 810 2324 255 254 2325 820 812 2326 819 811 2327 820 812 2328 257 257 2329 821 813 2330 257 257 2331 822 814 2332 821 813 2333 258 259 2334 823 816 2335 822 814 2336 259 261 2337 824 817 2338 823 816 2339 824 817 2340 261 264 2341 825 818 2342 261 264 2343 814 807 2344 825 818 2345 250 244 3672 262 267 3673 263 245 3674 251 246 3675 263 245 3676 264 247 3677 252 248 3678 264 247 3679 265 249 3680 253 250 3681 265 249 3682 266 251 3683 254 252 3684 266 251 3685 267 253 3686 255 254 3687 267 253 3688 268 255 3689 268 255 3690 269 258 3691 257 257 3692 269 258 3693 270 274 3694 258 259 3695 258 259 3696 270 274 3697 271 260 3698 259 261 3699 271 260 3700 272 262 3701 272 262 3702 273 265 3703 261 264 3704 273 265 3705 262 267 3706 250 244 3707 274 266 3708 275 268 3709 263 245 3710 275 268 3711 276 269 3712 264 247 3713 276 269 3714 277 270 3715 265 249 3716 277 270 3717 278 271 3718 266 251 3719 278 271 3720 279 282 3721 267 253 3722 267 253 3723 279 282 3724 280 272 3725 280 272 3726 281 285 3727 269 258 3728 269 258 3729 281 285 3730 282 273 3731 270 274 3732 282 273 3733 283 275 3734 283 275 3735 284 276 3736 272 262 3737 284 276 3738 285 288 3739 273 265 3740 273 265 3741 285 288 3742 274 266 3743 286 277 3744 287 278 3745 275 268 3746 287 278 3747 288 292 3748 276 269 3749 276 269 3750 288 292 3751 289 279 3752 277 270 3753 289 279 3754 290 280 3755 278 271 3756 290 280 3757 291 281 3758 279 282 3759 291 281 3760 292 283 3761 280 272 3762 292 283 3763 293 284 3764 293 284 3765 294 298 3766 282 273 3767 282 273 3768 294 298 3769 295 286 3770 283 275 3771 295 286 3772 296 287 3773 296 287 3774 297 289 3775 285 288 3776 297 289 3777 286 277 3778 274 266 3779 298 290 3780 299 291 3781 287 278 3782 299 291 3783 300 303 3784 288 292 3785 288 292 3786 300 303 3787 301 293 3788 301 293 3789 302 294 3790 290 280 3791 302 294 3792 303 295 3793 291 281 3794 303 295 3795 304 296 3796 292 283 3797 304 296 3798 305 297 3799 293 284 3800 305 297 3801 306 308 3802 294 298 3803 294 298 3804 306 308 3805 307 299 3806 295 286 3807 307 299 3808 308 300 3809 308 300 3810 309 301 3811 297 289 3812 309 301 3813 298 290 3814 286 277 3815 298 290 3816 310 311 3817 311 302 3818 311 302 3819 312 314 3820 300 303 3821 300 303 3822 312 314 3823 313 304 3824 313 304 3825 314 305 3826 302 294 3827 314 305 3828 315 306 3829 303 295 3830 315 306 3831 316 318 3832 304 296 3833 304 296 3834 316 318 3835 317 307 3836 317 307 3837 318 320 3838 306 308 3839 306 308 3840 318 320 3841 319 309 3842 307 299 3843 319 309 3844 320 310 3845 320 310 3846 321 324 3847 309 301 3848 309 301 3849 321 324 3850 310 311 3851 322 312 3852 323 313 3853 311 302 3854 323 313 3855 324 327 3856 312 314 3857 312 314 3858 324 327 3859 325 315 3860 325 315 3861 326 316 3862 314 305 3863 326 316 3864 327 330 3865 315 306 3866 315 306 3867 327 330 3868 328 317 3869 316 318 3870 328 317 3871 329 319 3872 329 319 3873 330 333 3874 318 320 3875 318 320 3876 330 333 3877 331 321 3878 319 309 3879 331 321 3880 332 322 3881 320 310 3882 332 322 3883 333 323 3884 333 323 3885 322 312 3886 310 311 3887 322 312 3888 334 337 3889 335 325 3890 323 313 3891 335 325 3892 336 326 3893 336 326 3894 337 328 3895 325 315 3896 337 328 3897 338 329 3898 326 316 3899 338 329 3900 339 343 3901 327 330 3902 327 330 3903 339 343 3904 340 331 3905 328 317 3906 340 331 3907 341 332 3908 341 332 3909 342 345 3910 330 333 3911 330 333 3912 342 345 3913 343 334 3914 331 321 3915 343 334 3916 344 335 3917 332 322 3918 344 335 3919 345 336 3920 345 336 3921 334 337 3922 322 312 3923 334 337 3924 346 350 3925 347 338 3926 335 325 3927 347 338 3928 348 339 3929 336 326 3930 348 339 3931 349 340 3932 337 328 3933 349 340 3934 350 341 3935 338 329 3936 350 341 3937 351 342 3938 351 342 3939 352 355 3940 340 331 3941 340 331 3942 352 355 3943 353 344 3944 353 344 3945 354 346 3946 342 345 3947 354 346 3948 355 347 3949 343 334 3950 355 347 3951 356 359 3952 344 335 3953 344 335 3954 356 359 3955 357 348 3956 357 348 3957 346 350 3958 334 337 3959 358 349 3960 359 362 3961 347 338 3962 347 338 3963 359 362 3964 360 351 3965 360 351 3966 361 352 3967 349 340 3968 361 352 3969 362 353 3970 350 341 3971 362 353 3972 363 354 3973 351 342 3974 363 354 3975 364 366 3976 352 355 3977 352 355 3978 364 366 3979 365 356 3980 353 344 3981 365 356 3982 366 357 3983 366 357 3984 367 370 3985 355 347 3986 355 347 3987 367 370 3988 368 358 3989 356 359 3990 368 358 3991 369 360 3992 369 360 3993 358 349 3994 346 350 3995 358 349 3996 370 375 3997 371 361 3998 371 361 3999 372 363 4000 360 351 4001 372 363 4002 373 377 4003 361 352 4004 361 352 4005 373 377 4006 374 364 4007 362 353 4008 374 364 4009 375 365 4010 375 365 4011 376 367 4012 364 366 4013 376 367 4014 377 368 4015 365 356 4016 377 368 4017 378 369 4018 366 357 4019 378 369 4020 379 371 4021 367 370 4022 379 371 4023 380 372 4024 368 358 4025 380 372 4026 381 373 4027 369 360 4028 381 373 4029 370 375 4030 358 349 4031 382 374 4032 383 387 4033 371 361 4034 371 361 4035 383 387 4036 384 376 4037 384 376 4038 385 378 4039 373 377 4040 385 378 4041 386 379 4042 374 364 4043 386 379 4044 387 392 4045 375 365 4046 375 365 4047 387 392 4048 388 380 4049 376 367 4050 388 380 4051 389 381 4052 377 368 4053 389 381 4054 390 382 4055 378 369 4056 390 382 4057 391 383 4058 379 371 4059 391 383 4060 392 384 4061 392 384 4062 393 385 4063 381 373 4064 393 385 4065 382 374 4066 370 375 4067 382 374 4068 394 398 4069 395 386 4070 383 387 4071 395 386 4072 396 388 4073 384 376 4074 396 388 4075 397 389 4076 385 378 4077 397 389 4078 398 390 4079 386 379 4080 398 390 4081 399 391 4082 399 391 4083 400 393 4084 388 380 4085 400 393 4086 401 394 4087 389 381 4088 401 394 4089 402 395 4090 390 382 4091 402 395 4092 403 396 4093 391 383 4094 403 396 4095 404 408 4096 392 384 4097 392 384 4098 404 408 4099 405 397 4100 393 385 4101 405 397 4102 394 398 4103 394 398 4104 406 410 4105 407 399 4106 407 399 4107 408 400 4108 396 388 4109 408 400 4110 409 401 4111 397 389 4112 409 401 4113 410 402 4114 398 390 4115 410 402 4116 411 403 4117 399 391 4118 411 403 4119 412 404 4120 400 393 4121 412 404 4122 413 405 4123 401 394 4124 413 405 4125 414 418 4126 402 395 4127 402 395 4128 414 418 4129 415 406 4130 403 396 4131 415 406 4132 416 407 4133 404 408 4134 416 407 4135 417 409 4136 405 397 4137 417 409 4138 406 410 4139 406 410 4140 418 424 4141 419 411 4142 407 399 4143 419 411 4144 420 412 4145 408 400 4146 420 412 4147 421 413 4148 409 401 4149 421 413 4150 422 414 4151 410 402 4152 422 414 4153 423 415 4154 411 403 4155 423 415 4156 424 416 4157 412 404 4158 424 416 4159 425 417 4160 425 417 4161 426 419 4162 414 418 4163 426 419 4164 427 420 4165 415 406 4166 427 420 4167 428 421 4168 416 407 4169 428 421 4170 429 422 4171 417 409 4172 429 422 4173 418 424 4174 406 410 4175 430 423 4176 431 425 4177 419 411 4178 431 425 4179 432 436 4180 420 412 4181 420 412 4182 432 436 4183 433 426 4184 433 426 4185 434 427 4186 422 414 4187 434 427 4188 435 428 4189 423 415 4190 435 428 4191 436 429 4192 424 416 4193 436 429 4194 437 440 4195 425 417 4196 425 417 4197 437 440 4198 438 430 4199 426 419 4200 438 430 4201 439 431 4202 439 431 4203 440 432 4204 428 421 4205 440 432 4206 441 433 4207 429 422 4208 441 433 4209 430 423 4210 418 424 4211 442 434 4212 443 446 4213 431 425 4214 431 425 4215 443 446 4216 444 435 4217 444 435 4218 445 437 4219 433 426 4220 445 437 4221 446 449 4222 434 427 4223 434 427 4224 446 449 4225 447 438 4226 435 428 4227 447 438 4228 448 439 4229 448 439 4230 449 441 4231 437 440 4232 449 441 4233 450 454 4234 438 430 4235 438 430 4236 450 454 4237 451 442 4238 439 431 4239 451 442 4240 452 443 4241 440 432 4242 452 443 4243 453 444 4244 453 444 4245 442 434 4246 430 423 4247 454 445 4248 455 459 4249 443 446 4250 443 446 4251 455 459 4252 456 447 4253 444 435 4254 456 447 4255 457 448 4256 457 448 4257 458 450 4258 446 449 4259 458 450 4260 459 451 4261 447 438 4262 459 451 4263 460 452 4264 448 439 4265 460 452 4266 461 453 4267 449 441 4268 461 453 4269 462 455 4270 450 454 4271 462 455 4272 463 456 4273 451 442 4274 463 456 4275 464 465 4276 452 443 4277 452 443 4278 464 465 4279 465 457 4280 453 444 4281 465 457 4282 454 445 4283 454 445 4284 466 467 4285 467 458 4286 467 458 4287 468 469 4288 456 447 4289 456 447 4290 468 469 4291 469 460 4292 469 460 4293 470 461 4294 458 450 4295 470 461 4296 471 472 4297 459 451 4298 459 451 4299 471 472 4300 472 462 4301 472 462 4302 473 474 4303 461 453 4304 461 453 4305 473 474 4306 474 463 4307 462 455 4308 474 463 4309 475 464 4310 475 464 4311 476 478 4312 464 465 4313 464 465 4314 476 478 4315 477 466 4316 477 466 4317 466 467 4318 454 445 4319 466 467 4320 478 480 4321 479 468 4322 479 468 4323 480 482 4324 468 469 4325 468 469 4326 480 482 4327 481 470 4328 469 460 4329 481 470 4330 482 471 4331 482 471 4332 483 485 4333 471 472 4334 471 472 4335 483 485 4336 484 473 4337 484 473 4338 485 475 4339 473 474 4340 485 475 4341 486 476 4342 474 463 4343 486 476 4344 487 490 4345 475 464 4346 475 464 4347 487 490 4348 488 477 4349 476 478 4350 488 477 4351 489 479 4352 489 479 4353 478 480 4354 466 467 4355 478 480 4356 490 493 4357 491 481 4358 491 481 4359 492 495 4360 480 482 4361 480 482 4362 492 495 4363 493 483 4364 481 470 4365 493 483 4366 494 484 4367 494 484 4368 495 486 4369 483 485 4370 495 486 4371 496 487 4372 484 473 4373 496 487 4374 497 488 4375 485 475 4376 497 488 4377 498 500 4378 486 476 4379 486 476 4380 498 500 4381 499 489 4382 487 490 4383 499 489 4384 500 491 4385 500 491 4386 501 492 4387 489 479 4388 501 492 4389 490 493 4390 478 480 4391 490 493 4392 502 505 4393 503 494 4394 503 494 4395 504 507 4396 492 495 4397 492 495 4398 504 507 4399 505 496 4400 493 483 4401 505 496 4402 506 497 4403 494 484 4404 506 497 4405 507 498 4406 507 498 4407 508 512 4408 496 487 4409 496 487 4410 508 512 4411 509 499 4412 509 499 4413 510 501 4414 498 500 4415 510 501 4416 511 502 4417 499 489 4418 511 502 4419 512 503 4420 500 491 4421 512 503 4422 513 504 4423 501 492 4424 513 504 4425 502 505 4426 490 493 4427 502 505 4428 514 518 4429 515 506 4430 515 506 4431 516 520 4432 504 507 4433 504 507 4434 516 520 4435 517 508 4436 505 496 4437 517 508 4438 518 509 4439 506 497 4440 518 509 4441 519 510 4442 507 498 4443 519 510 4444 520 511 4445 508 512 4446 520 511 4447 521 513 4448 521 513 4449 522 526 4450 510 501 4451 510 501 4452 522 526 4453 523 514 4454 511 502 4455 523 514 4456 524 515 4457 524 515 4458 525 516 4459 513 504 4460 525 516 4461 514 518 4462 502 505 4463 526 517 4464 527 519 4465 515 506 4466 527 519 4467 528 521 4468 516 520 4469 528 521 4470 529 522 4471 517 508 4472 529 522 4473 530 523 4474 518 509 4475 530 523 4476 531 524 4477 519 510 4478 531 524 4479 532 534 4480 520 511 4481 520 511 4482 532 534 4483 533 525 4484 533 525 4485 534 537 4486 522 526 4487 522 526 4488 534 537 4489 535 527 4490 535 527 4491 536 539 4492 524 515 4493 524 515 4494 536 539 4495 537 528 4496 525 516 4497 537 528 4498 526 517 4499 526 517 4500 538 543 4501 539 529 4502 527 519 4503 539 529 4504 540 530 4505 528 521 4506 540 530 4507 541 531 4508 529 522 4509 541 531 4510 542 532 4511 542 532 4512 543 533 4513 531 524 4514 543 533 4515 544 535 4516 532 534 4517 544 535 4518 545 536 4519 533 525 4520 545 536 4521 546 550 4522 534 537 4523 534 537 4524 546 550 4525 547 538 4526 547 538 4527 548 540 4528 536 539 4529 548 540 4530 549 541 4531 537 528 4532 549 541 4533 538 543 4534 526 517 4535 550 542 4536 551 544 4537 539 529 4538 551 544 4539 552 545 4540 540 530 4541 552 545 4542 553 546 4543 541 531 4544 553 546 4545 554 558 4546 542 532 4547 542 532 4548 554 558 4549 555 547 4550 555 547 4551 556 548 4552 544 535 4553 556 548 4554 557 549 4555 545 536 4556 557 549 4557 558 551 4558 546 550 4559 558 551 4560 559 552 4561 547 538 4562 559 552 4563 560 563 4564 548 540 4565 548 540 4566 560 563 4567 561 553 4568 549 541 4569 561 553 4570 550 542 4571 562 554 4572 563 566 4573 551 544 4574 551 544 4575 563 566 4576 564 555 4577 552 545 4578 564 555 4579 565 556 4580 553 546 4581 565 556 4582 566 557 4583 566 557 4584 567 559 4585 555 547 4586 567 559 4587 568 560 4588 556 548 4589 568 560 4590 569 572 4591 557 549 4592 557 549 4593 569 572 4594 570 561 4595 570 561 4596 571 562 4597 559 552 4598 571 562 4599 572 575 4600 560 563 4601 560 563 4602 572 575 4603 573 564 4604 573 564 4605 562 554 4606 550 542 4607 574 565 4608 575 578 4609 563 566 4610 563 566 4611 575 578 4612 576 567 4613 576 567 4614 577 568 4615 565 556 4616 577 568 4617 578 569 4618 566 557 4619 578 569 4620 579 570 4621 567 559 4622 579 570 4623 580 571 4624 568 560 4625 580 571 4626 581 583 4627 569 572 4628 569 572 4629 581 583 4630 582 573 4631 582 573 4632 583 574 4633 571 562 4634 583 574 4635 584 576 4636 572 575 4637 584 576 4638 585 588 4639 573 564 4640 573 564 4641 585 588 4642 574 565 4643 586 577 4644 587 590 4645 575 578 4646 575 578 4647 587 590 4648 588 579 4649 588 579 4650 589 593 4651 577 568 4652 577 568 4653 589 593 4654 590 580 4655 578 569 4656 590 580 4657 591 581 4658 579 570 4659 591 581 4660 592 582 4661 592 582 4662 593 584 4663 581 583 4664 593 584 4665 594 585 4666 582 573 4667 594 585 4668 595 598 4669 583 574 4670 583 574 4671 595 598 4672 596 586 4673 584 576 4674 596 586 4675 597 587 4676 585 588 4677 597 587 4678 586 577 4679 598 589 4680 599 591 4681 587 590 4682 599 591 4683 600 592 4684 588 579 4685 600 592 4686 601 594 4687 589 593 4688 601 594 4689 602 604 4690 590 580 4691 590 580 4692 602 604 4693 603 595 4694 603 595 4695 604 606 4696 592 582 4697 592 582 4698 604 606 4699 605 596 4700 593 584 4701 605 596 4702 606 597 4703 606 597 4704 607 599 4705 595 598 4706 607 599 4707 608 610 4708 596 586 4709 596 586 4710 608 610 4711 609 600 4712 597 587 4713 609 600 4714 598 589 4715 610 601 4716 611 613 4717 599 591 4718 599 591 4719 611 613 4720 612 602 4721 612 602 4722 613 603 4723 601 594 4724 613 603 4725 614 616 4726 602 604 4727 602 604 4728 614 616 4729 615 605 4730 615 605 4731 616 607 4732 604 606 4733 616 607 4734 617 619 4735 605 596 4736 605 596 4737 617 619 4738 618 608 4739 606 597 4740 618 608 4741 619 609 4742 619 609 4743 620 611 4744 608 610 4745 620 611 4746 621 624 4747 609 600 4748 609 600 4749 621 624 4750 610 601 4751 610 601 4752 622 625 4753 623 612 4754 611 613 4755 623 612 4756 624 614 4757 624 614 4758 625 615 4759 613 603 4760 625 615 4761 626 630 4762 614 616 4763 614 616 4764 626 630 4765 627 617 4766 627 617 4767 628 618 4768 616 607 4769 628 618 4770 629 620 4771 617 619 4772 629 620 4773 630 621 4774 618 608 4775 630 621 4776 631 622 4777 619 609 4778 631 622 4779 632 623 4780 620 611 4781 632 623 4782 633 636 4783 621 624 4784 621 624 4785 633 636 4786 622 625 4787 634 626 4788 635 627 4789 623 612 4790 635 627 4791 636 628 4792 624 614 4793 636 628 4794 637 640 4795 625 615 4796 625 615 4797 637 640 4798 638 629 4799 626 630 4800 638 629 4801 639 631 4802 627 617 4803 639 631 4804 640 632 4805 640 632 4806 641 644 4807 629 620 4808 629 620 4809 641 644 4810 642 633 4811 630 621 4812 642 633 4813 643 634 4814 643 634 4815 644 635 4816 632 623 4817 644 635 4818 645 637 4819 633 636 4820 645 637 4821 634 626 4822 622 625 4823 634 626 4824 646 648 4825 647 638 4826 647 638 4827 648 650 4828 636 628 4829 636 628 4830 648 650 4831 649 639 4832 637 640 4833 649 639 4834 650 641 4835 650 641 4836 651 642 4837 639 631 4838 651 642 4839 652 643 4840 640 632 4841 652 643 4842 653 645 4843 641 644 4844 653 645 4845 654 646 4846 642 633 4847 654 646 4848 655 657 4849 643 634 4850 643 634 4851 655 657 4852 656 647 4853 656 647 4854 657 660 4855 645 637 4856 645 637 4857 657 660 4858 646 648 4859 646 648 4860 658 661 4861 659 649 4862 659 649 4863 660 651 4864 648 650 4865 660 651 4866 661 652 4867 649 639 4868 661 652 4869 662 666 4870 650 641 4871 650 641 4872 662 666 4873 663 653 4874 651 642 4875 663 653 4876 664 654 4877 652 643 4878 664 654 4879 665 655 4880 665 655 4881 666 670 4882 654 646 4883 654 646 4884 666 670 4885 667 656 4886 655 657 4887 667 656 4888 668 658 4889 656 647 4890 668 658 4891 669 659 4892 669 659 4893 658 661 4894 646 648 4895 658 661 4896 670 676 4897 671 662 4898 659 649 4899 671 662 4900 672 663 4901 660 651 4902 672 663 4903 673 664 4904 661 652 4905 673 664 4906 674 665 4907 674 665 4908 675 667 4909 663 653 4910 675 667 4911 676 668 4912 664 654 4913 676 668 4914 677 669 4915 665 655 4916 677 669 4917 678 671 4918 666 670 4919 678 671 4920 679 672 4921 667 656 4922 679 672 4923 680 673 4924 668 658 4925 680 673 4926 681 674 4927 669 659 4928 681 674 4929 670 676 4930 658 661 4931 682 675 4932 683 677 4933 671 662 4934 683 677 4935 684 678 4936 672 663 4937 684 678 4938 685 679 4939 673 664 4940 685 679 4941 686 691 4942 674 665 4943 674 665 4944 686 691 4945 687 680 4946 675 667 4947 687 680 4948 688 681 4949 676 668 4950 688 681 4951 689 682 4952 677 669 4953 689 682 4954 690 683 4955 678 671 4956 690 683 4957 691 684 4958 679 672 4959 691 684 4960 692 685 4961 680 673 4962 692 685 4963 693 686 4964 693 686 4965 682 675 4966 670 676 4967 694 687 4968 695 700 4969 683 677 4970 683 677 4971 695 700 4972 696 688 4973 684 678 4974 696 688 4975 697 689 4976 685 679 4977 697 689 4978 698 690 4979 686 691 4980 698 690 4981 699 692 4982 687 680 4983 699 692 4984 700 693 4985 688 681 4986 700 693 4987 701 694 4988 689 682 4989 701 694 4990 702 695 4991 702 695 4992 703 696 4993 691 684 4994 703 696 4995 704 697 4996 692 685 4997 704 697 4998 705 698 4999 693 686 5000 705 698 5001 694 687 5002 682 675 5003 694 687 5004 706 708 5005 707 699 5006 707 699 5007 708 711 5008 696 688 5009 696 688 5010 708 711 5011 709 701 5012 709 701 5013 710 702 5014 698 690 5015 710 702 5016 711 703 5017 699 692 5018 711 703 5019 712 704 5020 700 693 5021 712 704 5022 713 705 5023 701 694 5024 713 705 5025 714 716 5026 702 695 5027 702 695 5028 714 716 5029 715 706 5030 715 706 5031 716 719 5032 704 697 5033 704 697 5034 716 719 5035 717 707 5036 705 698 5037 717 707 5038 706 708 5039 718 709 5040 719 721 5041 707 699 5042 707 699 5043 719 721 5044 720 710 5045 708 711 5046 720 710 5047 721 712 5048 721 712 5049 722 713 5050 710 702 5051 722 713 5052 723 725 5053 711 703 5054 711 703 5055 723 725 5056 724 714 5057 712 704 5058 724 714 5059 725 715 5060 725 715 5061 726 717 5062 714 716 5063 726 717 5064 727 729 5065 715 706 5066 715 706 5067 727 729 5068 728 718 5069 728 718 5070 729 731 5071 717 707 5072 717 707 5073 729 731 5074 718 709 5075 718 709 5076 730 732 5077 731 720 5078 719 721 5079 731 720 5080 732 722 5081 732 722 5082 733 723 5083 721 712 5084 733 723 5085 734 736 5086 722 713 5087 722 713 5088 734 736 5089 735 724 5090 723 725 5091 735 724 5092 736 726 5093 736 726 5094 737 727 5095 725 715 5096 737 727 5097 738 741 5098 726 717 5099 726 717 5100 738 741 5101 739 728 5102 727 729 5103 739 728 5104 740 730 5105 740 730 5106 741 744 5107 729 731 5108 729 731 5109 741 744 5110 730 732 5111 730 732 5112 742 747 5113 743 733 5114 743 733 5115 744 734 5116 732 722 5117 744 734 5118 745 735 5119 733 723 5120 745 735 5121 746 737 5122 734 736 5123 746 737 5124 747 738 5125 735 724 5126 747 738 5127 748 752 5128 736 726 5129 736 726 5130 748 752 5131 749 739 5132 737 727 5133 749 739 5134 750 740 5135 738 741 5136 750 740 5137 751 742 5138 739 728 5139 751 742 5140 752 743 5141 752 743 5142 753 745 5143 741 744 5144 753 745 5145 742 747 5146 730 732 5147 754 746 5148 755 748 5149 743 733 5150 755 748 5151 756 761 5152 744 734 5153 744 734 5154 756 761 5155 757 749 5156 745 735 5157 757 749 5158 758 750 5159 746 737 5160 758 750 5161 759 751 5162 759 751 5163 760 753 5164 748 752 5165 760 753 5166 761 754 5167 749 739 5168 761 754 5169 762 755 5170 750 740 5171 762 755 5172 763 756 5173 751 742 5174 763 756 5175 764 757 5176 752 743 5177 764 757 5178 765 758 5179 753 745 5180 765 758 5181 754 746 5182 742 747 5183 766 759 5184 767 760 5185 755 748 5186 767 760 5187 768 762 5188 756 761 5189 768 762 5190 769 763 5191 757 749 5192 769 763 5193 770 764 5194 758 750 5195 770 764 5196 771 765 5197 759 751 5198 771 765 5199 772 766 5200 760 753 5201 772 766 5202 773 774 5203 761 754 5204 761 754 5205 773 774 5206 774 767 5207 762 755 5208 774 767 5209 775 768 5210 763 756 5211 775 768 5212 776 769 5213 776 769 5214 777 778 5215 765 758 5216 765 758 5217 777 778 5218 766 759 5219 778 770 5220 779 780 5221 767 760 5222 767 760 5223 779 780 5224 780 771 5225 780 771 5226 781 783 5227 769 763 5228 769 763 5229 781 783 5230 782 772 5231 782 772 5232 783 785 5233 771 765 5234 771 765 5235 783 785 5236 784 773 5237 784 773 5238 785 788 5239 773 774 5240 773 774 5241 785 788 5242 786 775 5243 786 775 5244 787 776 5245 775 768 5246 787 776 5247 788 791 5248 776 769 5249 776 769 5250 788 791 5251 789 777 5252 789 777 5253 778 770 5254 766 759 5255 790 779 5256 791 794 5257 779 780 5258 779 780 5259 791 794 5260 792 781 5261 780 771 5262 792 781 5263 793 782 5264 781 783 5265 793 782 5266 794 784 5267 794 784 5268 795 798 5269 783 785 5270 783 785 5271 795 798 5272 796 786 5273 784 773 5274 796 786 5275 797 787 5276 785 788 5277 797 787 5278 798 789 5279 798 789 5280 799 790 5281 787 776 5282 799 790 5283 800 804 5284 788 791 5285 788 791 5286 800 804 5287 801 792 5288 789 777 5289 801 792 5290 790 779 5291 790 779 5292 802 806 5293 803 793 5294 791 794 5295 803 793 5296 804 795 5297 804 795 5298 805 796 5299 793 782 5300 805 796 5301 806 797 5302 794 784 5303 806 797 5304 807 799 5305 795 798 5306 807 799 5307 808 800 5308 796 786 5309 808 800 5310 809 801 5311 797 787 5312 809 801 5313 810 802 5314 798 789 5315 810 802 5316 811 815 5317 799 790 5318 799 790 5319 811 815 5320 812 803 5321 800 804 5322 812 803 5323 813 805 5324 801 792 5325 813 805 5326 802 806 5327 814 807 5328 815 819 5329 803 793 5330 803 793 5331 815 819 5332 816 808 5333 804 795 5334 816 808 5335 817 809 5336 805 796 5337 817 809 5338 818 810 5339 806 797 5340 818 810 5341 819 811 5342 819 811 5343 820 812 5344 808 800 5345 820 812 5346 821 813 5347 809 801 5348 821 813 5349 822 814 5350 810 802 5351 822 814 5352 823 816 5353 811 815 5354 823 816 5355 824 817 5356 812 803 5357 824 817 5358 825 818 5359 813 805 5360 825 818 5361 814 807 5362 802 806 5363 250 244 5364 251 246 5365 815 819 5366 251 246 5367 252 248 5368 816 808 5369 252 248 5370 253 250 5371 817 809 5372 253 250 5373 254 252 5374 818 810 5375 254 252 5376 255 254 5377 819 811 5378 255 254 5379 256 256 5380 820 812 5381 820 812 5382 256 256 5383 257 257 5384 257 257 5385 258 259 5386 822 814 5387 258 259 5388 259 261 5389 823 816 5390 259 261 5391 260 263 5392 824 817 5393 824 817 5394 260 263 5395 261 264 5396 261 264 5397 250 244 5398 814 807 5399</p>
        </triangles>
        <triangles material="Llanta_Mat_002-material" count="442">
          <input semantic="VERTEX" source="#Circle_006-mesh-vertices" offset="0"/>
          <input semantic="NORMAL" source="#Circle_006-mesh-normals" offset="1"/>
          <input semantic="TEXCOORD" source="#Circle_006-mesh-map-0" offset="2" set="0"/>
          <p>943 820 2346 899 821 2347 941 822 2348 927 823 2349 890 824 2350 923 825 2351 985 826 2352 891 827 2353 921 828 2354 931 829 2355 893 830 2356 929 831 2357 933 832 2358 894 833 2359 931 829 2360 933 832 2361 896 834 2362 895 835 2363 935 836 2364 897 837 2365 896 834 2366 939 838 2367 897 837 2368 937 839 2369 938 840 2370 835 841 2371 940 842 2372 941 822 2373 898 843 2374 939 838 2375 945 844 2376 900 845 2377 943 820 2378 947 846 2379 901 847 2380 945 844 2381 949 848 2382 902 849 2383 947 846 2384 951 850 2385 903 851 2386 949 848 2387 953 852 2388 904 853 2389 951 850 2390 955 854 2391 905 855 2392 953 852 2393 955 854 2394 907 856 2395 906 857 2396 957 858 2397 908 859 2398 907 856 2399 959 860 2400 909 861 2401 908 859 2402 961 862 2403 910 863 2404 909 861 2405 963 864 2406 911 865 2407 910 863 2408 967 866 2409 911 865 2410 965 867 2411 969 868 2412 912 869 2413 967 866 2414 969 868 2415 914 870 2416 913 871 2417 971 872 2418 915 873 2419 914 870 2420 975 874 2421 915 873 2422 973 875 2423 977 876 2424 916 877 2425 975 874 2426 977 876 2427 918 878 2428 917 879 2429 979 880 2430 919 881 2431 918 878 2432 981 882 2433 920 883 2434 919 881 2435 983 884 2436 921 828 2437 920 883 2438 888 885 2439 881 886 2440 873 887 2441 929 831 2442 892 888 2443 927 823 2444 915 873 2445 865 889 2446 914 870 2447 966 890 2448 849 891 2449 968 892 2450 940 842 2451 836 893 2452 942 894 2453 970 895 2454 849 891 2455 850 896 2456 942 894 2457 837 897 2458 944 898 2459 970 895 2460 851 899 2461 972 900 2462 944 898 2463 838 901 2464 946 902 2465 974 903 2466 851 899 2467 852 904 2468 946 902 2469 839 905 2470 948 906 2471 974 903 2472 853 907 2473 976 908 2474 950 909 2475 839 905 2476 840 910 2477 925 911 2478 827 912 2479 922 913 2480 976 908 2481 854 914 2482 978 915 2483 950 909 2484 841 916 2485 952 917 2486 926 918 2487 827 912 2488 828 919 2489 980 920 2490 854 914 2491 855 921 2492 954 922 2493 841 916 2494 842 923 2495 926 918 2496 829 924 2497 928 925 2498 982 926 2499 855 921 2500 856 927 2501 954 922 2502 843 928 2503 956 929 2504 928 925 2505 830 930 2506 930 931 2507 982 926 2508 857 932 2509 984 933 2510 956 929 2511 844 934 2512 958 935 2513 932 936 2514 830 930 2515 831 937 2516 925 911 2517 857 932 2518 826 923 2519 958 935 2520 845 938 2521 960 939 2522 934 940 2523 831 937 2524 832 941 2525 960 939 2526 846 942 2527 962 943 2528 936 944 2529 832 941 2530 833 945 2531 964 946 2532 846 942 2533 847 947 2534 938 840 2535 833 945 2536 834 948 2537 964 946 2538 848 949 2539 966 890 2540 924 950 2541 922 913 2542 923 825 2543 927 823 2544 922 913 2545 926 918 2546 927 823 2547 928 925 2548 929 831 2549 929 831 2550 930 931 2551 931 829 2552 931 829 2553 932 936 2554 933 832 2555 933 832 2556 934 940 2557 935 836 2558 937 839 2559 934 940 2560 936 944 2561 939 838 2562 936 944 2563 938 840 2564 939 838 2565 940 842 2566 941 822 2567 941 822 2568 942 894 2569 943 820 2570 943 820 2571 944 898 2572 945 844 2573 945 844 2574 946 902 2575 947 846 2576 949 848 2577 946 902 2578 948 906 2579 951 850 2580 948 906 2581 950 909 2582 951 850 2583 952 917 2584 953 852 2585 955 854 2586 952 917 2587 954 922 2588 955 854 2589 956 929 2590 957 858 2591 957 858 2592 958 935 2593 959 860 2594 959 860 2595 960 939 2596 961 862 2597 961 862 2598 962 943 2599 963 864 2600 965 867 2601 962 943 2602 964 946 2603 967 866 2604 964 946 2605 966 890 2606 967 866 2607 968 892 2608 969 868 2609 971 872 2610 968 892 2611 970 895 2612 971 872 2613 972 900 2614 973 875 2615 975 874 2616 972 900 2617 974 903 2618 977 876 2619 974 903 2620 976 908 2621 977 876 2622 978 915 2623 979 880 2624 981 882 2625 978 915 2626 980 920 2627 981 882 2628 982 926 2629 983 884 2630 985 826 2631 982 926 2632 984 933 2633 924 950 2634 984 933 2635 925 911 2636 923 825 2637 891 827 2638 924 950 2639 901 847 2640 877 951 2641 878 952 2642 915 873 2643 863 953 2644 864 954 2645 902 849 2646 876 955 2647 877 951 2648 916 877 2649 862 956 2650 863 953 2651 903 851 2652 875 957 2653 876 955 2654 891 827 2655 889 958 2656 888 885 2657 918 878 2658 862 956 2659 917 879 2660 904 853 2661 874 959 2662 875 957 2663 890 824 2664 887 960 2665 889 958 2666 919 881 2667 861 961 2668 918 878 2669 905 855 2670 873 887 2671 874 959 2672 892 888 2673 886 962 2674 887 960 2675 920 883 2676 860 963 2677 919 881 2678 907 856 2679 873 887 2680 906 857 2681 893 830 2682 885 964 2683 886 962 2684 921 828 2685 859 965 2686 920 883 2687 908 859 2688 872 966 2689 907 856 2690 894 833 2691 884 967 2692 885 964 2693 891 827 2694 858 968 2695 921 828 2696 909 861 2697 871 969 2698 908 859 2699 896 834 2700 884 967 2701 895 835 2702 910 863 2703 870 970 2704 909 861 2705 897 837 2706 883 971 2707 896 834 2708 911 865 2709 869 972 2710 910 863 2711 898 843 2712 882 973 2713 897 837 2714 912 869 2715 868 974 2716 911 865 2717 899 821 2718 881 886 2719 898 843 2720 912 869 2721 866 975 2722 867 976 2723 900 845 2724 880 977 2725 899 821 2726 914 870 2727 866 975 2728 913 871 2729 901 847 2730 879 978 2731 900 845 2732 987 979 2733 1001 980 2734 989 981 2735 991 982 2736 993 983 2737 990 984 2738 995 985 2739 992 986 2740 991 982 2741 997 987 2742 992 986 2743 996 988 2744 994 989 2745 991 982 2746 990 984 2747 994 989 2748 993 983 2749 997 987 2750 988 990 2751 995 985 2752 994 989 2753 987 979 2754 995 985 2755 986 991 2756 989 981 2757 996 988 2758 987 979 2759 988 990 2760 997 987 2761 989 981 2762 999 992 2763 1001 980 2764 1000 993 2765 988 990 2766 999 992 2767 986 991 2768 988 990 2769 1001 980 2770 998 994 2771 986 991 2772 1000 993 2773 987 979 2774 1005 995 2775 1016 996 2776 1017 997 2777 1007 998 2778 1009 999 2779 1006 1000 2780 1011 1001 2781 1008 1002 2782 1007 998 2783 1013 1003 2784 1008 1002 2785 1012 1004 2786 1010 1005 2787 1007 998 2788 1006 1000 2789 1010 1005 2790 1009 999 2791 1013 1003 2792 1004 1006 2793 1011 1001 2794 1010 1005 2795 1002 1007 2796 1012 1004 2797 1011 1001 2798 1003 1008 2799 1013 1003 2800 1012 1004 2801 1004 1006 2802 1013 1003 2803 1005 995 2804 1014 1009 2805 1016 996 2806 1015 1010 2807 1004 1006 2808 1015 1010 2809 1002 1007 2810 1005 995 2811 1014 1009 2812 1004 1006 2813 1003 1008 2814 1015 1010 2815 1016 996 2816 1019 1011 2817 1033 1012 2818 1021 1013 2819 1024 1014 2820 1022 1015 2821 1023 1016 2822 1027 1017 2823 1024 1014 2824 1023 1016 2825 1029 1018 2826 1024 1014 2827 1028 1019 2828 1027 1017 2829 1022 1015 2830 1026 1020 2831 1029 1018 2832 1022 1015 2833 1025 1021 2834 1018 1022 2835 1026 1020 2836 1020 1023 2837 1019 1011 2838 1027 1017 2839 1018 1022 2840 1019 1011 2841 1029 1018 2842 1028 1019 2843 1021 1013 2844 1026 1020 2845 1029 1018 2846 1031 1024 2847 1033 1012 2848 1032 1025 2849 1020 1023 2850 1031 1024 2851 1018 1022 2852 1020 1023 2853 1033 1012 2854 1030 1026 2855 1019 1011 2856 1031 1024 2857 1032 1025 2858 1035 1027 2859 1049 1028 2860 1037 1029 2861 1039 1030 2862 1041 1031 2863 1038 1032 2864 1043 1033 2865 1040 1034 2866 1039 1030 2867 1045 1035 2868 1040 1034 2869 1044 1036 2870 1042 1037 2871 1039 1030 2872 1038 1032 2873 1045 1035 2874 1038 1032 2875 1041 1031 2876 1034 1038 2877 1042 1037 2878 1036 1039 2879 1035 1027 2880 1043 1033 2881 1034 1038 2882 1035 1027 2883 1045 1035 2884 1044 1036 2885 1036 1039 2886 1045 1035 2887 1037 1029 2888 1047 1040 2889 1049 1028 2890 1048 1041 2891 1036 1039 2892 1047 1040 2893 1034 1038 2894 1037 1029 2895 1046 1042 2896 1036 1039 2897 1034 1038 2898 1048 1041 2899 1035 1027 2900 1053 1043 2901 1064 1044 2902 1065 1045 2903 1055 1046 2904 1057 1047 2905 1054 1048 2906 1060 1049 2907 1055 1046 2908 1059 1050 2909 1061 1051 2910 1056 1052 2911 1060 1049 2912 1058 1053 2913 1055 1046 2914 1054 1048 2915 1061 1051 2916 1054 1048 2917 1057 1047 2918 1052 1054 2919 1059 1050 2920 1058 1053 2921 1050 1055 2922 1060 1049 2923 1059 1050 2924 1053 1043 2925 1060 1049 2926 1051 1056 2927 1052 1054 2928 1061 1051 2929 1053 1043 2930 1062 1057 2931 1064 1044 2932 1063 1058 2933 1050 1055 2934 1062 1057 2935 1063 1058 2936 1053 1043 2937 1062 1057 2938 1052 1054 2939 1050 1055 2940 1064 1044 2941 1051 1056 2942 1067 1059 2943 1068 1060 2944 1066 1061 2945 1068 1060 2946 1071 1062 2947 1070 1063 2948 1071 1062 2949 1072 1064 2950 1070 1063 2951 1067 1059 2952 1073 1065 2953 1071 1062 2954 1073 1065 2955 1074 1066 2956 1072 1064 2957 1075 1067 2958 1066 1061 2959 1074 1066 2960 1068 1060 2961 1072 1064 2962 1074 1066 2963 943 820 5400 900 845 5401 899 821 5402 927 823 5403 892 888 5404 890 824 5405 985 826 5406 924 950 5407 891 827 5408 931 829 5409 894 833 5410 893 830 5411 933 832 5412 895 835 5413 894 833 5414 933 832 5415 935 836 5416 896 834 5417 935 836 5418 937 839 5419 897 837 5420 939 838 5421 898 843 5422 897 837 5423 938 840 5424 834 948 5425 835 841 5426 941 822 5427 899 821 5428 898 843 5429 945 844 5430 901 847 5431 900 845 5432 947 846 5433 902 849 5434 901 847 5435 949 848 5436 903 851 5437 902 849 5438 951 850 5439 904 853 5440 903 851 5441 953 852 5442 905 855 5443 904 853 5444 955 854 5445 906 857 5446 905 855 5447 955 854 5448 957 858 5449 907 856 5450 957 858 5451 959 860 5452 908 859 5453 959 860 5454 961 862 5455 909 861 5456 961 862 5457 963 864 5458 910 863 5459 963 864 5460 965 867 5461 911 865 5462 967 866 5463 912 869 5464 911 865 5465 969 868 5466 913 871 5467 912 869 5468 969 868 5469 971 872 5470 914 870 5471 971 872 5472 973 875 5473 915 873 5474 975 874 5475 916 877 5476 915 873 5477 977 876 5478 917 879 5479 916 877 5480 977 876 5481 979 880 5482 918 878 5483 979 880 5484 981 882 5485 919 881 5486 981 882 5487 983 884 5488 920 883 5489 983 884 5490 985 826 5491 921 828 5492 888 885 5493 889 958 5494 885 964 5495 889 958 5496 887 960 5497 885 964 5498 887 960 5499 886 962 5500 885 964 5501 885 964 5502 884 967 5503 883 971 5504 883 971 5505 882 973 5506 885 964 5507 882 973 5508 881 886 5509 885 964 5510 881 886 5511 880 977 5512 877 951 5513 880 977 5514 879 978 5515 877 951 5516 879 978 5517 878 952 5518 877 951 5519 877 951 5520 876 955 5521 875 957 5522 875 957 5523 874 959 5524 877 951 5525 874 959 5526 873 887 5527 877 951 5528 873 887 5529 872 966 5530 869 972 5531 872 966 5532 871 969 5533 869 972 5534 871 969 5535 870 970 5536 869 972 5537 869 972 5538 868 974 5539 867 976 5540 867 976 5541 866 975 5542 869 972 5543 866 975 5544 865 889 5545 869 972 5546 865 889 5547 864 954 5548 861 961 5549 864 954 5550 863 953 5551 861 961 5552 863 953 5553 862 956 5554 861 961 5555 861 961 5556 860 963 5557 859 965 5558 859 965 5559 858 968 5560 861 961 5561 858 968 5562 888 885 5563 861 961 5564 888 885 5565 885 964 5566 881 886 5567 881 886 5568 877 951 5569 873 887 5570 873 887 5571 869 972 5572 865 889 5573 865 889 5574 861 961 5575 873 887 5576 861 961 5577 888 885 5578 873 887 5579 929 831 5580 893 830 5581 892 888 5582 915 873 5583 864 954 5584 865 889 5585 966 890 5586 848 949 5587 849 891 5588 940 842 5589 835 841 5590 836 893 5591 970 895 5592 968 892 5593 849 891 5594 942 894 5595 836 893 5596 837 897 5597 970 895 5598 850 896 5599 851 899 5600 944 898 5601 837 897 5602 838 901 5603 974 903 5604 972 900 5605 851 899 5606 946 902 5607 838 901 5608 839 905 5609 974 903 5610 852 904 5611 853 907 5612 950 909 5613 948 906 5614 839 905 5615 925 911 5616 826 923 5617 827 912 5618 976 908 5619 853 907 5620 854 914 5621 950 909 5622 840 910 5623 841 916 5624 926 918 5625 922 913 5626 827 912 5627 980 920 5628 978 915 5629 854 914 5630 954 922 5631 952 917 5632 841 916 5633 926 918 5634 828 919 5635 829 924 5636 982 926 5637 980 920 5638 855 921 5639 954 922 5640 842 923 5641 843 928 5642 928 925 5643 829 924 5644 830 930 5645 982 926 5646 856 927 5647 857 932 5648 956 929 5649 843 928 5650 844 934 5651 932 936 5652 930 931 5653 830 930 5654 925 911 5655 984 933 5656 857 932 5657 958 935 5658 844 934 5659 845 938 5660 934 940 5661 932 936 5662 831 937 5663 960 939 5664 845 938 5665 846 942 5666 936 944 5667 934 940 5668 832 941 5669 964 946 5670 962 943 5671 846 942 5672 938 840 5673 936 944 5674 833 945 5675 964 946 5676 847 947 5677 848 949 5678 924 950 5679 925 911 5680 922 913 5681 927 823 5682 923 825 5683 922 913 5684 927 823 5685 926 918 5686 928 925 5687 929 831 5688 928 925 5689 930 931 5690 931 829 5691 930 931 5692 932 936 5693 933 832 5694 932 936 5695 934 940 5696 937 839 5697 935 836 5698 934 940 5699 939 838 5700 937 839 5701 936 944 5702 939 838 5703 938 840 5704 940 842 5705 941 822 5706 940 842 5707 942 894 5708 943 820 5709 942 894 5710 944 898 5711 945 844 5712 944 898 5713 946 902 5714 949 848 5715 947 846 5716 946 902 5717 951 850 5718 949 848 5719 948 906 5720 951 850 5721 950 909 5722 952 917 5723 955 854 5724 953 852 5725 952 917 5726 955 854 5727 954 922 5728 956 929 5729 957 858 5730 956 929 5731 958 935 5732 959 860 5733 958 935 5734 960 939 5735 961 862 5736 960 939 5737 962 943 5738 965 867 5739 963 864 5740 962 943 5741 967 866 5742 965 867 5743 964 946 5744 967 866 5745 966 890 5746 968 892 5747 971 872 5748 969 868 5749 968 892 5750 971 872 5751 970 895 5752 972 900 5753 975 874 5754 973 875 5755 972 900 5756 977 876 5757 975 874 5758 974 903 5759 977 876 5760 976 908 5761 978 915 5762 981 882 5763 979 880 5764 978 915 5765 981 882 5766 980 920 5767 982 926 5768 985 826 5769 983 884 5770 982 926 5771 924 950 5772 985 826 5773 984 933 5774 923 825 5775 890 824 5776 891 827 5777 901 847 5778 902 849 5779 877 951 5780 915 873 5781 916 877 5782 863 953 5783 902 849 5784 903 851 5785 876 955 5786 916 877 5787 917 879 5788 862 956 5789 903 851 5790 904 853 5791 875 957 5792 891 827 5793 890 824 5794 889 958 5795 918 878 5796 861 961 5797 862 956 5798 904 853 5799 905 855 5800 874 959 5801 890 824 5802 892 888 5803 887 960 5804 919 881 5805 860 963 5806 861 961 5807 905 855 5808 906 857 5809 873 887 5810 892 888 5811 893 830 5812 886 962 5813 920 883 5814 859 965 5815 860 963 5816 907 856 5817 872 966 5818 873 887 5819 893 830 5820 894 833 5821 885 964 5822 921 828 5823 858 968 5824 859 965 5825 908 859 5826 871 969 5827 872 966 5828 894 833 5829 895 835 5830 884 967 5831 891 827 5832 888 885 5833 858 968 5834 909 861 5835 870 970 5836 871 969 5837 896 834 5838 883 971 5839 884 967 5840 910 863 5841 869 972 5842 870 970 5843 897 837 5844 882 973 5845 883 971 5846 911 865 5847 868 974 5848 869 972 5849 898 843 5850 881 886 5851 882 973 5852 912 869 5853 867 976 5854 868 974 5855 899 821 5856 880 977 5857 881 886 5858 912 869 5859 913 871 5860 866 975 5861 900 845 5862 879 978 5863 880 977 5864 914 870 5865 865 889 5866 866 975 5867 901 847 5868 878 952 5869 879 978 5870 987 979 5871 1000 993 5872 1001 980 5873 991 982 5874 992 986 5875 993 983 5876 995 985 5877 996 988 5878 992 986 5879 997 987 5880 993 983 5881 992 986 5882 994 989 5883 995 985 5884 991 982 5885 994 989 5886 990 984 5887 993 983 5888 988 990 5889 986 991 5890 995 985 5891 987 979 5892 996 988 5893 995 985 5894 989 981 5895 997 987 5896 996 988 5897 988 990 5898 994 989 5899 997 987 5900 999 992 5901 998 994 5902 1001 980 5903 988 990 5904 998 994 5905 999 992 5906 988 990 5907 989 981 5908 1001 980 5909 986 991 5910 999 992 5911 1000 993 5912 1005 995 5913 1003 1008 5914 1016 996 5915 1007 998 5916 1008 1002 5917 1009 999 5918 1011 1001 5919 1012 1004 5920 1008 1002 5921 1013 1003 5922 1009 999 5923 1008 1002 5924 1010 1005 5925 1011 1001 5926 1007 998 5927 1010 1005 5928 1006 1000 5929 1009 999 5930 1004 1006 5931 1002 1007 5932 1011 1001 5933 1002 1007 5934 1003 1008 5935 1012 1004 5936 1003 1008 5937 1005 995 5938 1013 1003 5939 1004 1006 5940 1010 1005 5941 1013 1003 5942 1014 1009 5943 1017 997 5944 1016 996 5945 1004 1006 5946 1014 1009 5947 1015 1010 5948 1005 995 5949 1017 997 5950 1014 1009 5951 1003 1008 5952 1002 1007 5953 1015 1010 5954 1019 1011 5955 1032 1025 5956 1033 1012 5957 1024 1014 5958 1025 1021 5959 1022 1015 5960 1027 1017 5961 1028 1019 5962 1024 1014 5963 1029 1018 5964 1025 1021 5965 1024 1014 5966 1027 1017 5967 1023 1016 5968 1022 1015 5969 1029 1018 5970 1026 1020 5971 1022 1015 5972 1018 1022 5973 1027 1017 5974 1026 1020 5975 1019 1011 5976 1028 1019 5977 1027 1017 5978 1019 1011 5979 1021 1013 5980 1029 1018 5981 1021 1013 5982 1020 1023 5983 1026 1020 5984 1031 1024 5985 1030 1026 5986 1033 1012 5987 1020 1023 5988 1030 1026 5989 1031 1024 5990 1020 1023 5991 1021 1013 5992 1033 1012 5993 1019 1011 5994 1018 1022 5995 1031 1024 5996 1035 1027 5997 1048 1041 5998 1049 1028 5999 1039 1030 6000 1040 1034 6001 1041 1031 6002 1043 1033 6003 1044 1036 6004 1040 1034 6005 1045 1035 6006 1041 1031 6007 1040 1034 6008 1042 1037 6009 1043 1033 6010 1039 1030 6011 1045 1035 6012 1042 1037 6013 1038 1032 6014 1034 1038 6015 1043 1033 6016 1042 1037 6017 1035 1027 6018 1044 1036 6019 1043 1033 6020 1035 1027 6021 1037 1029 6022 1045 1035 6023 1036 1039 6024 1042 1037 6025 1045 1035 6026 1047 1040 6027 1046 1042 6028 1049 1028 6029 1036 1039 6030 1046 1042 6031 1047 1040 6032 1037 1029 6033 1049 1028 6034 1046 1042 6035 1034 1038 6036 1047 1040 6037 1048 1041 6038 1053 1043 6039 1051 1056 6040 1064 1044 6041 1055 1046 6042 1056 1052 6043 1057 1047 6044 1060 1049 6045 1056 1052 6046 1055 1046 6047 1061 1051 6048 1057 1047 6049 1056 1052 6050 1058 1053 6051 1059 1050 6052 1055 1046 6053 1061 1051 6054 1058 1053 6055 1054 1048 6056 1052 1054 6057 1050 1055 6058 1059 1050 6059 1050 1055 6060 1051 1056 6061 1060 1049 6062 1053 1043 6063 1061 1051 6064 1060 1049 6065 1052 1054 6066 1058 1053 6067 1061 1051 6068 1062 1057 6069 1065 1045 6070 1064 1044 6071 1050 1055 6072 1052 1054 6073 1062 1057 6074 1053 1043 6075 1065 1045 6076 1062 1057 6077 1050 1055 6078 1063 1058 6079 1064 1044 6080 1067 1059 6081 1069 1068 6082 1068 1060 6083 1068 1060 6084 1069 1068 6085 1071 1062 6086 1071 1062 6087 1073 1065 6088 1072 1064 6089 1071 1062 6090 1069 1068 6091 1067 1059 6092 1067 1059 6093 1075 1067 6094 1073 1065 6095 1073 1065 6096 1075 1067 6097 1074 1066 6098 1075 1067 6099 1067 1059 6100 1066 1061 6101 1074 1066 6102 1066 1061 6103 1068 1060 6104 1068 1060 6105 1070 1063 6106 1072 1064 6107</p>
        </triangles>
      </mesh>
    </geometry>
  </library_geometries>
  <library_visual_scenes>
    <visual_scene id="Scene" name="Scene">
      <node id="tmp_export_Circle_006" name="tmp_export_Circle.006" type="NODE">
        <matrix sid="transform">1 0 0 0 0 1 0 0 0 0 1 0 0 0 0 1</matrix>
        <instance_geometry url="#Circle_006-mesh" name="tmp_export_Circle.006">
          <bind_material>
            <technique_common>
              <instance_material symbol="Llanta_mat_003-material" target="#Llanta_mat_003-material">
                <bind_vertex_input semantic="UVMap" input_semantic="TEXCOORD" input_set="0"/>
              </instance_material>
              <instance_material symbol="Rueda_mat_002-material" target="#Rueda_mat_002-material">
                <bind_vertex_input semantic="UVMap" input_semantic="TEXCOORD" input_set="0"/>
              </instance_material>
              <instance_material symbol="Llanta_Mat_002-material" target="#Llanta_Mat_002-material">
                <bind_vertex_input semantic="UVMap" input_semantic="TEXCOORD" input_set="0"/>
              </instance_material>
            </technique_common>
          </bind_material>
        </instance_geometry>
      </node>
    </visual_scene>
  </library_visual_scenes>
  <scene>
    <instance_visual_scene url="#Scene"/>
  </scene>
</COLLADA>